team,season,division,name,jersey,position,height,major,hometown,high_school,previous_school,url,class,ncaa_id
American,2025,,Jordan Reicher,1,,,,,,,https://aueagles.com/sports/field-hockey/roster/jordan-reicher/7003,,23
American,2025,,Jill DuVarney,2,,,,,,,https://aueagles.com/sports/field-hockey/roster/jill-duvarney/7009,,23
American,2025,,Skylar Duffy,3,,,,,,,https://aueagles.com/sports/field-hockey/roster/skylar-duffy/6995,,23
American,2025,,Sophie Willemse,4,,,,,,,https://aueagles.com/sports/field-hockey/roster/sophie-willemse/7007,,23
American,2025,,Kaleigh Missimer,5,,,,,,,https://aueagles.com/sports/field-hockey/roster/kaleigh-missimer/7001,,23
American,2025,,Sarah Steinman,6,,,,,,,https://aueagles.com/sports/field-hockey/roster/sarah-steinman/7005,,23
American,2025,,Elle Ridge,7,,,,,,,https://aueagles.com/sports/field-hockey/roster/elle-ridge/7004,,23
American,2025,,Alyssa Freeman,8,,,,,,,https://aueagles.com/sports/field-hockey/roster/alyssa-freeman/6996,,23
American,2025,,Ashley Huddleston,9,,,,,,,https://aueagles.com/sports/field-hockey/roster/ashley-huddleston/7000,,23
American,2025,,Agustina Roffo,11,,,,,,,https://aueagles.com/sports/field-hockey/roster/agustina-roffo/7016,,23
American,2025,,Kylie Briggs,12,,,,,,,https://aueagles.com/sports/field-hockey/roster/kylie-briggs/6994,,23
American,2025,,Riley Clouse,13,,,,,,,https://aueagles.com/sports/field-hockey/roster/riley-clouse/7015,,23
American,2025,,Kendall Varty,14,,,,,,,https://aueagles.com/sports/field-hockey/roster/kendall-varty/7006,,23
American,2025,,Sydney Huddleston,15,,,,,,,https://aueagles.com/sports/field-hockey/roster/sydney-huddleston/7010,,23
American,2025,,Ninthe Botman,16,,,,,,,https://aueagles.com/sports/field-hockey/roster/ninthe-botman/7017,,23
American,2025,,Emilia Winkler,17,,,,,,,https://aueagles.com/sports/field-hockey/roster/emilia-winkler/7008,,23
American,2025,,Maura Read,18,,,,,,,https://aueagles.com/sports/field-hockey/roster/maura-read/7011,,23
American,2025,,Maddy Snyder,19,,,,,,,https://aueagles.com/sports/field-hockey/roster/maddy-snyder/7012,,23
American,2025,,Olivia Morraye,20,,,,,,,https://aueagles.com/sports/field-hockey/roster/olivia-morraye/7002,,23
American,2025,,Lotti Süme,21,,,,,,,https://aueagles.com/sports/field-hockey/roster/lottis-me/7013,,23
American,2025,,Mia Edwards,22,,,,,,,https://aueagles.com/sports/field-hockey/roster/mia-edwards/7074,,23
American,2025,,Emma Guydish,26,,,,,,,https://aueagles.com/sports/field-hockey/roster/emma-guydish/6999,,23
American,2025,,Pauline Gineste,77,,,,,,,https://aueagles.com/sports/field-hockey/roster/pauline-gineste/6998,,23
American,2025,,Teagan Harmon,99,,,,,,,https://aueagles.com/sports/field-hockey/roster/teagan-harmon/7014,,23
App State,2025,,Bridget Donovan,1,,,,,,,https://appstatesports.com/sports/field-hockey/roster/bridget-donovan/10042,,27
App State,2025,,Emma Livingston,2,,,,,,,https://appstatesports.com/sports/field-hockey/roster/emma-livingston/10500,,27
App State,2025,,Darby Reyburn,3,,,,,,,https://appstatesports.com/sports/field-hockey/roster/darby-reyburn/10053,,27
App State,2025,,Baylie Phillips,4,,,,,,,https://appstatesports.com/sports/field-hockey/roster/baylie-phillips/10052,,27
App State,2025,,Kate Richardson,5,,,,,,,https://appstatesports.com/sports/field-hockey/roster/kate-richardson/10054,,27
App State,2025,,Sarah Callery,7,,,,,,,https://appstatesports.com/sports/field-hockey/roster/sarah-callery/10038,,27
App State,2025,,Frederique Grimbergen,8,,,,,,,https://appstatesports.com/sports/field-hockey/roster/frederique-grimbergen/10045,,27
App State,2025,,Ellie DeHart,9,,,,,,,https://appstatesports.com/sports/field-hockey/roster/ellie-dehart/10501,,27
App State,2025,,Sarah Perkins,10,,,,,,,https://appstatesports.com/sports/field-hockey/roster/sarah-perkins/10051,,27
App State,2025,,Henriette Stegen,11,,,,,,,https://appstatesports.com/sports/field-hockey/roster/henriette-stegen/10055,,27
App State,2025,,Carlotta Fabian,12,,,,,,,https://appstatesports.com/sports/field-hockey/roster/carlotta-fabian/10497,,27
App State,2025,,Kassie Paul,16,,,,,,,https://appstatesports.com/sports/field-hockey/roster/kassie-paul/10050,,27
App State,2025,,Zoey Emrick,17,,,,,,,https://appstatesports.com/sports/field-hockey/roster/zoey-emrick/10499,,27
App State,2025,,Samantha Connors,20,,,,,,,https://appstatesports.com/sports/field-hockey/roster/samantha-connors/10040,,27
App State,2025,,Hadley Kuzmicky,22,,,,,,,https://appstatesports.com/sports/field-hockey/roster/hadley-kuzmicky/10048,,27
App State,2025,,Sophia Baxter,24,,,,,,,https://appstatesports.com/sports/field-hockey/roster/sophia-baxter/10035,,27
App State,2025,,Lise Boekaar,33,,,,,,,https://appstatesports.com/sports/field-hockey/roster/lise-boekaar/10036,,27
App State,2025,,Calista Schwartz,34,,,,,,,https://appstatesports.com/sports/field-hockey/roster/calista-schwartz/10498,,27
App State,2025,,Claire Grenis,44,,,,,,,https://appstatesports.com/sports/field-hockey/roster/claire-grenis/10044,,27
App State,2025,,Dakota Anderson,77,,,,,,,https://appstatesports.com/sports/field-hockey/roster/dakota-anderson/10034,,27
App State,2025,,Grace Bramble,99,,,,,,,https://appstatesports.com/sports/field-hockey/roster/grace-bramble/10502,,27
Ball St.,2025,,Maddie Summitt,2,F,,,"Washington, NJ",,Warren Hills Regional,https://ballstatesports.com/sports/field-hockey/roster/maddie-summitt/12972,Senior,47
Ball St.,2025,,Riley Hannick,3,F,,,"Huntington, NY",,Harborfields High School,https://ballstatesports.com/sports/field-hockey/roster/riley-hannick/12980,Freshman,47
Ball St.,2025,,Emily Kate Covert,4,F,,,"Dexter, Mich.",,Dexter,https://ballstatesports.com/sports/field-hockey/roster/emily-kate-covert/13504,Sophomore,47
Ball St.,2025,,Jade Vandevoorde,5,F,,,Belgium,,,https://ballstatesports.com/sports/field-hockey/roster/jade-vandevoorde/13517,Freshman,47
Ball St.,2025,,Caroline Massey,6,F,,,"Louisville, Ky.",,Ballard,https://ballstatesports.com/sports/field-hockey/roster/caroline-massey/13512,Sophomore,47
Ball St.,2025,,Emma van Hal,7,M,,,"Wageningen, Netherlands",,Pantarijn,https://ballstatesports.com/sports/field-hockey/roster/emma-van-hal/12973,Senior,47
Ball St.,2025,,Grace Clokie,8,M,,,"Vancouver, Canada",,West Vancouver Secondary School,https://ballstatesports.com/sports/field-hockey/roster/grace-clokie/12960,Senior,47
Ball St.,2025,,Caity McGough,9,M,,,"Millersville, Pa.",,Penn Manor,https://ballstatesports.com/sports/field-hockey/roster/caity-mcgough/13513,Junior,47
Ball St.,2025,,Emalene Harter,10,M,,,"Richmond, Va.",,St. Catherine's School,https://ballstatesports.com/sports/field-hockey/roster/emalene-harter/13507,Sophomore,47
Ball St.,2025,,Julia Verratti,11,F,,,"Williamstown, N.J.",,Williamstown,https://ballstatesports.com/sports/field-hockey/roster/julia-verratti/13518,Junior,47
Ball St.,2025,,Lauren Lewis,13,M,,,"Hull, England",,Hymers College,https://ballstatesports.com/sports/field-hockey/roster/lauren-lewis/13511,Sophomore,47
Ball St.,2025,,Lois van Wijk,14,D,,,"Naarden, Netherlands",,,https://ballstatesports.com/sports/field-hockey/roster/lois-van-wijk/13516,Freshman,47
Ball St.,2025,,Reagan Kunkle,15,M,,,"York, Pa.",,West York Area,https://ballstatesports.com/sports/field-hockey/roster/reagan-kunkle/12965,Junior,47
Ball St.,2025,,Ellie Francois,16,D,,,"Kirkwood, Mo.",,Kirkwood,https://ballstatesports.com/sports/field-hockey/roster/ellie-francois/13505,Junior,47
Ball St.,2025,,Chidochashe Munyonga,17,F,,,"Harare, Zimbabwe",,,https://ballstatesports.com/sports/field-hockey/roster/chidochashe-munyonga/13514,Freshman,47
Ball St.,2025,,Jessica Rochat,18,D,,,"Durban, South Africa",,St Johns DSG,https://ballstatesports.com/sports/field-hockey/roster/jessica-rochat/12979,Senior,47
Ball St.,2025,,Jemimah Kriechelberg,19,F,,,"Houthalen-Helchgeren, Belgium",,,https://ballstatesports.com/sports/field-hockey/roster/jemimah-kriechelberg/13510,Junior,47
Ball St.,2025,,Braiden Scheffler,20,M,,,"Chelsea, Mich.",,Chelsea High School,https://ballstatesports.com/sports/field-hockey/roster/braiden-scheffler/13515,Freshman,47
Ball St.,2025,,Christine Ditizio,26,F,,,"West Chester, PA",,West Chester Bayard Rustin,https://ballstatesports.com/sports/field-hockey/roster/christine-ditizio/12961,Senior,47
Ball St.,2025,,Cali Hyman,44,GK,,,"Chesapeake, Va.",,Grassfield High School,https://ballstatesports.com/sports/field-hockey/roster/cali-hyman/13509,Freshman,47
Ball St.,2025,,Carleigh Hofelich,75,GK,,,"Louisville, Ky.",,Assumption,https://ballstatesports.com/sports/field-hockey/roster/carleigh-hofelich/13508,Junior,47
Bellarmine,2025,,Mia Booth,1,,,,,,,https://athletics.bellarmine.edu/sports/field-hockey/roster/mia-booth/9462,,52
Bellarmine,2025,,Reilly Casey,2,,,,,,,https://athletics.bellarmine.edu/sports/field-hockey/roster/reilly-casey/9465,,52
Bellarmine,2025,,Maria Bonwell,3,,,,,,,https://athletics.bellarmine.edu/sports/field-hockey/roster/maria-bonwell/9461,,52
Bellarmine,2025,,Brooke Buchanan,4,,,,,,,https://athletics.bellarmine.edu/sports/field-hockey/roster/brooke-buchanan/9463,,52
Bellarmine,2025,,Anouk Richters,5,,,,,,,https://athletics.bellarmine.edu/sports/field-hockey/roster/anouk-richters/9473,,52
Bellarmine,2025,,Annie McCarthy,6,,,,,,,https://athletics.bellarmine.edu/sports/field-hockey/roster/annie-mccarthy/9731,,52
Bellarmine,2025,,Dominique Hudson,7,,,,,,,https://athletics.bellarmine.edu/sports/field-hockey/roster/dominique-hudson/9471,,52
Bellarmine,2025,,Addyson Hough,9,,,,,,,https://athletics.bellarmine.edu/sports/field-hockey/roster/addyson-hough/9739,,52
Bellarmine,2025,,Lilli Vera,10,,,,,,,https://athletics.bellarmine.edu/sports/field-hockey/roster/lilli-vera/9737,,52
Bellarmine,2025,,Eve Gladys,11,,,,,,,https://athletics.bellarmine.edu/sports/field-hockey/roster/eve-gladys/9469,,52
Bellarmine,2025,,Mira Alcorn,12,,,,,,,https://athletics.bellarmine.edu/sports/field-hockey/roster/mira-alcorn/9735,,52
Bellarmine,2025,,Madison Patton,15,,,,,,,https://athletics.bellarmine.edu/sports/field-hockey/roster/madison-patton/9732,,52
Bellarmine,2025,,Chloe James,16,,,,,,,https://athletics.bellarmine.edu/sports/field-hockey/roster/chloe-james/9736,,52
Bellarmine,2025,,Amber Lacy,17,,,,,,,https://athletics.bellarmine.edu/sports/field-hockey/roster/amber-lacy/9733,,52
Bellarmine,2025,,Luna Tuncay,18,,,,,,,https://athletics.bellarmine.edu/sports/field-hockey/roster/luna-tuncay/9475,,52
Bellarmine,2025,,Olivia Pifer,19,,,,,,,https://athletics.bellarmine.edu/sports/field-hockey/roster/olivia-pifer/9738,,52
Bellarmine,2025,,Cami Paris,21,,,,,,,https://athletics.bellarmine.edu/sports/field-hockey/roster/cami-paris/9734,,52
Bellarmine,2025,,Annie Malloy,22,,,,,,,https://athletics.bellarmine.edu/sports/field-hockey/roster/annie-malloy/9472,,52
Bellarmine,2025,,Skylar Sokal,24,,,,,,,https://athletics.bellarmine.edu/sports/field-hockey/roster/skylar-sokal/9474,,52
Bellarmine,2025,,Emily Williams,25,,,,,,,https://athletics.bellarmine.edu/sports/field-hockey/roster/emily-williams/9729,,52
Bellarmine,2025,,Alicia Hudson,27,,,,,,,https://athletics.bellarmine.edu/sports/field-hockey/roster/alicia-hudson/9470,,52
Bellarmine,2025,,Ella Bonnell,37,,,,,,,https://athletics.bellarmine.edu/sports/field-hockey/roster/ella-bonnell/9730,,52
Bellarmine,2025,,Megan Clauser,95,,,,,,,https://athletics.bellarmine.edu/sports/field-hockey/roster/megan-clauser/9467,,52
Bellarmine,2025,,Kailey Workman,99,,,,,,,https://athletics.bellarmine.edu/sports/field-hockey/roster/kailey-workman/9476,,52
Bellarmine,2025,,Luiza Bonardi,,,,,,,,https://athletics.bellarmine.edu/sports/field-hockey/roster/luiza-bonardi/9843,,52
Boston College,2025,,Sophia Sisco,1,M,5' 2'',,"Fairfield, N.J.",,West Essex Regional High School,https://bceagles.com/sports/field-hockey/roster/sophia-sisco/27004,Freshman,67
Boston College,2025,,Klara Mueffelmann,2,F,5' 6'',,"Greenwich, Conn.",,Greenwich High School,https://bceagles.com/sports/field-hockey/roster/klara-mueffelmann/27032,Junior,67
Boston College,2025,,Alex De Cain,3,M,5' 6'',,"Brynn Mawr, Pa.",,Radnor High School,https://bceagles.com/sports/field-hockey/roster/alex-de-cain/27026,Freshman,67
Boston College,2025,,Laila Rosenquest,4,M,5' 3'',,"Carmel, N.Y.",,Carmel High School,https://bceagles.com/sports/field-hockey/roster/laila-rosenquest/27019,Junior,67
Boston College,2025,,Martina Giacchino,5,M,5' 5'',,"Villa Carlos Paz, Córdoba, Argentina",,Institute of Secondary and Higher Education (Argentina),https://bceagles.com/sports/field-hockey/roster/martina-giacchino/25817,Senior,67
Boston College,2025,,Madeline Leigh,6,D,5' 9'',,"Auckland, New Zealand",,Saint Kentigern College,https://bceagles.com/sports/field-hockey/roster/madeline-leigh/27030,Junior,67
Boston College,2025,,Melea Weber,7,F,5' 6'',,"Macungie, Pa.",,Emmaus,https://bceagles.com/sports/field-hockey/roster/melea-weber/27023,Sophomore,67
Boston College,2025,,Maisy Ricciardelli,8,M,5' 7'',,"New Canaan, Conn.",,The Taft School,https://bceagles.com/sports/field-hockey/roster/maisy-ricciardelli/27001,Sophomore,67
Boston College,2025,,Caroline Chisholm,9,F,5' 7'',,"Villanova, Pa.",,Agnes Irwin High School,https://bceagles.com/sports/field-hockey/roster/caroline-chisholm/27008,Freshman,67
Boston College,2025,,Lilly Pergola,10,D,5' 8'',,"Norfolk, Mass.",,Newton Country Day School,https://bceagles.com/sports/field-hockey/roster/lilly-pergola/27016,Freshman,67
Boston College,2025,,Kate Bock,11,F,5' 5'',,"Darien, Conn.",,Darien High School,https://bceagles.com/sports/field-hockey/roster/kate-bock/27024,Freshman,67
Boston College,2025,,Mia Garber,12,F,5' 5'',,"Downingtown, Pa.",,Episcopal Academy,https://bceagles.com/sports/field-hockey/roster/mia-garber/25816,Senior,67
Boston College,2025,,Maeve Seeger,15,M,5' 5'',,"Bryn Mawr, Pa.",,Academy of Notre Dame de Namur,https://bceagles.com/sports/field-hockey/roster/maeve-seeger/27037,Sophomore,67
Boston College,2025,,Madelieve Drion,16,F,5' 7'',,"Amstelveen, Netherlands",,Keizer Karel College,https://bceagles.com/sports/field-hockey/roster/madelieve-drion/26993,Junior,67
Boston College,2025,,Ava Meehan,18,F,5' 2'',,"Norfolk, Mass.",,Bishop Feehan,https://bceagles.com/sports/field-hockey/roster/ava-meehan/26997,Sophomore,67
Boston College,2025,,Sienna Klein,21,F,5' 6'',,"Baltimore, Md.",,Notre Dame Prep,https://bceagles.com/sports/field-hockey/roster/sienna-klein/25818,Sophomore,67
Boston College,2025,,Caroline Powell,22,D,5' 5'',,"Phoenixville, Pa.",,Episcopal Academy,https://bceagles.com/sports/field-hockey/roster/caroline-powell/27034,Freshman,67
Boston College,2025,,Eva Kluskens,23,M,5' 6'',,"Nederweert, Limburg",,Het College (Netherlands),https://bceagles.com/sports/field-hockey/roster/eva-kluskens/25819,Senior,67
Boston College,2025,,Kike Van der Veen,25,D,5' 10'',,"Zwolle, Netherlands",,Gymnasium Celeanum Zwolle,https://bceagles.com/sports/field-hockey/roster/kike-van-der-veen/25835,Freshman,67
Boston College,2025,,Carine Van Wiechen,26,GK,5' 6'',,"Rotterdam, Netherlands",,"Rotterdam, the Netherlands",https://bceagles.com/sports/field-hockey/roster/carine-van-wiechen/25826,Senior,67
Boston College,2025,,Charlotte Kramer,33,GK,5' 7'',,"Severna Park, Md",,Severna Park,https://bceagles.com/sports/field-hockey/roster/charlotte-kramer/27012,Junior,67
Boston U.,2025,,Maddie Hudson,1,M,5' 7'',,"Palmyra, Pa.",,Palmyra Area,https://goterriers.com/sports/field-hockey/roster/maddie-hudson/27375,Senior,68
Boston U.,2025,,Mallory Hudson,2,M,5' 7'',,"Palmyra, Pa.",,Palmyra Area,https://goterriers.com/sports/field-hockey/roster/mallory-hudson/27376,Freshman,68
Boston U.,2025,,Bella Bergner,3,M,5' 3'',,"Louisville, Ky.",,Assumption,https://goterriers.com/sports/field-hockey/roster/bella-bergner/27369,Junior,68
Boston U.,2025,,Olivia Hammer,4,F,5' 4'',,"Newcastle, N.H.",,The Governor's Academy,https://goterriers.com/sports/field-hockey/roster/olivia-hammer/27374,Junior,68
Boston U.,2025,,Megan Wetzel,5,M,5' 5'',,"Houston, Texas",,St. John's School,https://goterriers.com/sports/field-hockey/roster/megan-wetzel/26517,Senior,68
Boston U.,2025,,Nicole Lauro,6,M,5' 4'',,"Buenos Aires, Argentina",,Escuela Normal Superior en Lenguas Vivas,https://goterriers.com/sports/field-hockey/roster/nicole-lauro/27379,Junior,68
Boston U.,2025,,Lucy Johnson,7,F,5' 5'',,"Portland, Maine",,Cheverus,https://goterriers.com/sports/field-hockey/roster/lucy-johnson/27378,Freshman,68
Boston U.,2025,,Celia Nocivelli,8,D,5' 4'',,"Marshfield, Mass.",,The Governor's Academy,https://goterriers.com/sports/field-hockey/roster/celia-nocivelli/26512,Senior,68
Boston U.,2025,,Natalie Epperson,9,F,5' 5'',,"Mequon, Wis.",,University School of Milwaukee,https://goterriers.com/sports/field-hockey/roster/natalie-epperson/26504,Senior,68
Boston U.,2025,,Shea Freda,10,D,5' 7'',,"Lexington, Mass.",,Phillips Academy Andover,https://goterriers.com/sports/field-hockey/roster/shea-freda/27373,Sophomore,68
Boston U.,2025,,Amalia Preece,11,M,5' 4'',,"Santiago, Chile",,Santiago College,https://goterriers.com/sports/field-hockey/roster/amalia-preece/26515,Senior,68
Boston U.,2025,,Kaitlyn Williams,13,F,5' 2'',,"Hillsborough, N.J.",,Hillsborough,https://goterriers.com/sports/field-hockey/roster/kaitlyn-williams/26518,Sophomore,68
Boston U.,2025,,Maggie Driscoll,14,M,5' 5'',,"Watertown, Mass.",,Watertown,https://goterriers.com/sports/field-hockey/roster/maggie-driscoll/27371,Junior,68
Boston U.,2025,,Molly Driscoll,15,F,5' 4'',,"Watertown, Mass.",,Watertown,https://goterriers.com/sports/field-hockey/roster/molly-driscoll/27372,Freshman,68
Boston U.,2025,,Bella Cloutier,16,F,5' 6'',,"South Portland, Maine",,Northfield Mount Hermon,https://goterriers.com/sports/field-hockey/roster/bella-cloutier/27370,Junior,68
Boston U.,2025,,Delfi Coulo,17,F,5' 1'',,"Buenos Aires, Argentina",,St. Mark's School,https://goterriers.com/sports/field-hockey/roster/delfi-coulo/26587,Freshman,68
Boston U.,2025,,Caitlin Wong,18,M,5' 3'',,"Auckland, New Zealand",,St. Cuthbert's College,https://goterriers.com/sports/field-hockey/roster/caitlin-wong/26519,Sophomore,68
Boston U.,2025,,Martu Coulo,19,M,5' 4'',,"Buenos Aires, Argentina",,All Saints School,https://goterriers.com/sports/field-hockey/roster/martu-coulo/26502,Senior,68
Boston U.,2025,,Caroline O'Brien,20,F,5' 6'',,"Devon, Pa.",,Villa Maria Academy,https://goterriers.com/sports/field-hockey/roster/caroline-obrien/27380,Senior,68
Boston U.,2025,,Alex Purcell,22,D,5' 5'',,"Dublin, Ireland",,Holy Child School Killiney,https://goterriers.com/sports/field-hockey/roster/alex-purcell/27382,Junior,68
Boston U.,2025,,Rachel Turer,24,D,5' 5'',,"South Windsor, Conn.",,The Taft School,https://goterriers.com/sports/field-hockey/roster/rachel-turer/27383,Freshman,68
Boston U.,2025,,Lily Johnson,26,D,5' 7'',,"Portland, Maine",,Cheverus,https://goterriers.com/sports/field-hockey/roster/lily-johnson/27377,Sophomore,68
Boston U.,2025,,Sophie Ortyl,96,GK,5' 5'',,"Lexington, Mass.",,Lexington,https://goterriers.com/sports/field-hockey/roster/sophie-ortyl/27381,Junior,68
Boston U.,2025,,Anna Wilson,99,GK,5' 5'',,"Ballynure, Northern Ireland",,Methodist College,https://goterriers.com/sports/field-hockey/roster/anna-wilson/27384,Freshman,68
Brown,2025,,Mia Karine Myklebust,1,M,5' 8'',,"Los Gatos, Calif.",,Leigh High School,https://brownbears.com/sports/field-hockey/roster/mia-karine-myklebust/23823,Junior,80
Brown,2025,,Kiersten Smith,2,F,5' 3'',,"Buffalo, N.Y.",,Nichols School,https://brownbears.com/sports/field-hockey/roster/kiersten-smith/23829,Sophomore,80
Brown,2025,,Zoe Lawrence,3,F,5' 6'',,"Oxshott, U.K.",,Wellington College,https://brownbears.com/sports/field-hockey/roster/zoe-lawrence/23818,Junior,80
Brown,2025,,Grace Almeida,4,F,5' 2'',,"New Canaan, Conn.",,Greens Farms Academy,https://brownbears.com/sports/field-hockey/roster/grace-almeida/23811,Freshman,80
Brown,2025,,Lucie Schroeder,5,F,5' 4'',,"Encinitas, Calif.",,Torrey Pines,https://brownbears.com/sports/field-hockey/roster/lucie-schroeder/22498,Sophomore,80
Brown,2025,,Ashley Paturzo,6,D,5' 6'',,"Harleysville, Pa.",,Souderton Area,https://brownbears.com/sports/field-hockey/roster/ashley-paturzo/23825,Sophomore,80
Brown,2025,,Sophia Clark,7,F,5' 6'',,"Tadworth, Surrey",,The Hun School of Princeton,https://brownbears.com/sports/field-hockey/roster/sophia-clark/23814,Freshman,80
Brown,2025,,Lexi Pellegrino,8,F,5' 5'',,"Westwood, Mass.",,The Winsor School,https://brownbears.com/sports/field-hockey/roster/lexi-pellegrino/22496,Senior,80
Brown,2025,,Ellie Burger,9,F,5' 9'',,"Bellaire, Texas",,St. John's School,https://brownbears.com/sports/field-hockey/roster/ellie-burger/23813,Freshman,80
Brown,2025,,Kate Siedem,10,M,5' 9'',,"Madison, N.J.",,Oak Knoll,https://brownbears.com/sports/field-hockey/roster/kate-siedem/23828,Junior,80
Brown,2025,,Zita Cohen,11,M,5' 8'',,"Riverside, Conn.",,Greenwich,https://brownbears.com/sports/field-hockey/roster/zita-cohen/22486,Senior,80
Brown,2025,,Estelle Ballet,12,M,5' 8'',,"St. Louis, Mo.",,John Burroughs School,https://brownbears.com/sports/field-hockey/roster/estelle-ballet/23812,Junior,80
Brown,2025,,Alexandra Madrid,13,M,5' 3'',,"Houston, Texas",,St. John’s School,https://brownbears.com/sports/field-hockey/roster/alexandra-madrid/23820,Sophomore,80
Brown,2025,,Juliette Meijaard,14,F,5' 5'',,"Rotterdam, Netherlands",,Erasmiaans Gymnasium Rotterdam,https://brownbears.com/sports/field-hockey/roster/juliette-meijaard/23821,Junior,80
Brown,2025,,Daisy Tuthill,15,D,5' 8'',,"Aberdovey, Wales",,Malvern College,https://brownbears.com/sports/field-hockey/roster/daisy-tuthill/23830,Freshman,80
Brown,2025,,Emily Jury,16,M,5' 3'',,"Crediton, Devon, England",,Blundells School,https://brownbears.com/sports/field-hockey/roster/emily-jury/23817,Freshman,80
Brown,2025,,Frances Moriniere,17,F,5' 7'',,"Houston, Texas",,St. John's School,https://brownbears.com/sports/field-hockey/roster/frances-moriniere/23822,Junior,80
Brown,2025,,Lizzie Loftus,18,D,5' 4'',,"Watertown, Mass.",,Watertown,https://brownbears.com/sports/field-hockey/roster/lizzie-loftus/23819,Junior,80
Brown,2025,,Lucy Adams,20,M,5' 9'',,"Andover, Mass.",,Brooks School,https://brownbears.com/sports/field-hockey/roster/lucy-adams/22484,Senior,80
Brown,2025,,Sadie Schultz,21,M,5' 8'',,"Ann Arbor, Mich.",,Ann Arbor Skyline,https://brownbears.com/sports/field-hockey/roster/sadie-schultz/23826,Sophomore,80
Brown,2025,,Gretchen Scott,22,M,5' 6'',,"Norfolk, Va.",,Norfolk Academy,https://brownbears.com/sports/field-hockey/roster/gretchen-scott/23827,Sophomore,80
Brown,2025,,Jule Rothenberger,25,M,5' 9'',,"Frankfurt am Main, Germany",,Frankfurt International School,https://brownbears.com/sports/field-hockey/roster/jule-rothenberger/22497,Sophomore,80
Brown,2025,,Mary Gilman,27,D,5' 9'',,"Lebanon, N.J.",,Episcopal Academy,https://brownbears.com/sports/field-hockey/roster/mary-gilman/23816,Junior,80
Brown,2025,,Kylee Del Monte,33,GK,5' 9'',,"San Diego, Calif.",,Scripps Ranch,https://brownbears.com/sports/field-hockey/roster/kylee-del-monte/23815,Junior,80
Brown,2025,,Ellie Parker,36,GK,5' 7'',,"Andover, Mass.",,Phillips Academy Andover,https://brownbears.com/sports/field-hockey/roster/ellie-parker/23824,Freshman,80
Bryant,2025,,Megan Smith,1,,,,,,,https://bryantbulldogs.com/sports/field-hockey/roster/megan-smith/15824,,81
Bryant,2025,,Lauren Rothwell,2,,,,,,,https://bryantbulldogs.com/sports/field-hockey/roster/lauren-rothwell/15821,,81
Bryant,2025,,Elsa Bishop,3,,,,,,,https://bryantbulldogs.com/sports/field-hockey/roster/elsa-bishop/16095,,81
Bryant,2025,,Natalie Griffin,4,,,,,,,https://bryantbulldogs.com/sports/field-hockey/roster/natalie-griffin/15818,,81
Bryant,2025,,Zoe Bates,5,,,,,,,https://bryantbulldogs.com/sports/field-hockey/roster/zoe-bates/15810,,81
Bryant,2025,,Emerson Johnson,7,,,,,,,https://bryantbulldogs.com/sports/field-hockey/roster/emerson-johnson/16092,,81
Bryant,2025,,Kerin Birch,8,,,,,,,https://bryantbulldogs.com/sports/field-hockey/roster/kerin-birch/15811,,81
Bryant,2025,,India Hayes,9,,,,,,,https://bryantbulldogs.com/sports/field-hockey/roster/india-hayes/16443,,81
Bryant,2025,,Maddy DeFilippo,10,,,,,,,https://bryantbulldogs.com/sports/field-hockey/roster/maddy-defilippo/16090,,81
Bryant,2025,,Ellie Picard,11,,,,,,,https://bryantbulldogs.com/sports/field-hockey/roster/ellie-picard/16094,,81
Bryant,2025,,Elyse Bouchard,12,,,,,,,https://bryantbulldogs.com/sports/field-hockey/roster/elyse-bouchard/16091,,81
Bryant,2025,,Ella Murphy,14,,,,,,,https://bryantbulldogs.com/sports/field-hockey/roster/ella-murphy/16093,,81
Bryant,2025,,Carly Dimock,15,,,,,,,https://bryantbulldogs.com/sports/field-hockey/roster/carly-dimock/15816,,81
Bryant,2025,,Liv Martino,18,,,,,,,https://bryantbulldogs.com/sports/field-hockey/roster/liv-martino/15820,,81
Bryant,2025,,Callie Caito,20,,,,,,,https://bryantbulldogs.com/sports/field-hockey/roster/callie-caito/15813,,81
Bryant,2025,,Julie Diderich,21,,,,,,,https://bryantbulldogs.com/sports/field-hockey/roster/julie-diderich/15815,,81
Bryant,2025,,Maud van Lierop,22,,,,,,,https://bryantbulldogs.com/sports/field-hockey/roster/maud-van-lierop/15828,,81
Bryant,2025,,Alexa Sedicino,24,,,,,,,https://bryantbulldogs.com/sports/field-hockey/roster/alexa-sedicino/15823,,81
Bryant,2025,,Claire Joss,25,,,,,,,https://bryantbulldogs.com/sports/field-hockey/roster/claire-joss/15819,,81
Bryant,2025,,Gabrielle Dwyer,27,,,,,,,https://bryantbulldogs.com/sports/field-hockey/roster/gabrielle-dwyer/15817,,81
Bryant,2025,,Jenny Sorrentino,28,,,,,,,https://bryantbulldogs.com/sports/field-hockey/roster/jenny-sorrentino/15825,,81
Bryant,2025,,Sara DeSousa,99,,,,,,,https://bryantbulldogs.com/sports/field-hockey/roster/sara-desousa/15814,,81
Bucknell,2025,,Ryane Fisahn,1,F,5' 7'',,"Point Pleasant, N.J.",,Point Pleasant Boro,https://bucknellbison.com/sports/field-hockey/roster/ryane-fisahn/13789,Junior,83
Bucknell,2025,,Sally Hunter,2,D,5' 3'',,"Beverly, Mass.",,Philips Exeter Academy,https://bucknellbison.com/sports/field-hockey/roster/sally-hunter/13790,Sophomore,83
Bucknell,2025,,Gianna Puorro,3,F,5' 5'',,"North Caldwell, N.J.",,West Essex Regional,https://bucknellbison.com/sports/field-hockey/roster/gianna-puorro/12473,Senior,83
Bucknell,2025,,Lauren Sanford,4,D,5' 3'',,"Virginia Beach, Va.",,Frank W. Cox,https://bucknellbison.com/sports/field-hockey/roster/lauren-sanford/13797,Junior,83
Bucknell,2025,,Gracie Kothari,5,D,5' 7'',,"Owings Mills, Md.",,Garrison Forest,https://bucknellbison.com/sports/field-hockey/roster/gracie-kothari/13791,Freshman,83
Bucknell,2025,,Reese Czajkowski,6,F,5' 5'',,"Berwyn, Pa.",,Academy of Notre Dame de Namur,https://bucknellbison.com/sports/field-hockey/roster/reese-czajkowski/12463,Sophomore,83
Bucknell,2025,,Julia Corropolese,7,D,5' 5'',,"Royersford, Pa.",,Springford,https://bucknellbison.com/sports/field-hockey/roster/julia-corropolese/13786,Junior,83
Bucknell,2025,,Mary Sylvester,8,F,5' 5'',,"Wilton, Conn.",,Wilton,https://bucknellbison.com/sports/field-hockey/roster/mary-sylvester/12809,Freshman,83
Bucknell,2025,,Bella Notaro,9,M,5' 7'',,"Newtown Square, Pa.",,Episcopal Academy,https://bucknellbison.com/sports/field-hockey/roster/bella-notaro/13795,Sophomore,83
Bucknell,2025,,Nicky Punt,10,M,5' 5'',,"Rotterdam, The Netherlands",,Erasmiaans Gymnasium,https://bucknellbison.com/sports/field-hockey/roster/nicky-punt/12472,Senior,83
Bucknell,2025,,Elodie Nevitt,11,F,5' 7'',,"Brighton, England",,Roedean School,https://bucknellbison.com/sports/field-hockey/roster/elodie-nevitt/13794,Freshman,83
Bucknell,2025,,Paige McMeekin,13,M,5' 7'',,"Newtown Square, Pa.",,Episcopal Academy,https://bucknellbison.com/sports/field-hockey/roster/paige-mcmeekin/13793,Sophomore,83
Bucknell,2025,,Mallory Clark,15,F,5' 7'',,"Darien, Conn.",,Kimball Union Academy,https://bucknellbison.com/sports/field-hockey/roster/mallory-clark/12804,Freshman,83
Bucknell,2025,,Kira Leclercq,17,D,5' 9'',,"Berlin, Germany",,Vicco von Bülow Gymnasium Stahnsdorf,https://bucknellbison.com/sports/field-hockey/roster/kira-leclercq/12467,Senior,83
Bucknell,2025,,Brooke Parker,19,D,5' 8'',,"Havertown, Pa.",,Haverford High,https://bucknellbison.com/sports/field-hockey/roster/brooke-parker/13796,Freshman,83
Bucknell,2025,,Vivienne Lachaux,20,M,5' 2'',,"Houston, Texas",,Memorial,https://bucknellbison.com/sports/field-hockey/roster/vivienne-lachaux/12466,Senior,83
Bucknell,2025,,Katie Lintz,21,F,5' 5'',,"Palmyra, Pa.",,Palmyra,https://bucknellbison.com/sports/field-hockey/roster/katie-lintz/13792,Junior,83
Bucknell,2025,,Jip Zwaard,22,D,5' 9'',,"Berkel En Rodenrijs, Netherlands",,Wolfert Lyceum,https://bucknellbison.com/sports/field-hockey/roster/jip-zwaard/12810,Freshman,83
Bucknell,2025,,Saskia de Koster,23,F,5' 7'',,"London, England",,Francis Holland School Regents Park,https://bucknellbison.com/sports/field-hockey/roster/saskia-de-koster/12805,Freshman,83
Bucknell,2025,,Sarah Althouse,24,GK,5' 6'',,"Reading, Pa.",,Muhlenburg,https://bucknellbison.com/sports/field-hockey/roster/sarah-althouse/13784,Junior,83
Bucknell,2025,,Nicole Moran,27,D,5' 5'',,"Great Falls, Va.",,The Hill School,https://bucknellbison.com/sports/field-hockey/roster/nicole-moran/12470,Senior,83
Bucknell,2025,,Alexandra Shizas,28,F,5' 2'',,"Fairfield, N.J.",,West Essex Regional,https://bucknellbison.com/sports/field-hockey/roster/alexandra-shizas/12475,Senior,83
Bucknell,2025,,Abby Zanelli,99,GK,5' 7'',,"Caldwell, N.J.",,West Essex,https://bucknellbison.com/sports/field-hockey/roster/abby-zanelli/13799,Sophomore,83
California,2025,,Delphine Ayitey-Hammond,1,,,,,,,https://calbears.com/sports/field-hockey/roster/delphine-ayitey-hammond/26728,,107
California,2025,,Samantha Reder,2,,,,,,,https://calbears.com/sports/field-hockey/roster/samantha-reder/26790,,107
California,2025,,Cassidy Puleo,3,,,,,,,https://calbears.com/sports/field-hockey/roster/cassidy-puleo/26788,,107
California,2025,,Liz Klompmaker,4,,,,,,,https://calbears.com/sports/field-hockey/roster/liz-klompmaker/26735,,107
California,2025,,Morgan Kallmann,5,,,,,,,https://calbears.com/sports/field-hockey/roster/morgan-kallmann/26734,,107
California,2025,,Holly Pears,6,,,,,,,https://calbears.com/sports/field-hockey/roster/holly-pears/26739,,107
California,2025,,Josefina Moyano,7,,,,,,,https://calbears.com/sports/field-hockey/roster/josefina-moyano/26792,,107
California,2025,,Maya Hoepfner,9,,,,,,,https://calbears.com/sports/field-hockey/roster/maya-hoepfner/26731,,107
California,2025,,Olivia Sharratt,10,,,,,,,https://calbears.com/sports/field-hockey/roster/olivia-sharratt/26741,,107
California,2025,,Agustina Daud,11,,,,,,,https://calbears.com/sports/field-hockey/roster/agustina-daud/26793,,107
California,2025,,Lieve Schalk,13,,,,,,,https://calbears.com/sports/field-hockey/roster/lieve-schalk/26794,,107
California,2025,,Anika Miedema,15,,,,,,,https://calbears.com/sports/field-hockey/roster/anika-miedema/26795,,107
California,2025,,Jaiya Labana,16,,,,,,,https://calbears.com/sports/field-hockey/roster/jaiya-labana/26736,,107
California,2025,,Victoria Beiro,17,,,,,,,https://calbears.com/sports/field-hockey/roster/victoria-beiro/26743,,107
California,2025,,Zara Schmitz,18,,,,,,,https://calbears.com/sports/field-hockey/roster/zara-schmitz/26745,,107
California,2025,,Mia DiGiulio,19,,,,,,,https://calbears.com/sports/field-hockey/roster/mia-digiulio/26729,,107
California,2025,,Jessica Lewis,21,,,,,,,https://calbears.com/sports/field-hockey/roster/jessica-lewis/26737,,107
California,2025,,Is Panikowski,23,,,,,,,https://calbears.com/sports/field-hockey/roster/is-panikowski/26738,,107
California,2025,,Adya Kadam,24,,,,,,,https://calbears.com/sports/field-hockey/roster/adya-kadam/26800,,107
California,2025,,Elizabeth Edmonston,26,,,,,,,https://calbears.com/sports/field-hockey/roster/elizabeth-edmonston/26730,,107
California,2025,,Samantha Imokawa,27,,,,,,,https://calbears.com/sports/field-hockey/roster/samantha-imokawa/26732,,107
California,2025,,Hannah Ward,28,,,,,,,https://calbears.com/sports/field-hockey/roster/hannah-ward/26742,,107
California,2025,,Emma Becker,31,,,,,,,https://calbears.com/sports/field-hockey/roster/emma-becker/26801,,107
California,2025,,Lauren Halenkamp,44,,,,,,,https://calbears.com/sports/field-hockey/roster/lauren-halenkamp/26744,,107
California,2025,,Audrey Post,50,,,,,,,https://calbears.com/sports/field-hockey/roster/audrey-post/26740,,107
California,2025,,Tina Jolly,97,,,,,,,https://calbears.com/sports/field-hockey/roster/tina-jolly/26733,,107
Central Mich.,2025,,Amelia Lane,1,F,,,"Worcester, United Kingdom",,Royal Grammar School,https://cmuchippewas.com/sports/field-hockey/roster/amelia-lane/6855,Senior,129
Central Mich.,2025,,Bri Eckenroth,2,F,,,"Palmyra, Pa.",,Palmyra,https://cmuchippewas.com/sports/field-hockey/roster/bri-eckenroth/7513,Freshman,129
Central Mich.,2025,,Pleun Van Gent,3,D,,,"The Hague, South-Holland, The Netherlands",,Sint-Maartenscollege,https://cmuchippewas.com/sports/field-hockey/roster/pleun-van-gent/7505,Freshman,129
Central Mich.,2025,,Rosa Ruiz Hellin,4,M,,,"Vienna, Austria",,BG/BRG Keimgasse,https://cmuchippewas.com/sports/field-hockey/roster/rosa-ruiz-hellin/6859,Senior,129
Central Mich.,2025,,Hailey Bainer,5,D,,,"San Marcos, Calif.",,San Marcos,https://cmuchippewas.com/sports/field-hockey/roster/hailey-bainer/7506,Junior,129
Central Mich.,2025,,Sophia Havrilla,6,F,,,"Blue Bell, Pa.",,Wissahickon,https://cmuchippewas.com/sports/field-hockey/roster/sophia-havrilla/7515,Junior,129
Central Mich.,2025,,Shannon Dwyer,7,D,,,"Sussex, Wis.",,Arrowhead,https://cmuchippewas.com/sports/field-hockey/roster/shannon-dwyer/6851,Senior,129
Central Mich.,2025,,Kiley Bowker,8,D,,,"Lumberton, N.J.",,Rancocas Valley Regional,https://cmuchippewas.com/sports/field-hockey/roster/kiley-bowker/6847,Sophomore,129
Central Mich.,2025,,Carolena Ryon,9,F,,,"Factoryville, Pa.",,Lackawanna Trail,https://cmuchippewas.com/sports/field-hockey/roster/carolena-ryon/7523,Sophomore,129
Central Mich.,2025,,Violet Barton,10,M,,,"Swathmore, Pa.",,Strath Haven,https://cmuchippewas.com/sports/field-hockey/roster/violet-barton/7507,Sophomore,129
Central Mich.,2025,,Annabelle Cotroneo,11,M,,,"Pittsford, N.Y.",,Pittsford,https://cmuchippewas.com/sports/field-hockey/roster/annabelle-cotroneo/7512,Junior,129
Central Mich.,2025,,Teah Savignano,12,M,5' 3'',,"San Diego, Calif.",,Canyon Hills,https://cmuchippewas.com/sports/field-hockey/roster/teah-savignano/7503,Freshman,129
Central Mich.,2025,,Grace Shepherd,13,F,5' 2'',,"Church Hill, Md.",,The Gunston School,https://cmuchippewas.com/sports/field-hockey/roster/grace-shepherd/6977,Freshman,129
Central Mich.,2025,,Mora Rulli,14,M,5' 6'',,"Cardales, Buenos Aires, Argentina",,Austin Eco Bilingual,https://cmuchippewas.com/sports/field-hockey/roster/mora-rulli/7501,Freshman,129
Central Mich.,2025,,Nora Evans,16,D,5' 5'',,"Dalton, Pa.",,Lackawanna Trail,https://cmuchippewas.com/sports/field-hockey/roster/nora-evans/6979,Freshman,129
Central Mich.,2025,,Madeleine Krewet,17,F,5' 5'',,"Kirkwood, Mo.",,Kirkwood,https://cmuchippewas.com/sports/field-hockey/roster/madeleine-krewet/7517,Freshman,129
Central Mich.,2025,,Ava Klopp,18,F,,,"Shavertown, Pa.",,Lake-Lehman,https://cmuchippewas.com/sports/field-hockey/roster/ava-klopp/6854,Sophomore,129
Central Mich.,2025,,Peyton Pallman,22,M,,,"Clarks Summit, Pa.",,Abington Heights,https://cmuchippewas.com/sports/field-hockey/roster/peyton-pallman/7527,Sophomore,129
Central Mich.,2025,,Lola Pardo,23,D,5' 3'',,"Buenos Aires, Buenos Aires, Argentina",,Del Viso Day,https://cmuchippewas.com/sports/field-hockey/roster/lola-pardo/7498,Freshman,129
Central Mich.,2025,,Molly Claus,24,D,,,"Lambertville, N.J.",,North Hunterdon,https://cmuchippewas.com/sports/field-hockey/roster/molly-claus/7511,Sophomore,129
Central Mich.,2025,,Ellie Bisch,25,D,,,"Wildwood, Mo.",,St. Joseph's,https://cmuchippewas.com/sports/field-hockey/roster/ellie-bisch/6846,Sophomore,129
Central Mich.,2025,,Cameron Pluciennik,28,F,,,"Antioch, Ill.",,Antioch Community,https://cmuchippewas.com/sports/field-hockey/roster/cameron-pluciennik/7520,Junior,129
Central Mich.,2025,,Mallory Camryn,29,F,,,"Ontario, Canada",,Saltfleet District High,https://cmuchippewas.com/sports/field-hockey/roster/mallory-camryn/6848,Senior,129
Central Mich.,2025,,Ashley Cogger,40,GK,5' 11'',,"San Diego, Calif.",,Del Norte,https://cmuchippewas.com/sports/field-hockey/roster/ashley-cogger/6983,Graduate,129
Central Mich.,2025,,Jenna Billig,74,GK,,,"Elysburg, Pa.",,Southern Columbia,https://cmuchippewas.com/sports/field-hockey/roster/jenna-billig/7508,Sophomore,129
Central Mich.,2025,,Anna Ruhno,92,GK,5' 5'',,"West Chester, Pa.",,Bishop Shanahan,https://cmuchippewas.com/sports/field-hockey/roster/anna-ruhno/7521,Freshman,129
Colgate,2025,,Claire van Kempen,1,,,,,,,https://colgateathletics.com/sports/field-hockey/roster/claire-van-kempen/16236,,153
Colgate,2025,,Tyler Argilagos,3,,,,,,,https://colgateathletics.com/sports/field-hockey/roster/tyler-argilagos/16219,,153
Colgate,2025,,Anna Lochhead,4,,,,,,,https://colgateathletics.com/sports/field-hockey/roster/anna-lochhead/16227,,153
Colgate,2025,,Katie Convey,5,,,,,,,https://colgateathletics.com/sports/field-hockey/roster/katie-convey/16222,,153
Colgate,2025,,Maddie Rohlfing,6,,,,,,,https://colgateathletics.com/sports/field-hockey/roster/maddie-rohlfing/16232,,153
Colgate,2025,,Alli Troth,7,,,,,,,https://colgateathletics.com/sports/field-hockey/roster/alli-troth/16235,,153
Colgate,2025,,Morgan Willis,8,,,,,,,https://colgateathletics.com/sports/field-hockey/roster/morgan-willis/16241,,153
Colgate,2025,,Minah Cho,9,,,,,,,https://colgateathletics.com/sports/field-hockey/roster/minah-cho/21772,,153
Colgate,2025,,Annie Lake,10,,,,,,,https://colgateathletics.com/sports/field-hockey/roster/annie-lake/16225,,153
Colgate,2025,,Julia Blair,14,,,,,,,https://colgateathletics.com/sports/field-hockey/roster/julia-blair/21705,,153
Colgate,2025,,Lauren Widdowson,15,,,,,,,https://colgateathletics.com/sports/field-hockey/roster/lauren-widdowson/16239,,153
Colgate,2025,,Augusta Santarelli,16,,,,,,,https://colgateathletics.com/sports/field-hockey/roster/augusta-santarelli/21365,,153
Colgate,2025,,Ahria Dhillon,17,,,,,,,https://colgateathletics.com/sports/field-hockey/roster/ahria-dhillon/16223,,153
Colgate,2025,,Dani Palmer,18,,,,,,,https://colgateathletics.com/sports/field-hockey/roster/dani-palmer/16231,,153
Colgate,2025,,Kate Rose,19,,,,,,,https://colgateathletics.com/sports/field-hockey/roster/kate-rose/16233,,153
Colgate,2025,,Elicia Bikhazi-Green,20,,,,,,,https://colgateathletics.com/sports/field-hockey/roster/elicia-bikhazi-green/21364,,153
Colgate,2025,,Caroline Rotteveel,22,,,,,,,https://colgateathletics.com/sports/field-hockey/roster/caroline-rotteveel/21418,,153
Colgate,2025,,Grace Schmelzinger,23,,,,,,,https://colgateathletics.com/sports/field-hockey/roster/grace-schmelzinger/16234,,153
Colgate,2025,,Hannah Marcotrigiano,24,,,,,,,https://colgateathletics.com/sports/field-hockey/roster/hannah-marcotrigiano/16230,,153
Colgate,2025,,Liza Rogers,25,,,,,,,https://colgateathletics.com/sports/field-hockey/roster/liza-rogers/21704,,153
Colgate,2025,,Allison Lemmon,26,,,,,,,https://colgateathletics.com/sports/field-hockey/roster/allison-lemmon/16226,,153
Colgate,2025,,Kyleigh Welusz,27,,,,,,,https://colgateathletics.com/sports/field-hockey/roster/kyleigh-welusz/16238,,153
Colgate,2025,,Abby Williams,28,,,,,,,https://colgateathletics.com/sports/field-hockey/roster/abby-williams/16240,,153
Colgate,2025,,Ava Poliafico,29,,,,,,,https://colgateathletics.com/sports/field-hockey/roster/ava-poliafico/21706,,153
Colgate,2025,,Kennedy Glinn,88,,,,,,,https://colgateathletics.com/sports/field-hockey/roster/kennedy-glinn/21366,,153
Columbia,2025,,Kate Consoli,1,D,5' 2'',,"Houston, Texas",,The Kinkaid School,https://gocolumbialions.com/sports/field-hockey/roster/kate-consoli/22593,Junior,158
Columbia,2025,,Madison Kim,2,M,5' 4'',,"Bellaire, Texas",,St. John's School,https://gocolumbialions.com/sports/field-hockey/roster/madison-kim/22601,Junior,158
Columbia,2025,,Emma Reilly,3,D,5' 6'',,"Andover, Mass.",,Andover,https://gocolumbialions.com/sports/field-hockey/roster/emma-reilly/22607,Junior,158
Columbia,2025,,Sophie Green,4,F,5' 2'',,"Bryn Mawr, Pa.",,Radnor,https://gocolumbialions.com/sports/field-hockey/roster/sophie-green/22596,FY,158
Columbia,2025,,Sam Petrucco,5,M,5' 5'',,"Short Hills, N.J.",,Oak Knoll,https://gocolumbialions.com/sports/field-hockey/roster/sam-petrucco/21571,Senior,158
Columbia,2025,,Agustina Solari Etcheberry,6,D,5' 10'',,"Santiago, Chile",,The Grange School,https://gocolumbialions.com/sports/field-hockey/roster/agustina-solari-etcheberry/22608,FY,158
Columbia,2025,,Lizzie Adams,7,D,5' 9'',,"Virginia Beach, Va.",,Norfolk Academy,https://gocolumbialions.com/sports/field-hockey/roster/lizzie-adams/22590,Sophomore,158
Columbia,2025,,Jacinta Solari Etcheberry,8,F,5' 8'',,"Santiago, Chile",,The Grange School,https://gocolumbialions.com/sports/field-hockey/roster/jacinta-solari-etcheberry/22609,Sophomore,158
Columbia,2025,,Morgan Dwyer,9,M,5' 7'',,"Basking Ridge, N.J.",,The Pingry School,https://gocolumbialions.com/sports/field-hockey/roster/morgan-dwyer/22594,FY,158
Columbia,2025,,Kate Kim,10,F,5' 3'',,"Glenelg, Md.",,Glenelg,https://gocolumbialions.com/sports/field-hockey/roster/kate-kim/22600,Sophomore,158
Columbia,2025,,Delfina Gonzalez Lobo,11,D,5' 3'',,"Greenwich, Conn.",,Sacred Heart Greenwich,https://gocolumbialions.com/sports/field-hockey/roster/delfina-gonzalez-lobo/22595,Junior,158
Columbia,2025,,Sophia Abate,12,F,5' 0'',,"Medford Lakes, N.J.",,Seneca,https://gocolumbialions.com/sports/field-hockey/roster/sophia-abate/21560,Senior,158
Columbia,2025,,Sophie Lawrence,13,M,5' 7'',,"Edinburgh, Scotland",,The Mary Erskine School,https://gocolumbialions.com/sports/field-hockey/roster/sophie-lawrence/22602,Sophomore,158
Columbia,2025,,Izzy Kaczor,14,F,5' 3'',,"Fair Haven, N.J.",,Rumson-Fair Haven Regional,https://gocolumbialions.com/sports/field-hockey/roster/izzy-kaczor/22598,FY,158
Columbia,2025,,Nicole Campolattaro,15,F,5' 5'',,"North Caldwell, N.J.",,West Essex Regional,https://gocolumbialions.com/sports/field-hockey/roster/nicole-campolattaro/22592,Sophomore,158
Columbia,2025,,Brooke Liddell,16,M,5' 8'',,"Darien, Conn.",,Darien,https://gocolumbialions.com/sports/field-hockey/roster/brooke-liddell/22603,FY,158
Columbia,2025,,Mckenzie Bloom,17,F,5' 6'',,"West Hartford, Conn.",,Westminster School,https://gocolumbialions.com/sports/field-hockey/roster/mckenzie-bloom/22591,Junior,158
Columbia,2025,,Kiley Liddell,19,D,5' 8'',,"Darien, Conn.",,Darien,https://gocolumbialions.com/sports/field-hockey/roster/kiley-liddell/22604,FY,158
Columbia,2025,,Ashley Kim,20,F,5' 3'',,"Glenelg, Md.",,Glenelg,https://gocolumbialions.com/sports/field-hockey/roster/ashley-kim/22599,Sophomore,158
Columbia,2025,,Maya Raphael,22,D,5' 6'',,"Bethesda, Md.",,Walt Whitman,https://gocolumbialions.com/sports/field-hockey/roster/maya-raphael/22606,FY,158
Columbia,2025,,Ainsley Pearce,33,GK,5' 6'',,"Riva, Md.",,Archbishop Spalding,https://gocolumbialions.com/sports/field-hockey/roster/ainsley-pearce/22605,FY,158
Columbia,2025,,Margot Houle,73,GK,5' 8'',,"Potomac, Md.",,Brookewood School,https://gocolumbialions.com/sports/field-hockey/roster/margot-houle/22597,Sophomore,158
Cornell,2025,,Martha Broderick,1,,,,,,,https://cornellbigred.com/sports/field-hockey/roster/martha-broderick/84911,,167
Cornell,2025,,Emma Poplyk,3,,,,,,,https://cornellbigred.com/sports/field-hockey/roster/emma-poplyk/84925,,167
Cornell,2025,,Shea Larkee,4,,,,,,,https://cornellbigred.com/sports/field-hockey/roster/shea-larkee/84921,,167
Cornell,2025,,Rease Coleman,6,,,,,,,https://cornellbigred.com/sports/field-hockey/roster/rease-coleman/84914,,167
Cornell,2025,,Allison Plzak,7,,,,,,,https://cornellbigred.com/sports/field-hockey/roster/allison-plzak/85108,,167
Cornell,2025,,Ashley Plzak,8,,,,,,,https://cornellbigred.com/sports/field-hockey/roster/ashley-plzak/84924,,167
Cornell,2025,,Colomba Infante,9,,,,,,,https://cornellbigred.com/sports/field-hockey/roster/colomba-infante/84917,,167
Cornell,2025,,Polly Parsons,10,,,,,,,https://cornellbigred.com/sports/field-hockey/roster/polly-parsons/84923,,167
Cornell,2025,,Annabel Cheveley,12,,,,,,,https://cornellbigred.com/sports/field-hockey/roster/annabel-cheveley/84913,,167
Cornell,2025,,Clara Rogers,13,,,,,,,https://cornellbigred.com/sports/field-hockey/roster/clara-rogers/84927,,167
Cornell,2025,,Megan Devletian,15,,,,,,,https://cornellbigred.com/sports/field-hockey/roster/megan-devletian/85111,,167
Cornell,2025,,Emmy Horner,16,,,,,,,https://cornellbigred.com/sports/field-hockey/roster/emmy-horner/84916,,167
Cornell,2025,,Rebecca Block,17,,,,,,,https://cornellbigred.com/sports/field-hockey/roster/rebecca-block/85107,,167
Cornell,2025,,Amanda Park,18,,,,,,,https://cornellbigred.com/sports/field-hockey/roster/amanda-park/84922,,167
Cornell,2025,,Delaney Keegan,19,,,,,,,https://cornellbigred.com/sports/field-hockey/roster/delaney-keegan/84920,,167
Cornell,2025,,Julia Ramsey,20,,,,,,,https://cornellbigred.com/sports/field-hockey/roster/julia-ramsey/84926,,167
Cornell,2025,,Sophia Grimm,21,,,,,,,https://cornellbigred.com/sports/field-hockey/roster/sophia-grimm/84915,,167
Cornell,2025,,Gracie Buxton,22,,,,,,,https://cornellbigred.com/sports/field-hockey/roster/gracie-buxton/85112,,167
Cornell,2025,,Blake Wilks,23,,,,,,,https://cornellbigred.com/sports/field-hockey/roster/blake-wilks/84930,,167
Cornell,2025,,Chloe West,24,,,,,,,https://cornellbigred.com/sports/field-hockey/roster/chloe-west/84929,,167
Cornell,2025,,Mallory Walker,25,,,,,,,https://cornellbigred.com/sports/field-hockey/roster/mallory-walker/85110,,167
Cornell,2025,,Stella Thibeault,26,,,,,,,https://cornellbigred.com/sports/field-hockey/roster/stella-thibeault/84928,,167
Cornell,2025,,Sarah Burns,27,,,,,,,https://cornellbigred.com/sports/field-hockey/roster/sarah-burns/84912,,167
Cornell,2025,,Uma Käding,28,,,,,,,https://cornellbigred.com/sports/field-hockey/roster/uma-k-ding/84918,,167
Cornell,2025,,Claire Pausz,44,,,,,,,https://cornellbigred.com/sports/field-hockey/roster/claire-pausz/85109,,167
Cornell,2025,,Tayla Williams,88,,,,,,,https://cornellbigred.com/sports/field-hockey/roster/tayla-williams/84931,,167
Dartmouth,2025,,Kylie McKinley,1,GK,5' 10'',,"Great Falls, Va.",,Potomac School,https://dartmouthsports.com/sports/field-hockey/roster/kylie-mckinley/41630,Junior,172
Dartmouth,2025,,Raina Johns,2,D,5' 10'',,"Darien, Conn.",,Darien,https://dartmouthsports.com/sports/field-hockey/roster/raina-johns/41645,Junior,172
Dartmouth,2025,,Megan Spear,3,M,5' 9'',,"Virginia, Beach, Va.",,Cox,https://dartmouthsports.com/sports/field-hockey/roster/megan-spear/40381,Sophomore,172
Dartmouth,2025,,Gemma Franco,4,F,5' 4'',,"Chicago, Ill.",,Francis W. Parker,https://dartmouthsports.com/sports/field-hockey/roster/gemma-franco/41644,Fy.,172
Dartmouth,2025,,Ally Brosie,5,M,5' 7'',,"New Vernon, N.J.",,Madison,https://dartmouthsports.com/sports/field-hockey/roster/ally-brosie/41622,Sophomore,172
Dartmouth,2025,,Lilly Venezia,6,F,5' 10'',,"North Caldwell, N.J.",,Oak Knoll School,https://dartmouthsports.com/sports/field-hockey/roster/lilly-venezia/41652,Fy.,172
Dartmouth,2025,,Riley Dumigan,7,F,5' 6'',,"Oklahoma City, Okla.",,Casady School,https://dartmouthsports.com/sports/field-hockey/roster/riley-dumigan/41643,Junior,172
Dartmouth,2025,,Amelie Luessmann,8,F,5' 6'',,"Frankfurt, Germany",,Anna-Schmidt-Schule,https://dartmouthsports.com/sports/field-hockey/roster/amelie-luessmann/41647,Sophomore,172
Dartmouth,2025,,Georgia Thornton,9,M,5' 7'',,"Belfast, Northern Ireland",,Strathearn School,https://dartmouthsports.com/sports/field-hockey/roster/georgia-thornton/41633,Fy.,172
Dartmouth,2025,,Boau-Lilly Shepherd,10,F,5' 5'',,"Walton-on-Thames, England",,Cranleigh School,https://dartmouthsports.com/sports/field-hockey/roster/boaulilly-shepherd/40380,Senior,172
Dartmouth,2025,,Katherina Cohen,11,D,5' 5'',,"Bueno Aires, Argentina",,Colegio Tarbut,https://dartmouthsports.com/sports/field-hockey/roster/katherina-cohen/41642,Sophomore,172
Dartmouth,2025,,Olivia Galiotos,12,M,5' 2'',,"Virginia Beach, Va.",,Norfolk Academy,https://dartmouthsports.com/sports/field-hockey/roster/olivia-galiotos/40373,Senior,172
Dartmouth,2025,,Ella Bowman,14,D,5' 8'',,"Aldeburgh, England",,Repton School,https://dartmouthsports.com/sports/field-hockey/roster/ella-bowman/41621,Junior,172
Dartmouth,2025,,Lucia Campaño,17,M,5' 8'',,"Buenos Aires, Argentina",,St. Matthew’s College North,https://dartmouthsports.com/sports/field-hockey/roster/lucia-campao/41641,Junior,172
Dartmouth,2025,,Madeline Windsor,18,D,5' 5'',,"Hobart, Australia",,The Friends' School,https://dartmouthsports.com/sports/field-hockey/roster/madeline-windsor/41654,Fy.,172
Dartmouth,2025,,Isabel Andrews,19,GK,5' 6'',,"Malvern, Pa.",,Episcopal Academy,https://dartmouthsports.com/sports/field-hockey/roster/isabel-andrews/41619,Sophomore,172
Dartmouth,2025,,Ruby Walsh,20,D,5' 7'',,"Cork, Ireland",,"Scoil Mhuire College, Cork",https://dartmouthsports.com/sports/field-hockey/roster/ruby-walsh/41635,Sophomore,172
Dartmouth,2025,,Zoe Schaffer,21,F,5' 6'',,"Austin, Texas",,St. Stephen's Episcopal School,https://dartmouthsports.com/sports/field-hockey/roster/zoe-schaffer/40378,Senior,172
Dartmouth,2025,,Ava Russo,23,D,5' 6'',,"Roseland, N.J.",,West Essex Regional,https://dartmouthsports.com/sports/field-hockey/roster/ava-russo/41631,Fy.,172
Dartmouth,2025,,Alex Sewell,24,F,5' 10'',,"London, England",,Woldingham,https://dartmouthsports.com/sports/field-hockey/roster/alex-sewell/41650,Junior,172
Dartmouth,2025,,Ava Carlson,26,GK,5' 4'',,"Collingswood, N.J.",,Moorestown Friends School,https://dartmouthsports.com/sports/field-hockey/roster/ava-carlson/40370,Senior,172
Dartmouth,2025,,Florentina Terra,28,M,5' 3'',,"Montevideo, Uruguay",,Instituto Juan XXIII,https://dartmouthsports.com/sports/field-hockey/roster/florentina-terra/40382,Senior,172
Dartmouth,2025,,Maria Ariza Solans,29,F,5' 3'',,"Castelldefels, Spain",,Charterhouse School,https://dartmouthsports.com/sports/field-hockey/roster/maria-ariza-solans/41620,Fy.,172
Dartmouth,2025,,McLaine Leik,30,D,5' 10'',,"Chicago, Ill.",,Latin School of Chicago,https://dartmouthsports.com/sports/field-hockey/roster/mclaine-leik/41628,Junior,172
Davidson,2025,,Ava Mickel,1,M,,,"Lutherville, Md.",,Bryn Mawr,https://davidsonwildcats.com/sports/field-hockey/roster/ava-mickel/11285,Redshirt Junior,173
Davidson,2025,,Eliza Agan,2,M,,,"Louisville, Ky.",,Assumption,https://davidsonwildcats.com/sports/field-hockey/roster/eliza-agan/12433,Freshman,173
Davidson,2025,,Elyse Unger,3,M,,,"Virginia Beach, Va.",,Frank W. Cox,https://davidsonwildcats.com/sports/field-hockey/roster/elyse-unger/12449,Junior,173
Davidson,2025,,Ellie Johnson,4,F,,,"Henrico, Va.",,Trinity Episcopal,https://davidsonwildcats.com/sports/field-hockey/roster/ellie-johnson/12441,Sophomore,173
Davidson,2025,,Emilia Ostos,5,M,,,"Louisville, Ky.",,Sacred Heart Academy,https://davidsonwildcats.com/sports/field-hockey/roster/emilia-ostos/12445,Freshman,173
Davidson,2025,,Madi Sullivan,6,M,,,"Arlington, Va.",,Bishop O'Connell,https://davidsonwildcats.com/sports/field-hockey/roster/madi-sullivan/12448,Freshman,173
Davidson,2025,,Rebecca Bustos,7,D,,,"Dallas, Texas",,Highland Park,https://davidsonwildcats.com/sports/field-hockey/roster/rebecca-bustos/12435,Junior,173
Davidson,2025,,Sib Naaktgeboren,8,M,,,"Zwijndrecht, Netherlands",,Develstein College,https://davidsonwildcats.com/sports/field-hockey/roster/sib-naaktgeboren/11286,Senior,173
Davidson,2025,,Eva van der Kooi,9,M,,,"Groningen, Netherlands",,Praedinius Gymnasium,https://davidsonwildcats.com/sports/field-hockey/roster/eva-van-der-kooi/12450,Sophomore,173
Davidson,2025,,Brennan Bazant,10,D,,,"Rumson, N.J.",,Rumson-Fair Haven Regional,https://davidsonwildcats.com/sports/field-hockey/roster/brennan-bazant/11273,Senior,173
Davidson,2025,,Celie Constantine,11,M,,,"Fredericksburg, Va.",,James Monroe,https://davidsonwildcats.com/sports/field-hockey/roster/celie-constantine/11278,Senior,173
Davidson,2025,,Emelia Little,12,F,,,"Saline, Mich.",,Saline,https://davidsonwildcats.com/sports/field-hockey/roster/emelia-little/11283,Senior,173
Davidson,2025,,Emily Najarian,13,F,,,"Crofton, Md.",,Crofton,https://davidsonwildcats.com/sports/field-hockey/roster/emily-najarian/12444,Sophomore,173
Davidson,2025,,Anna Daly,14,M,,,"Doylestown, Pa.",,Central Bucks East,https://davidsonwildcats.com/sports/field-hockey/roster/anna-daly/12437,Freshman,173
Davidson,2025,,Hannah Merritt,15,M,,,"Clifton Park, N.Y.",,Shenendehowa,https://davidsonwildcats.com/sports/field-hockey/roster/hannah-merritt/11284,Senior,173
Davidson,2025,,Liv Goeke,16,M,,,"St. Louis, Mo.",,Ladue Horton Watkins,https://davidsonwildcats.com/sports/field-hockey/roster/liv-goeke/12440,Junior,173
Davidson,2025,,Erin Walsh,18,M,,,"Houston, Texas",,St. John's School,https://davidsonwildcats.com/sports/field-hockey/roster/erin-walsh/11292,Senior,173
Davidson,2025,,Sarah Grace Clifton,19,M,,,"Winston-Salem, N.C.",,Forsyth Country Day,https://davidsonwildcats.com/sports/field-hockey/roster/sarah-grace-clifton/11276,Senior,173
Davidson,2025,,Lourdes Wolf,20,F,,,"Hamburg, Germany",,Rudolf-Steiner-Schule Bergstedt,https://davidsonwildcats.com/sports/field-hockey/roster/lourdes-wolf/12451,Freshman,173
Davidson,2025,,Maia Macaloney,21,M,,,"Glasgow, Scotland",,Glasgow Academy,https://davidsonwildcats.com/sports/field-hockey/roster/maia-macaloney/11296,Freshman,173
Davidson,2025,,Hallie Slidell,22,M,,,"Chevy Chase, Md.",,Stone Ridge,https://davidsonwildcats.com/sports/field-hockey/roster/hallie-slidell/12446,Sophomore,173
Davidson,2025,,Emma Stevens,23,M,,,"Richmond, Va.",,St. Catherine's,https://davidsonwildcats.com/sports/field-hockey/roster/emma-stevens/12447,Junior,173
Davidson,2025,,Emma Datch,25,M,,,"Bethesda, Md.",,Churchill,https://davidsonwildcats.com/sports/field-hockey/roster/emma-datch/12438,Sophomore,173
Davidson,2025,,Matilda Collins,30,M,,,"Willingdon, England",,Bede's Senior,https://davidsonwildcats.com/sports/field-hockey/roster/matilda-collins/12436,Junior,173
Davidson,2025,,MaryKate Berg,31,GK,,,"Aurora, Colo.",,Regis Jesuit,https://davidsonwildcats.com/sports/field-hockey/roster/marykate-berg/11274,Junior,173
Davidson,2025,,Eleanor Larsen,44,GK,,,"Lake Bluff, Ill.",,Loyola Academy,https://davidsonwildcats.com/sports/field-hockey/roster/eleanor-larsen/12442,Sophomore,173
Davidson,2025,,Avery Foster,97,GK,,,"Cary, N.C.",,Cary Academy,https://davidsonwildcats.com/sports/field-hockey/roster/avery-foster/12439,Freshman,173
Delaware,2025,,Lily Cosner,1,D,5' 2'',Health Behavior Science,"Doylestown, Pa.",,Central Bucks West,https://bluehens.com/sports/field-hockey/roster/lily-cosner/32204,Sophomore,180
Delaware,2025,,Emma Miller,2,M,5' 5'',Early Childhood Education,"Mount Joy, Pa.",,Donegal High School,https://bluehens.com/sports/field-hockey/roster/emma-miller/29412,Senior,180
Delaware,2025,,Rachael Whitehead,3,M,5' 9'',Communication,"Hockessin, Del.",,The Tatnall School,https://bluehens.com/sports/field-hockey/roster/rachael-whitehead/29419,Junior,180
Delaware,2025,,Cameron Medinger,4,D,5' 7'',Marketing,"Baltimore, Md.",,Garrison Forrest School,https://bluehens.com/sports/field-hockey/roster/cameron-medinger/29411,Senior,180
Delaware,2025,,Amanda Rattay,5,F,5' 6'',Health Behavior Science,"Newark, Del.",,Newark Charter,https://bluehens.com/sports/field-hockey/roster/amanda-rattay/32210,Freshman,180
Delaware,2025,,Tetje Williamson,6,M,5' 4'',Biomedical Engineering,"Oley, Pa.",,Oley Valley,https://bluehens.com/sports/field-hockey/roster/tetje-williamson/32216,Junior,180
Delaware,2025,,Linde van Leeuwen,7,D,5' 6'',Psychology,"Heemstede, The Netherlands",,Lyceum Sancta Maria,https://bluehens.com/sports/field-hockey/roster/linde-van-leeuwen/32214,Sophomore,180
Delaware,2025,,Iris Bekker,8,D,5' 8'',Neuroscience,"Zuidlaren, Netherlands",,GHHC Groningen,https://bluehens.com/sports/field-hockey/roster/iris-bekker/29405,Senior,180
Delaware,2025,,Ella Cellini,10,M,5' 5'',Kinesiology,"Phoenixville, Pa.",,Villa Maria Academy,https://bluehens.com/sports/field-hockey/roster/ella-cellini/32202,Freshman,180
Delaware,2025,,Elle Patterson,11,D,5' 7'',Communication,"Ashburn, Va.",,Independence,https://bluehens.com/sports/field-hockey/roster/elle-patterson/32208,Junior,180
Delaware,2025,,Charlotte Robertson,12,M,5' 6'',University Studies,"Edinburgh, Scotland",,Millfield School,https://bluehens.com/sports/field-hockey/roster/charlotte-robertson/32212,Freshman,180
Delaware,2025,,Ashlee Bucksar,13,M,5' 7'',Political Science,"North Wales, Pa.",,William Penn Charter,https://bluehens.com/sports/field-hockey/roster/ashlee-bucksar/29805,Junior,180
Delaware,2025,,Brynn String,14,M,5' 7'',Kinesiology,"Felton, Del.",,Lake Forest,https://bluehens.com/sports/field-hockey/roster/brynn-string/32213,Freshman,180
Delaware,2025,,Sarah Rigual,15,M,5' 3'',Kinesiology,"Fredericksburg, Va.",,James Monroe,https://bluehens.com/sports/field-hockey/roster/sarah-rigual/32211,Junior,180
Delaware,2025,,Kate Fiest,17,M,5' 6'',Communication,"Yorktown, Va.",,Tabb,https://bluehens.com/sports/field-hockey/roster/kate-fiest/32205,Junior,180
Delaware,2025,,Livia van't Hek,18,F,5' 8'',Political Science,"Amsterdam, the Netherlands",,St. Nicolaaslyceum,https://bluehens.com/sports/field-hockey/roster/livia-vant-hek/32215,Freshman,180
Delaware,2025,,Carmella Gannon,19,M,5' 9'',Psychology,"Felton, Del.",,Lake Forest,https://bluehens.com/sports/field-hockey/roster/carmella-gannon/32206,Freshman,180
Delaware,2025,,Izzy Rothwell,20,F,5' 7'',Neuroscience,"Sparks, Md.",,The Bryn Mawr School,https://bluehens.com/sports/field-hockey/roster/izzy-rothwell/29415,Senior,180
Delaware,2025,,Alexa Michielsen,21,M,5' 4'',International Business,"Bloemendaal, the Netherlands",,International School of Amsterdam,https://bluehens.com/sports/field-hockey/roster/alexa-michielsen/30178,Graduate,180
Delaware,2025,,Noelle Sabbagh,22,F,5' 3'',Biological Sciences,"Lewes, Del.",,Cape Henlopen HS,https://bluehens.com/sports/field-hockey/roster/noelle-sabbagh/29416,Senior,180
Delaware,2025,,Kasey Rieger,23,F,4' 11'',University Studies,"Langhorne, Pa.",,Neshaminy,https://bluehens.com/sports/field-hockey/roster/kasey-rieger/29801,Freshman,180
Delaware,2025,,Katie Clarke,24,M,5' 8'',Biological Sciences,"Purcellville, Va.",,Loudoun Valley,https://bluehens.com/sports/field-hockey/roster/katie-clarke/32203,Freshman,180
Delaware,2025,,Lainey Baker,25,F,5' 7'',Early Childhood Education,"Louisville, Ky.",,Sacred Heart Academy,https://bluehens.com/sports/field-hockey/roster/lainey-baker/29404,Senior,180
Delaware,2025,,Gabby Prentice,86,GK,5' 8'',Nutrition and Dietetics,"Arnold, Md.",,Archbishop Spalding,https://bluehens.com/sports/field-hockey/roster/gabby-prentice/32209,Freshman,180
Delaware,2025,,Kristi Merashoff,99,GK,5' 6'',Business Analytics & Information Management,"Towson, Md.",,Towson HS,https://bluehens.com/sports/field-hockey/roster/kristi-merashoff/29796,Graduate,180
Drexel,2025,,Ryan Hickey,1,M,5' 4'',,"Coatesville, Pa.",,Villa Maria,https://drexeldragons.com/sports/field-hockey/roster/ryan-hickey/11631,Redshirt Junior,191
Drexel,2025,,Maya Williams,2,F,5' 8'',,"Harrisburg, Pa.",,Central Dauphin,https://drexeldragons.com/sports/field-hockey/roster/maya-williams/11640,Junior,191
Drexel,2025,,Valentine Van Hellemont,3,M,5' 4'',,"Lier, Belgium",,Sint-Aloysius Institute,https://drexeldragons.com/sports/field-hockey/roster/valentine-van-hellemont/11639,Junior,191
Drexel,2025,,Paige Hoyer,5,M,5' 9'',,"Louisville, Ky.",,North Oldham,https://drexeldragons.com/sports/field-hockey/roster/paige-hoyer/11632,Junior,191
Drexel,2025,,Florienne Bosdijk,6,M,5' 7'',,"Eindhoven, Netherlands",,Summa College,https://drexeldragons.com/sports/field-hockey/roster/florienne-bosdijk/11622,Freshman,191
Drexel,2025,,Phoebe Thielmann,7,M,5' 8'',,"Pennington, NJ",,The Hun School of Princeton,https://drexeldragons.com/sports/field-hockey/roster/phoebe-thielmann/11638,Freshman,191
Drexel,2025,,Lauren Kushma,8,F,5' 6'',,"Macungie, Pa.",,Allentown Central Catholic,https://drexeldragons.com/sports/field-hockey/roster/lauren-kushma/11634,Freshman,191
Drexel,2025,,Izzy Hendricks,9,D,5' 6'',,"Houston, Texas",,The Kinkaid School,https://drexeldragons.com/sports/field-hockey/roster/izzy-hendricks/11628,Sophomore,191
Drexel,2025,,Fleur Hamers,10,M,5' 5'',,"Enschede, Netherlands",,Het Stedelijk Kottenpark,https://drexeldragons.com/sports/field-hockey/roster/fleur-hamers/11627,Freshman,191
Drexel,2025,,Marti Sanabria,11,M,5' 6'',,"Chascomús, Argentina",,Corazon de Maria,https://drexeldragons.com/sports/field-hockey/roster/marti-sanabria/11176,Senior,191
Drexel,2025,,Natali Foster,13,D,5' 6'',,"Elverson, Pa.",,Twin Valley,https://drexeldragons.com/sports/field-hockey/roster/natali-foster/11165,Senior,191
Drexel,2025,,Phebe Herlocher,14,D,5' 6'',,"State College, Pa.",,State College,https://drexeldragons.com/sports/field-hockey/roster/phebe-herlocher/11630,Senior,191
Drexel,2025,,Nicole Enslin,15,D,5' 10'',,"Perth, Australia",,Presbyterian Ladies College,https://drexeldragons.com/sports/field-hockey/roster/nicole-enslin/11623,Junior,191
Drexel,2025,,Morgan Herceg,16,M,5' 1'',,"Nazareth, Pa.",,Nazareth Area,https://drexeldragons.com/sports/field-hockey/roster/morgan-herceg/11629,Redshirt Freshman,191
Drexel,2025,,Mikayla Appel,17,F,5' 2'',,"Manheim, Pa.",,Manheim Central,https://drexeldragons.com/sports/field-hockey/roster/mikayla-appel/11621,Redshirt Freshman,191
Drexel,2025,,Kylah Kelly,20,D,5' 5'',,"Mountain Top, Pa.",,Crestwood,https://drexeldragons.com/sports/field-hockey/roster/kylah-kelly/11633,Freshman,191
Drexel,2025,,Anna Castaldo,21,F,5' 7'',,"Endicott, N.Y.",,Maine-Endwell Senior HS,https://drexeldragons.com/sports/field-hockey/roster/anna-castaldo/11164,Graduate,191
Drexel,2025,,Pili Lemoine,24,F,5' 4'',,"Montevideo, Uruguay",,Preuniversitario Juan XXIII,https://drexeldragons.com/sports/field-hockey/roster/pili-lemoine/11635,Junior,191
Drexel,2025,,Anna Getty,29,D,5' 6'',,"Wilmington, Del.",,Padua Academy,https://drexeldragons.com/sports/field-hockey/roster/anna-getty/11167,Redshirt Senior,191
Drexel,2025,,Sadie Schultz,30,F,5' 7'',,Radnor Senior High School,,"Bryn Mawr, Pa.",https://drexeldragons.com/sports/field-hockey/roster/sadie-schultz/11637,Redshirt Freshman,191
Drexel,2025,,Lily Haag,33,F,5' 6'',,"Chalfont, Pa.",,Central Bucks South,https://drexeldragons.com/sports/field-hockey/roster/lily-haag/11626,Redshirt Sophomore,191
Drexel,2025,,Ella Haag,34,D,5' 5'',,"Chalfont, Pa.",,Central Bucks South,https://drexeldragons.com/sports/field-hockey/roster/ella-haag/11625,Freshman,191
Drexel,2025,,Sage O'Connor,42,D,5' 9'',,"Narberth, Pa.",,Lower Merion,https://drexeldragons.com/sports/field-hockey/roster/sage-oconnor/11174,Redshirt Senior,191
Drexel,2025,,Halle Geiger,66,GK,5' 8'',,"Townsend, Del.",,Smyrna,https://drexeldragons.com/sports/field-hockey/roster/halle-geiger/11624,Sophomore,191
Drexel,2025,,Alana Poole,88,GK,5' 5'',,"Glen Mills, Pa.",,Garnet Valley,https://drexeldragons.com/sports/field-hockey/roster/alana-poole/11636,Redshirt Sophomore,191
Duke,2025,,Madison Beach,2,M,5' 7'',,"Northbrook, Ill.",,Glenbrook North HS,https://goduke.com/sports/field-hockey/roster/madison-beach/24133,Sophomore,193
Duke,2025,,Juliette Schulten,3,D,5' 7'',,"Rotterdam, The Netherlands",,Scarborough College,https://goduke.com/sports/field-hockey/roster/juliette-schulten/24148,Freshman,193
Duke,2025,,Reagan Ciabattoni,4,D,5' 9'',,"Lewes, Del.",,Cape Henlopen,https://goduke.com/sports/field-hockey/roster/reagan-ciabattoni/23102,Senior,193
Duke,2025,,Sydney Beare,5,M,5' 6'',,"London, England",,Mill Hill County HS,https://goduke.com/sports/field-hockey/roster/sydney-beare/24134,Freshman,193
Duke,2025,,Macy Szukics,6,D,5' 3'',,"Malvern, Pa.",,The Episcopal Academy,https://goduke.com/sports/field-hockey/roster/macy-szukics/22822,Senior,193
Duke,2025,,Kyle Massey,7,F,5' 4'',,"Houston, Texas",,The Kinkaid School,https://goduke.com/sports/field-hockey/roster/kyle-massey/24145,Junior,193
Duke,2025,,Juliette Gatsonides,8,M,5' 7'',,"Aerdenhout, The Netherlands",,Atheneum College Hageveld,https://goduke.com/sports/field-hockey/roster/juliette-gatsonides/24143,Freshman,193
Duke,2025,,Sofia Fidalgo Schioppa,9,M,5' 6'',,"Westport, Conn.",,Staples HS,https://goduke.com/sports/field-hockey/roster/sofia-fidalgo-schioppa/24142,Freshman,193
Duke,2025,,Shae Wozniak,10,M,5' 6'',,"Wayne, Pa.",,Conestoga HS,https://goduke.com/sports/field-hockey/roster/shae-wozniak/24152,Freshman,193
Duke,2025,,Lily Soldan,11,F,5' 7'',,"Ann Arbor, Mich.",,Pioneer HS,https://goduke.com/sports/field-hockey/roster/lily-soldan/24149,Freshman,193
Duke,2025,,Maggie Kondrath,12,F,5' 6'',,"Downingtown, Pa.",,The Hill School,https://goduke.com/sports/field-hockey/roster/maggie-kondrath/24144,Junior,193
Duke,2025,,Ashley Stockdale,13,F,5' 7'',,"Darien, Conn.",,Darien HS,https://goduke.com/sports/field-hockey/roster/ashley-stockdale/24150,Sophomore,193
Duke,2025,,Alaina McVeigh,14,F,5' 10'',,"Lansdale, Pa.",,Gwynedd Mercy Academy,https://goduke.com/sports/field-hockey/roster/alaina-mcveigh/24146,Senior,193
Duke,2025,,Kate Donnellan,16,F,5' 3'',,"Riverside, Conn.",,Greenwich HS,https://goduke.com/sports/field-hockey/roster/kate-donnellan/24141,Freshman,193
Duke,2025,,Gracie Butler,17,F,5' 9'',,"Oxshott, England",,Wellington College,https://goduke.com/sports/field-hockey/roster/gracie-butler/24137,Sophomore,193
Duke,2025,,Julia Boehringer,18,M,5' 6'',,"Munich, Germany",,Gymnasium München-Nord Elite Schule des Sports,https://goduke.com/sports/field-hockey/roster/julia-boehringer/24135,Sophomore,193
Duke,2025,,Paige Bitting,21,M,5' 5'',,"Hummelstown, Pa.",,Lower Dauphin,https://goduke.com/sports/field-hockey/roster/paige-bitting/22797,Senior,193
Duke,2025,,Stella Bumgarner,22,D,5' 7'',,"Pasadena, Md.",,Archbishop Spalding HS,https://goduke.com/sports/field-hockey/roster/stella-bumgarner/24136,Freshman,193
Duke,2025,,Issy Carey,24,F,5' 5'',,"Weybridge, England",,St. George’s College,https://goduke.com/sports/field-hockey/roster/issy-carey/22814,Graduate,193
Duke,2025,,Sophia Miller,27,D,5' 11'',,"Far Hills, N.J.",,Kent Place School,https://goduke.com/sports/field-hockey/roster/sophia-miller/24147,Junior,193
Duke,2025,,Ava Cickavage,33,D,5' 8'',,"Moorestown, N.J.",,Moorestown,https://goduke.com/sports/field-hockey/roster/ava-cickavage/22833,Graduate,193
Duke,2025,,Brynn Crouse,34,M,5' 5'',,"Dillsburg, Pa.",,Northern York,https://goduke.com/sports/field-hockey/roster/brynn-crouse/23101,Senior,193
Duke,2025,,Abigail Spear,44,GK,5' 5'',,"Virginia Beach, Va.",,Frank W. Cox,https://goduke.com/sports/field-hockey/roster/abigail-spear/22820,Senior,193
Duke,2025,,Kaiya Chepow,55,GK,5' 6'',,"Downingtown, Pa.",,Downingtown West HS,https://goduke.com/sports/field-hockey/roster/kaiya-chepow/24138,Sophomore,193
Duke,2025,,Brooke Borzymowski,88,GK,5' 9'',,"Fallston, Md.",,Notre Dame Prep,https://goduke.com/sports/field-hockey/roster/brooke-borzymowski/22832,Graduate,193
Fairfield,2025,,Paige Jackson,0,,,,,,,https://fairfieldstags.com/sports/field-hockey/roster/paige-jackson/7478,,220
Fairfield,2025,,Alex Senior,1,,,,,,,https://fairfieldstags.com/sports/field-hockey/roster/alex-senior/7489,,220
Fairfield,2025,,Amanda Dressel,2,,,,,,,https://fairfieldstags.com/sports/field-hockey/roster/amanda-dressel/7473,,220
Fairfield,2025,,Rory Saxon,3,,,,,,,https://fairfieldstags.com/sports/field-hockey/roster/rory-saxon/7490,,220
Fairfield,2025,,Alex Jordon,4,,,,,,,https://fairfieldstags.com/sports/field-hockey/roster/alex-jordon/7491,,220
Fairfield,2025,,Rylee LaLoup,5,,,,,,,https://fairfieldstags.com/sports/field-hockey/roster/rylee-laloup/7479,,220
Fairfield,2025,,Autumn Bartush,6,,,,,,,https://fairfieldstags.com/sports/field-hockey/roster/autumn-bartush/7470,,220
Fairfield,2025,,Emily Carney,7,,,,,,,https://fairfieldstags.com/sports/field-hockey/roster/emily-carney/7492,,220
Fairfield,2025,,Grace Camera,8,,,,,,,https://fairfieldstags.com/sports/field-hockey/roster/grace-camera/7471,,220
Fairfield,2025,,Maggie Dowd,9,,,,,,,https://fairfieldstags.com/sports/field-hockey/roster/maggie-dowd/7493,,220
Fairfield,2025,,Camille Perlov,10,,,,,,,https://fairfieldstags.com/sports/field-hockey/roster/camille-perlov/7485,,220
Fairfield,2025,,Alyse Wanchisen,11,,,,,,,https://fairfieldstags.com/sports/field-hockey/roster/alyse-wanchisen/7494,,220
Fairfield,2025,,Noor Hellemans,12,,,,,,,https://fairfieldstags.com/sports/field-hockey/roster/noor-hellemans/7476,,220
Fairfield,2025,,Kylie Corcoran,13,,,,,,,https://fairfieldstags.com/sports/field-hockey/roster/kylie-corcoran/7472,,220
Fairfield,2025,,Catherine Fitzgerald,14,,,,,,,https://fairfieldstags.com/sports/field-hockey/roster/catherine-fitzgerald/7474,,220
Fairfield,2025,,Catalina Ness,16,,,,,,,https://fairfieldstags.com/sports/field-hockey/roster/catalina-ness/7484,,220
Fairfield,2025,,Konni Hofmann,17,,,,,,,https://fairfieldstags.com/sports/field-hockey/roster/konni-hofmann/7477,,220
Fairfield,2025,,Kaelyn Fogelson,18,,,,,,,https://fairfieldstags.com/sports/field-hockey/roster/kaelyn-fogelson/7475,,220
Fairfield,2025,,Pilar Mengotti,19,,,,,,,https://fairfieldstags.com/sports/field-hockey/roster/pilar-mengotti/7482,,220
Fairfield,2025,,Kelley Monahan,20,,,,,,,https://fairfieldstags.com/sports/field-hockey/roster/kelley-monahan/7483,,220
Fairfield,2025,,Alice Pifferi,21,,,,,,,https://fairfieldstags.com/sports/field-hockey/roster/alice-pifferi/7486,,220
Fairfield,2025,,Beatrice Loevenich,22,,,,,,,https://fairfieldstags.com/sports/field-hockey/roster/beatrice-loevenich/7480,,220
Fairfield,2025,,Courtland Schumacher,24,,,,,,,https://fairfieldstags.com/sports/field-hockey/roster/courtland-schumacher/7488,,220
Fairfield,2025,,Stevie Zonarich,28,,,,,,,https://fairfieldstags.com/sports/field-hockey/roster/stevie-zonarich/7495,,220
Fairfield,2025,,Georgia McDade,44,,,,,,,https://fairfieldstags.com/sports/field-hockey/roster/georgia-mcdade/7481,,220
Fairfield,2025,,Payton Rahn,88,,,,,,,https://fairfieldstags.com/sports/field-hockey/roster/payton-rahn/7487,,220
Georgetown,2025,,Lexi Burger,1,,,,,,,https://guhoyas.com/sports/field-hockey/roster/lexi-burger/17194,,251
Georgetown,2025,,Sydney Yodh,2,,,,,,,https://guhoyas.com/sports/field-hockey/roster/sydney-yodh/17137,,251
Georgetown,2025,,Katherine Malloy,3,,,,,,,https://guhoyas.com/sports/field-hockey/roster/katherine-malloy/17128,,251
Georgetown,2025,,Nina Mayro,4,,,,,,,https://guhoyas.com/sports/field-hockey/roster/nina-mayro/17130,,251
Georgetown,2025,,Colleen Maloney,5,,,,,,,https://guhoyas.com/sports/field-hockey/roster/colleen-maloney/17129,,251
Georgetown,2025,,Riley Fitzgerald,6,,,,,,,https://guhoyas.com/sports/field-hockey/roster/riley-fitzgerald/17121,,251
Georgetown,2025,,Elena Perez Alejandro,7,,,,,,,https://guhoyas.com/sports/field-hockey/roster/elena-perez-alejandro/17132,,251
Georgetown,2025,,Laney Reiser,8,,,,,,,https://guhoyas.com/sports/field-hockey/roster/laney-reiser/17195,,251
Georgetown,2025,,Julia Hall,9,,,,,,,https://guhoyas.com/sports/field-hockey/roster/julia-hall/17124,,251
Georgetown,2025,,Kerry Elliott,10,,,,,,,https://guhoyas.com/sports/field-hockey/roster/kerry-elliott/17119,,251
Georgetown,2025,,Adelae Chierici,11,,,,,,,https://guhoyas.com/sports/field-hockey/roster/adelae-chierici/17196,,251
Georgetown,2025,,Elizabeth Rossotti,12,,,,,,,https://guhoyas.com/sports/field-hockey/roster/elizabeth-rossotti/17133,,251
Georgetown,2025,,Madison Frank,13,,,,,,,https://guhoyas.com/sports/field-hockey/roster/madison-frank/17122,,251
Georgetown,2025,,Kelly O'Connor,14,,,,,,,https://guhoyas.com/sports/field-hockey/roster/kelly-o-connor/17131,,251
Georgetown,2025,,Caroline Suko,15,,,,,,,https://guhoyas.com/sports/field-hockey/roster/caroline-suko/17135,,251
Georgetown,2025,,Lindsay Morin,17,,,,,,,https://guhoyas.com/sports/field-hockey/roster/lindsay-morin/17197,,251
Georgetown,2025,,Kaitlin Brice,18,,,,,,,https://guhoyas.com/sports/field-hockey/roster/kaitlin-brice/17118,,251
Georgetown,2025,,Lily Jamison,19,,,,,,,https://guhoyas.com/sports/field-hockey/roster/lily-jamison/17125,,251
Georgetown,2025,,Izzy Lee,20,,,,,,,https://guhoyas.com/sports/field-hockey/roster/izzy-lee/17127,,251
Georgetown,2025,,Kate McManaman,21,,,,,,,https://guhoyas.com/sports/field-hockey/roster/kate-mcmanaman/17379,,251
Georgetown,2025,,Ellie Johnson,22,,,,,,,https://guhoyas.com/sports/field-hockey/roster/ellie-johnson/17126,,251
Georgetown,2025,,Anna Krebs,23,,,,,,,https://guhoyas.com/sports/field-hockey/roster/anna-krebs/17198,,251
Georgetown,2025,,Ava Tilger,24,,,,,,,https://guhoyas.com/sports/field-hockey/roster/ava-tilger/17136,,251
Georgetown,2025,,Anna Gill,27,,,,,,,https://guhoyas.com/sports/field-hockey/roster/anna-gill/17123,,251
Georgetown,2025,,Lily Saal,28,,,,,,,https://guhoyas.com/sports/field-hockey/roster/lily-saal/17199,,251
Georgetown,2025,,Alex Duff,29,,,,,,,https://guhoyas.com/sports/field-hockey/roster/alex-duff/17200,,251
Georgetown,2025,,Ella Fahey,33,,,,,,,https://guhoyas.com/sports/field-hockey/roster/ella-fahey/17120,,251
Harvard,2025,,Sage Piekarski,0,,,,,,,https://gocrimson.com/sports/field-hockey/roster/sage-piekarski/31028,,275
Harvard,2025,,Tessa Shahbo,1,,,,,,,https://gocrimson.com/sports/field-hockey/roster/tessa-shahbo/31030,,275
Harvard,2025,,Martha le Huray,2,,,,,,,https://gocrimson.com/sports/field-hockey/roster/martha-le-huray/31025,,275
Harvard,2025,,Kitty Chapple,3,,,,,,,https://gocrimson.com/sports/field-hockey/roster/kitty-chapple/31021,,275
Harvard,2025,,Fiene Oerlemans,4,,,,,,,https://gocrimson.com/sports/field-hockey/roster/fiene-oerlemans/31026,,275
Harvard,2025,,Lucy Barker,5,,,,,,,https://gocrimson.com/sports/field-hockey/roster/lucy-barker/31142,,275
Harvard,2025,,Rosa Kooijmans,7,,,,,,,https://gocrimson.com/sports/field-hockey/roster/rosa-kooijmans/31146,,275
Harvard,2025,,Bronte-May Brough,8,,,,,,,https://gocrimson.com/sports/field-hockey/roster/bronte-may-brough/31017,,275
Harvard,2025,,Tilly Butterworth,9,,,,,,,https://gocrimson.com/sports/field-hockey/roster/tilly-butterworth/31018,,275
Harvard,2025,,Josephine Carollo,10,,,,,,,https://gocrimson.com/sports/field-hockey/roster/josephine-carollo/31148,,275
Harvard,2025,,Caroline Morris,11,,,,,,,https://gocrimson.com/sports/field-hockey/roster/caroline-morris/31147,,275
Harvard,2025,,Marie Schaefers,12,,,,,,,https://gocrimson.com/sports/field-hockey/roster/marie-schaefers/31029,,275
Harvard,2025,,Brooke Chandler,13,,,,,,,https://gocrimson.com/sports/field-hockey/roster/brooke-chandler/31144,,275
Harvard,2025,,Charlotte Casiraghi,15,,,,,,,https://gocrimson.com/sports/field-hockey/roster/charlotte-casiraghi/31020,,275
Harvard,2025,,Emily Bronckers,16,,,,,,,https://gocrimson.com/sports/field-hockey/roster/emily-bronckers/31016,,275
Harvard,2025,,Kate Oliver,17,,,,,,,https://gocrimson.com/sports/field-hockey/roster/kate-oliver/31027,,275
Harvard,2025,,Lara Beekhuis,18,,,,,,,https://gocrimson.com/sports/field-hockey/roster/lara-beekhuis/31015,,275
Harvard,2025,,Paige Cornelius,19,,,,,,,https://gocrimson.com/sports/field-hockey/roster/paige-cornelius/31022,,275
Harvard,2025,,Smilla Klas,20,,,,,,,https://gocrimson.com/sports/field-hockey/roster/smilla-klas/31024,,275
Harvard,2025,,Cara Cronin,22,,,,,,,https://gocrimson.com/sports/field-hockey/roster/cara-cronin/31023,,275
Harvard,2025,,Linde Burger,24,,,,,,,https://gocrimson.com/sports/field-hockey/roster/linde-burger/31143,,275
Harvard,2025,,Shakila Keable,26,,,,,,,https://gocrimson.com/sports/field-hockey/roster/shakila-keable/31145,,275
Hofstra,2025,,,,,,,,,,,,283
Hofstra,2025,,,,,,,,,,,,283
Holy Cross,2025,,Ava Huntley,1,,,,,,,https://goholycross.com/sports/field-hockey/roster/ava-huntley/16365,,285
Holy Cross,2025,,Julia Carrozza,2,,,,,,,https://goholycross.com/sports/field-hockey/roster/julia-carrozza/16362,,285
Holy Cross,2025,,Saskia Williams,3,,,,,,,https://goholycross.com/sports/field-hockey/roster/saskia-williams/16376,,285
Holy Cross,2025,,Maya Zahlan,4,,,,,,,https://goholycross.com/sports/field-hockey/roster/maya-zahlan/16377,,285
Holy Cross,2025,,Izzy van der Spuy,5,,,,,,,https://goholycross.com/sports/field-hockey/roster/izzy-van-der-spuy/16375,,285
Holy Cross,2025,,Maguire Sturgis,6,,,,,,,https://goholycross.com/sports/field-hockey/roster/maguire-sturgis/16374,,285
Holy Cross,2025,,Meredith Schepens,7,,,,,,,https://goholycross.com/sports/field-hockey/roster/meredith-schepens/16372,,285
Holy Cross,2025,,Coley Leo,8,,,,,,,https://goholycross.com/sports/field-hockey/roster/coley-leo/16366,,285
Holy Cross,2025,,Maeve Kiernan,9,,,,,,,https://goholycross.com/sports/field-hockey/roster/maeve-kiernan/16379,,285
Holy Cross,2025,,Kendall Blomquist,11,,,,,,,https://goholycross.com/sports/field-hockey/roster/kendall-blomquist/16360,,285
Holy Cross,2025,,Ainsley Clough,12,,,,,,,https://goholycross.com/sports/field-hockey/roster/ainsley-clough/16381,,285
Holy Cross,2025,,Mia McCloskey,13,,,,,,,https://goholycross.com/sports/field-hockey/roster/mia-mccloskey/16368,,285
Holy Cross,2025,,Carolina di Gregorio Giralt,14,,,,,,,https://goholycross.com/sports/field-hockey/roster/carolina-di-gregorio-giralt/16364,,285
Holy Cross,2025,,Judy Rodolakis,15,,,,,,,https://goholycross.com/sports/field-hockey/roster/judy-rodolakis/16371,,285
Holy Cross,2025,,Charlotte Powers,16,,,,,,,https://goholycross.com/sports/field-hockey/roster/charlotte-powers/16370,,285
Holy Cross,2025,,Megan Schienbein,17,,,,,,,https://goholycross.com/sports/field-hockey/roster/megan-schienbein/16373,,285
Holy Cross,2025,,Rachel Egan,18,,,,,,,https://goholycross.com/sports/field-hockey/roster/rachel-egan/16382,,285
Holy Cross,2025,,Martina di Gregorio Giralt,19,,,,,,,https://goholycross.com/sports/field-hockey/roster/martina-di-gregorio-giralt/16383,,285
Holy Cross,2025,,Marissa MacLean,21,,,,,,,https://goholycross.com/sports/field-hockey/roster/marissa-maclean/16367,,285
Holy Cross,2025,,Kendall Brady,22,,,,,,,https://goholycross.com/sports/field-hockey/roster/kendall-brady/16361,,285
Holy Cross,2025,,Jocelyn Monti,23,,,,,,,https://goholycross.com/sports/field-hockey/roster/jocelyn-monti/16369,,285
Holy Cross,2025,,Hadley Rand,24,,,,,,,https://goholycross.com/sports/field-hockey/roster/hadley-rand/16380,,285
Holy Cross,2025,,Alexa Birch,25,,,,,,,https://goholycross.com/sports/field-hockey/roster/alexa-birch/16378,,285
Holy Cross,2025,,Madison Clark,32,,,,,,,https://goholycross.com/sports/field-hockey/roster/madison-clark/16363,,285
Indiana,2025,,Kate Longo,2,D,5' 3'',,"Charlotte, N.C.",,The Hill School (PA),https://iuhoosiers.com/sports/field-hockey/roster/kate-longo/20042,Redshirt Sophomore,306
Indiana,2025,,Lily Freeman,4,D,,,"London, England",,Finchley Catholic,https://iuhoosiers.com/sports/field-hockey/roster/lily-freeman/21001,Freshman,306
Indiana,2025,,Keke Sluiter,5,M,5' 2'',,"Nieuw-Vennep, Netherlands",,Haarlemmerlyceum TTO,https://iuhoosiers.com/sports/field-hockey/roster/keke-sluiter/21012,Sophomore,306
Indiana,2025,,Georgia Rottinghaus,6,M,,,"Pittsburgh, Pa.",,Pine-Richland,https://iuhoosiers.com/sports/field-hockey/roster/georgia-rottinghaus/21011,Freshman,306
Indiana,2025,,Molly Stutte,7,F,,,"St. Louis, Mo.",,Cor Jesu,https://iuhoosiers.com/sports/field-hockey/roster/molly-stutte/21013,Freshman,306
Indiana,2025,,Kylie Dawson,8,D,5' 8'',Business,"Audubon, N.J.",,Eastern Regional,https://iuhoosiers.com/sports/field-hockey/roster/kylie-dawson/20038,Senior,306
Indiana,2025,,Ava Winner,9,F,5' 1'',Interior Design,"Lutherville, Md.",,Dulaney High School,https://iuhoosiers.com/sports/field-hockey/roster/ava-winner/21014,Junior,306
Indiana,2025,,Anna Mozeleski,10,M,5' 3'',Neuroscience,"Kingston, Pa.",,Wyoming Seminary College Prep,https://iuhoosiers.com/sports/field-hockey/roster/anna-mozeleski/20044,Senior,306
Indiana,2025,,Morgan Qualls,11,D,5' 3'',,"Randallstown, Md.",,Garrison Forest,https://iuhoosiers.com/sports/field-hockey/roster/morgan-qualls/21008,Redshirt Freshman,306
Indiana,2025,,Rylee Brooks-Booth,12,M,,,"Virginia Beach, Va.",,First Colonial,https://iuhoosiers.com/sports/field-hockey/roster/rylee-brooksbooth/20324,Freshman,306
Indiana,2025,,Elen Nicholls,13,D,5' 6'',,"Cardiff, Wales",,St. Lawrence College,https://iuhoosiers.com/sports/field-hockey/roster/elen-nicholls/20045,Junior,306
Indiana,2025,,Charlotte Glasper,14,F,5' 6'',,"Shaker Heights, Ohio",,Shaker Heights,https://iuhoosiers.com/sports/field-hockey/roster/charlotte-glasper/21003,Sophomore,306
Indiana,2025,,Kiki Oomens,15,F,,,"Breda, Netherlands",,Stedelijk Gymnasium Breda,https://iuhoosiers.com/sports/field-hockey/roster/kiki-oomens/20328,Freshman,306
Indiana,2025,,Mijntje Hagen,16,F,5' 10'',,"Zeist, Netherlands",,KSG de Breul,https://iuhoosiers.com/sports/field-hockey/roster/mijntje-hagen/21004,Sophomore,306
Indiana,2025,,Celia Arroyo Cabezudo,17,F,,,"Santander, Spain",,Esclavas Del Sagrado Corazón de Jesús,https://iuhoosiers.com/sports/field-hockey/roster/celia-arroyo-cabezudo/20997,Freshman,306
Indiana,2025,,Emma Thompson,21,D,5' 8'',,"Auckland, New Zealand",,St. Cuthbert's College,https://iuhoosiers.com/sports/field-hockey/roster/emma-thompson/20050,Senior,306
Indiana,2025,,Javi Baeza,24,M,5' 2'',Marketing,"Shaker Heights, Ohio",,Shaker Heights,https://iuhoosiers.com/sports/field-hockey/roster/javi-baeza/20998,Junior,306
Indiana,2025,,Ella Davis,25,F,,,"Louisville, Ky.",,Sacred Heart,https://iuhoosiers.com/sports/field-hockey/roster/ella-davis/20325,Freshman,306
Indiana,2025,,Sadie Canelli,26,GK,5' 3'',,"Boxford, Mass.",,Pingree School,https://iuhoosiers.com/sports/field-hockey/roster/sadie-canelli/20999,Sophomore,306
Indiana,2025,,Theresa Ricci,27,F,5' 6'',,"Garnet Valley, Pa.",,Garnet Valley,https://iuhoosiers.com/sports/field-hockey/roster/theresa-ricci/21009,Junior,306
Indiana,2025,,Cecilia Maixner,29,D,5' 7'',,"Ann Arbor, Mich.",,Pioneer,https://iuhoosiers.com/sports/field-hockey/roster/cecilia-maixner/20043,Redshirt Junior,306
Indiana,2025,,Sydney Meltzer,32,M,,,"San Diego, Calif.",,Torrey Pines,https://iuhoosiers.com/sports/field-hockey/roster/sydney-meltzer/21006,Freshman,306
Indiana,2025,,Hannah Riddle,33,D,5' 7'',Pre-Med/Nursing,"Louisville, Ky.",,Assumption,https://iuhoosiers.com/sports/field-hockey/roster/hannah-riddle/21010,Junior,306
Indiana,2025,,Inés Garcia Prado,34,M,5' 2'',,"Madrid, Spain",,Isaac Newton School,https://iuhoosiers.com/sports/field-hockey/roster/ins-garcia-prado/21002,Junior,306
Indiana,2025,,Kai Killian,76,GK,,,"Hummelstown, Pa.",,Lower Dauphin,https://iuhoosiers.com/sports/field-hockey/roster/kai-killian/21005,Freshman,306
Iowa,2025,,Sabrina McGroarty,1,M,,,"Mickleton, N.J.",Kingsway Regional,,https://hawkeyesports.com/sports/fhockey/roster/player/sabrina-mcgroarty,,312
Iowa,2025,,Rachel Herbine,2,F,,,"Macungie, Pa.",Emmaus,,https://hawkeyesports.com/sports/fhockey/roster/player/rachel-herbine,,312
Iowa,2025,,Niamh de Jong,4,M,,,"Brisbane, Australia",,,https://hawkeyesports.com/sports/fhockey/roster/player/niamh-de-jong,,312
Iowa,2025,,Lieve van Kessel,5,M,,,"Geertruidenberg, Netherlands",Dongemond College,,https://hawkeyesports.com/sports/fhockey/roster/player/lieve-van-kessel,,312
Iowa,2025,,Tess Reed,6,F,,,"St. Louis, Mo.",Visitation Academy,,https://hawkeyesports.com/sports/fhockey/roster/player/tess-reed,,312
Iowa,2025,,Gia Whalen,7,M,,,"Paoli, Pa.",Villa Maria Academy,,https://hawkeyesports.com/sports/fhockey/roster/player/gia-whalen,,312
Iowa,2025,,Miranda Jackson,8,F,,,"Wellingborough, England","Repton School, Derbyshire",,https://hawkeyesports.com/sports/fhockey/roster/player/miranda-jackson,,312
Iowa,2025,,Amber Millard-Smith,9,M,,,"Chester, England",Repton School,,https://hawkeyesports.com/sports/fhockey/roster/player/amber-millard-smith,,312
Iowa,2025,,Dionne van Aalsum,10,M,,,"Castricum, Netherlands",Bonhoeffer College,,https://hawkeyesports.com/sports/fhockey/roster/player/dionne-van-aalsum,,312
Iowa,2025,,Peyton Shellaway,11,D,,,"Gilbertsville, Pa.",Boyertown Area Senior,,https://hawkeyesports.com/sports/fhockey/roster/player/peyton-shellaway,,312
Iowa,2025,,Meg Tebben,12,F,,,"Charlotte, NC",Charlotte Catholic,,https://hawkeyesports.com/sports/fhockey/roster/player/meg-tebben,,312
Iowa,2025,,Myra van de Kop,13,F,,,"Amsterdam, Netherlands",Montessori Lyceum Amsterdam,,https://hawkeyesports.com/sports/fhockey/roster/player/myra-van-de-kop,,312
Iowa,2025,,Lauren DeRose,14,D,,,"Collegeville, Pa.",The Agnes Irwin School,,https://hawkeyesports.com/sports/fhockey/roster/player/lauren-derose,,312
Iowa,2025,,Fiene ten Seldam,15,D,,,"Utrecht, Netherlands",Werkplaats,,https://hawkeyesports.com/sports/fhockey/roster/player/fiene-ten-seldam,,312
Iowa,2025,,Lexie Haig,16,M,,,"Newcastle Upon Tyne, England",Royal Grammar School Newcastle,,https://hawkeyesports.com/sports/fhockey/roster/player/lexie-haig,,312
Iowa,2025,,Hannah Maney,17,F,,,"Lewes, Del.",Cape Henlopen,,https://hawkeyesports.com/sports/fhockey/roster/player/hannah-maney,,312
Iowa,2025,,Reine van Hoof,18,F,,,"Leuven, Belgium",Heilig Hartinstituut Heverlee,,https://hawkeyesports.com/sports/fhockey/roster/player/reine-van-hoof,,312
Iowa,2025,,Mae van Aalsum,19,D,,,"Castricum, Netherlands",,,https://hawkeyesports.com/sports/fhockey/roster/player/mae-van-aalsum,,312
Iowa,2025,,Jordan Byers,20,M,,,"Landisburg, Pa.",West Perry,,https://hawkeyesports.com/sports/fhockey/roster/player/jordan-byers,,312
Iowa,2025,,Julia Claessens,21,GK,,,"'s-Hertogenbosch, Netherlands",Rodenborch College,,https://hawkeyesports.com/sports/fhockey/roster/player/julia-claessens,,312
Iowa,2025,,Mack Panko,22,GK,,,"Virginia Beach, Va.",Norfolk Academy,,https://hawkeyesports.com/sports/fhockey/roster/player/mack-panko,,312
Iowa,2025,,Téa Fortpied,23,D,,,"Chaumont-Gistoux, Belgium",Lycée de Berlaymont,,https://hawkeyesports.com/sports/fhockey/roster/player/tea-fortpied,,312
Iowa,2025,,Fréderique van Cleef,24,F,,,"Asten, Netherlands",,,https://hawkeyesports.com/sports/fhockey/roster/player/frederique-van-cleef,,312
Iowa,2025,,Kaia Beaudoin,25,M,,,"Fairfax, Va.",Fairfax,,https://hawkeyesports.com/sports/fhockey/roster/player/kaia-beaudoin,,312
Iowa,2025,,Emily Edwards,28,D,,,"Stockport, England",,,https://hawkeyesports.com/sports/fhockey/roster/player/emily-edwards,,312
Iowa,2025,,Abby Johnson,33,GK,,,"Walpole, Mass.",Walpole,,https://hawkeyesports.com/sports/fhockey/roster/player/abby-johnson,,312
Iowa,2025,,Allie Curry,44,GK,,,"Antioch, Ill.",Antioch Community,,https://hawkeyesports.com/sports/fhockey/roster/player/allie-curry,,312
James Madison,2025,,Ava Drexler-Amey,1,M,5' 3'',,"Severna Park, Md.",,Severna Park,https://jmusports.com/sports/field-hockey/roster/ava-drexleramey/24414,Junior,317
James Madison,2025,,Puck Jansen,2,D,5' 5'',,"Chaam, The Netherlands",,Onze Lieve Vrouwelyceum,https://jmusports.com/sports/field-hockey/roster/puck-jansen/24418,Freshman,317
James Madison,2025,,Ella Jefferson,3,F,5' 6'',,"Ocean View, N.J.",,Ocean City,https://jmusports.com/sports/field-hockey/roster/ella-jefferson/23717,Freshman,317
James Madison,2025,,Lilly Turner,4,F,5' 5'',,"Virginia Beach, Va.",,Kellam,https://jmusports.com/sports/field-hockey/roster/lilly-turner/24424,Sophomore,317
James Madison,2025,,Kenzie King,5,D,5' 3'',,"Charlottesville, Va.",,Albemarle,https://jmusports.com/sports/field-hockey/roster/kenzie-king/24419,Freshman,317
James Madison,2025,,Maddie Tierney,6,D,5' 8'',,"Fredericksburg, Va.",,James Monroe,https://jmusports.com/sports/field-hockey/roster/maddie-tierney/23697,Redshirt Junior,317
James Madison,2025,,Alice Roeper,8,F,5' 6'',,"Delft, The Netherlands",,Segbroek College,https://jmusports.com/sports/field-hockey/roster/alice-roeper/23694,Senior,317
James Madison,2025,,Azul Covarrubias,9,D,5' 7'',,"The Hague, The Netherlands",,Segbroek College,https://jmusports.com/sports/field-hockey/roster/azul-covarrubias/24413,Junior,317
James Madison,2025,,Madelief Molier,10,F,5' 6'',,"Rotterdam, The Netherlands",,Erasmiaans Gymnasium,https://jmusports.com/sports/field-hockey/roster/madelief-molier/23706,Sophomore,317
James Madison,2025,,Avery Ruckman,11,D,5' 6'',,"Edgewater, Md.",,Archbishop Spalding,https://jmusports.com/sports/field-hockey/roster/avery-ruckman/24422,Redshirt Freshman,317
James Madison,2025,,Anna Collinge,12,M,5' 7'',,"Milton Keynes, England",,Stowe School,https://jmusports.com/sports/field-hockey/roster/anna-collinge/24412,Freshman,317
James Madison,2025,,Elena Giangaspero,13,F,5' 8'',,"Buenos Aires, Argentina",,Escuelas ORT,https://jmusports.com/sports/field-hockey/roster/elena-giangaspero/24415,Sophomore,317
James Madison,2025,,Sydney Raguini,14,F,5' 6'',,"Virginia Beach, Va.",,Princess Anne,https://jmusports.com/sports/field-hockey/roster/sydney-raguini/24421,Freshman,317
James Madison,2025,,Mika Hilburger,15,M,5' 6'',,"Yorktown, Va.",,Tabb,https://jmusports.com/sports/field-hockey/roster/mika-hilburger/24416,Freshman,317
James Madison,2025,,Astrid Van Triest,18,M,5' 7'',,"Brussels, Belgium",,UWC Maastricht,https://jmusports.com/sports/field-hockey/roster/astrid-van-triest/23722,Freshman,317
James Madison,2025,,Sophia Walch,21,F,5' 2'',,"Newark, Del.",,Newark Charter School,https://jmusports.com/sports/field-hockey/roster/sophia-walch/24425,Freshman,317
James Madison,2025,,Lila Harlock,22,M,5' 9'',,"Ann Arbor, Mich.",,Pioneer,https://jmusports.com/sports/field-hockey/roster/lila-harlock/23704,Senior,317
James Madison,2025,,Callen Todd,23,D,5' 4'',,"Chester Springs, Pa.",,Villa Maria Academy,https://jmusports.com/sports/field-hockey/roster/callen-todd/23698,Redshirt Freshman,317
James Madison,2025,,Julie Narleski,24,F,5' 3'',,"Basking Ridge, N.J.",,Ridge,https://jmusports.com/sports/field-hockey/roster/julie-narleski/23674,Senior,317
James Madison,2025,,Brynna Hill,27,M,5' 7'',,"Downingtown, Pa.",,Villa Maria Academy,https://jmusports.com/sports/field-hockey/roster/brynna-hill/24417,Junior,317
James Madison,2025,,Skyler Brown,28,M,5' 6'',,"Poquoson, Va.",,Poquoson,https://jmusports.com/sports/field-hockey/roster/skyler-brown/23700,Senior,317
James Madison,2025,,Jola Ollrogge,29,D,5' 5'',,"Berlin, Germany",,,https://jmusports.com/sports/field-hockey/roster/jola-ollrogge/23708,Senior,317
James Madison,2025,,Lilly Sweeney,30,GK,,,"Gwynedd, Pa.",,Gwynedd Mercy Academy,https://jmusports.com/sports/field-hockey/roster/lilly-sweeney/24423,Junior,317
James Madison,2025,,Molly Schreiner,31,GK,5' 5'',,"State College, Pa.",,State College Area,https://jmusports.com/sports/field-hockey/roster/molly-schreiner/23712,Redshirt Sophomore,317
James Madison,2025,,Hannah Popolis,32,GK,5' 9'',,"Ephrata, Pa.",,Ephrata,https://jmusports.com/sports/field-hockey/roster/hannah-popolis/24420,Redshirt Freshman,317
Kent St.,2025,,Ryli Zee,2,D,,,"Washington Township, N.J.",,Washington Township,https://kentstatesports.com/sports/field-hockey/roster/ryli-zee/15925,Freshman,331
Kent St.,2025,,Emma Seger,3,F,,,"Louisville, Ky.",,Assumption,https://kentstatesports.com/sports/field-hockey/roster/emma-seger/15114,Senior,331
Kent St.,2025,,Tess Gately,5,F,,,"Downingtown, Pa.",,Villa Maria Academy,https://kentstatesports.com/sports/field-hockey/roster/tess-gately/15917,Sophomore,331
Kent St.,2025,,Maybritt Duwel,6,F,,,"The Hague, Netherlands",,Sint-Maartenscollege Voorbu,https://kentstatesports.com/sports/field-hockey/roster/maybritt-duwel/15914,Junior,331
Kent St.,2025,,Emma Rolston,7,F,,,"Newport, Pa.",,Greenwood,https://kentstatesports.com/sports/field-hockey/roster/emma-rolston/15112,Senior,331
Kent St.,2025,,Lucy Keeler,10,F,,,"Powell, Ohio",,Olentangy Liberty,https://kentstatesports.com/sports/field-hockey/roster/lucy-keeler/15109,Junior,331
Kent St.,2025,,Torie Del Collo,11,M,,,"Barrington, N.J.",,Haddon Heights,https://kentstatesports.com/sports/field-hockey/roster/torie-del-collo/15913,Freshman,331
Kent St.,2025,,Ashlyn Taylor,12,M,,,"Millerstown, Pa.",,Greenwood,https://kentstatesports.com/sports/field-hockey/roster/ashlyn-taylor/15921,Junior,331
Kent St.,2025,,Maia Sarrabayrouse,14,M,,,"Barcelona, Spain",,Club Junior F.C.,https://kentstatesports.com/sports/field-hockey/roster/maia-sarrabayrouse/15113,Senior,331
Kent St.,2025,,Julianne Conroy,15,D,,,"Worthington, Ohio",,Thomas Worthington,https://kentstatesports.com/sports/field-hockey/roster/julianne-conroy/15911,Freshman,331
Kent St.,2025,,Mary Kate Finnan,16,D,,,"Mullica Hill, N.J.",,Kingsway Regional,https://kentstatesports.com/sports/field-hockey/roster/mary-kate-finnan/15915,Redshirt Freshman,331
Kent St.,2025,,Roos ten Pas,17,D,,,"IJsselstein, Netherlands",,Anna van Rijn College,https://kentstatesports.com/sports/field-hockey/roster/roos-ten-pas/15922,Freshman,331
Kent St.,2025,,Marissa Skinner,18,D,,,"Dexter, Mich.",,Dexter,https://kentstatesports.com/sports/field-hockey/roster/marissa-skinner/15920,Sophomore,331
Kent St.,2025,,Adelaide Gagnon,20,F,,,"State College, Pa.",,State College Area,https://kentstatesports.com/sports/field-hockey/roster/adelaide-gagnon/15916,Freshman,331
Kent St.,2025,,Sophia Livingston,22,M,,,"Lancaster, Pa.",,Conestoga Valley,https://kentstatesports.com/sports/field-hockey/roster/sophia-livingston/15918,Junior,331
Kent St.,2025,,Emily Robertson,23,D,,,"Melbourne, Australia",,Loyola College,https://kentstatesports.com/sports/field-hockey/roster/emily-robertson/15919,Freshman,331
Kent St.,2025,,Eva Usoz,25,M,,,"Madrid, Spain",,IES Carmen Conde,https://kentstatesports.com/sports/field-hockey/roster/eva-usoz/15923,Junior,331
Kent St.,2025,,Lauren Conroy,26,D,,,"Mount Laurel, N.J.",,Lenape,https://kentstatesports.com/sports/field-hockey/roster/lauren-conroy/15912,Redshirt Junior,331
Kent St.,2025,,Delfina Larripa,28,F,,,"Buenos Aires, Argentina",,Saint Trinnean's,https://kentstatesports.com/sports/field-hockey/roster/delfina-larripa/15110,Senior,331
Kent St.,2025,,Allison Wood,77,GK,,,"Blue Bell, Pa.",,Wissahickon High School,https://kentstatesports.com/sports/field-hockey/roster/allison-wood/15118,Senior,331
Kent St.,2025,,Floortje van Eijden,97,GK,,,"Bussum, Netherlands",,Vitus College,https://kentstatesports.com/sports/field-hockey/roster/floortje-van-eijden/15252,Freshman,331
La Salle,2025,,Abby Boggs,00,,,,,,,https://goexplorers.com/sports/field-hockey/roster/abby-boggs/13045,,361
La Salle,2025,,Roos Pasveer,1,,,,,,,https://goexplorers.com/sports/field-hockey/roster/roos-pasveer/13051,,361
La Salle,2025,,Rumbi Zimuto,3,,,,,,,https://goexplorers.com/sports/field-hockey/roster/rumbi-zimuto/13056,,361
La Salle,2025,,Tannah Duncan,4,,,,,,,https://goexplorers.com/sports/field-hockey/roster/tannah-duncan/13076,,361
La Salle,2025,,Natalie Ricci,5,,,,,,,https://goexplorers.com/sports/field-hockey/roster/natalie-ricci/13052,,361
La Salle,2025,,Victoria Mirabelli,6,,,,,,,https://goexplorers.com/sports/field-hockey/roster/victoria-mirabelli/13216,,361
La Salle,2025,,Marisol Torreyson,8,,,,,,,https://goexplorers.com/sports/field-hockey/roster/marisol-torreyson/13054,,361
La Salle,2025,,Gabrielle LaCroix,9,,,,,,,https://goexplorers.com/sports/field-hockey/roster/gabrielle-lacroix/13123,,361
La Salle,2025,,Natalie Wilson,11,,,,,,,https://goexplorers.com/sports/field-hockey/roster/natalie-wilson/13055,,361
La Salle,2025,,Sofia Enriquez,12,,,,,,,https://goexplorers.com/sports/field-hockey/roster/sofia-enriquez/13050,,361
La Salle,2025,,Kelsey Rowe,14,,,,,,,https://goexplorers.com/sports/field-hockey/roster/kelsey-rowe/13078,,361
La Salle,2025,,Carlye Bryant,15,,,,,,,https://goexplorers.com/sports/field-hockey/roster/carlye-bryant/13075,,361
La Salle,2025,,Annabel Leussink,16,,,,,,,https://goexplorers.com/sports/field-hockey/roster/annabel-leussink/13070,,361
La Salle,2025,,Coco Pelz,17,,,,,,,https://goexplorers.com/sports/field-hockey/roster/coco-pelz/13125,,361
La Salle,2025,,Natalie Forman,19,,,,,,,https://goexplorers.com/sports/field-hockey/roster/natalie-forman/13122,,361
La Salle,2025,,Janne Zillessen,21,,,,,,,https://goexplorers.com/sports/field-hockey/roster/janne-zillessen/13074,,361
La Salle,2025,,Shea Burns,22,,,,,,,https://goexplorers.com/sports/field-hockey/roster/shea-burns/13046,,361
La Salle,2025,,Tilly Diedrichsen,23,,,,,,,https://goexplorers.com/sports/field-hockey/roster/tilly-diedrichsen/13048,,361
La Salle,2025,,Erin Sicari,24,,,,,,,https://goexplorers.com/sports/field-hockey/roster/erin-sicari/13124,,361
La Salle,2025,,Darian DeLeo,26,,,,,,,https://goexplorers.com/sports/field-hockey/roster/darian-deleo/13047,,361
La Salle,2025,,Jeanne Legast,27,,,,,,,https://goexplorers.com/sports/field-hockey/roster/jeanne-legast/13073,,361
La Salle,2025,,Brooke Mitchell,30,,,,,,,https://goexplorers.com/sports/field-hockey/roster/brooke-mitchell/13071,,361
La Salle,2025,,Zarah Synnestvedt,98,,,,,,,https://goexplorers.com/sports/field-hockey/roster/zarah-synnestvedt/13053,,361
La Salle,2025,,Leah DiRenzo,99,,,,,,,https://goexplorers.com/sports/field-hockey/roster/leah-direnzo/13049,,361
Lafayette,2025,,Olivia Krey,1,,,,,,,https://goleopards.com/sports/field-hockey/roster/olivia-krey/13149,,340
Lafayette,2025,,Emma Maher,3,,,,,,,https://goleopards.com/sports/field-hockey/roster/emma-maher/13150,,340
Lafayette,2025,,Stella Malinowski,4,,,,,,,https://goleopards.com/sports/field-hockey/roster/stella-malinowski/13151,,340
Lafayette,2025,,Makenzie Switzer,5,,,,,,,https://goleopards.com/sports/field-hockey/roster/makenzie-switzer/13157,,340
Lafayette,2025,,Maddie Evans,6,,,,,,,https://goleopards.com/sports/field-hockey/roster/maddie-evans/13139,,340
Lafayette,2025,,Ines Araujo,7,,,,,,,https://goleopards.com/sports/field-hockey/roster/ines-araujo/13135,,340
Lafayette,2025,,Lauren Kurek,9,,,,,,,https://goleopards.com/sports/field-hockey/roster/lauren-kurek/13369,,340
Lafayette,2025,,Catalina Rubel,10,,,,,,,https://goleopards.com/sports/field-hockey/roster/catalina-rubel/13155,,340
Lafayette,2025,,Lea Good,11,,,,,,,https://goleopards.com/sports/field-hockey/roster/lea-good/13145,,340
Lafayette,2025,,Katie Gibb,12,,,,,,,https://goleopards.com/sports/field-hockey/roster/katie-gibb/13144,,340
Lafayette,2025,,Mia Freeman,13,,,,,,,https://goleopards.com/sports/field-hockey/roster/mia-freeman/13141,,340
Lafayette,2025,,Kiley Gallagher,14,,,,,,,https://goleopards.com/sports/field-hockey/roster/kiley-gallagher/13142,,340
Lafayette,2025,,Naomi George,15,,,,,,,https://goleopards.com/sports/field-hockey/roster/naomi-george/13143,,340
Lafayette,2025,,Laila Pasic,16,,,,,,,https://goleopards.com/sports/field-hockey/roster/laila-pasic/13153,,340
Lafayette,2025,,Ellie Barton,17,,,,,,,https://goleopards.com/sports/field-hockey/roster/ellie-barton/13136,,340
Lafayette,2025,,Josephine van Wijk,19,,,,,,,https://goleopards.com/sports/field-hockey/roster/josephine-van-wijk/13159,,340
Lafayette,2025,,Feline Reusken,21,,,,,,,https://goleopards.com/sports/field-hockey/roster/feline-reusken/13371,,340
Lafayette,2025,,Peyton Guinter,22,,,,,,,https://goleopards.com/sports/field-hockey/roster/peyton-guinter/13146,,340
Lafayette,2025,,Lena Thedrian,23,,,,,,,https://goleopards.com/sports/field-hockey/roster/lena-thedrian/13158,,340
Lafayette,2025,,Rosalie van Gool,25,,,,,,,https://goleopards.com/sports/field-hockey/roster/rosalie-van-gool/13372,,340
Lafayette,2025,,Linda Nova,27,,,,,,,https://goleopards.com/sports/field-hockey/roster/linda-nova/13373,,340
Lafayette,2025,,Raffi Fragomeni,94,,,,,,,https://goleopards.com/sports/field-hockey/roster/raffi-fragomeni/13140,,340
Lafayette,2025,,Campbell Lemmink,98,,,,,,,https://goleopards.com/sports/field-hockey/roster/campbell-lemmink/13374,,340
Lafayette,2025,,Addison Kahn,99,,,,,,,https://goleopards.com/sports/field-hockey/roster/addison-kahn/13148,,340
Lehigh,2025,,Carly Smith,1,F,5' 3'',Supply Chain Management,"Downingtown, Pa.",,Downingtown West,https://lehighsports.com/sports/field-hockey/roster/carly-smith/20100,Sophomore,342
Lehigh,2025,,Evelyn Melograna,2,D,5' 7'',Political Science,"Wyomissing, Pa.",,Wilson West Lawn,https://lehighsports.com/sports/field-hockey/roster/evelyn-melograna/19538,Fy.,342
Lehigh,2025,,Renee Blake,3,M,4' 11'',Bioengineering,"Eagleville, Pa.",,Methacton,https://lehighsports.com/sports/field-hockey/roster/renee-blake/20087,Sophomore,342
Lehigh,2025,,Katie McCaffrey,4,M,5' 9'',Business,"Far Hills, N.J.",,Ridge,https://lehighsports.com/sports/field-hockey/roster/katie-mccaffrey/20095,Fy.,342
Lehigh,2025,,Annie Bibus,5,M,5' 1'',Mechanical Engineering,"Millersville, Pa.",,Penn Manor,https://lehighsports.com/sports/field-hockey/roster/annie-bibus/20086,Junior,342
Lehigh,2025,,Jordyn Pepper,6,F,5' 4'',Biology,"Robbinsville, N.J.",,Robbinsville,https://lehighsports.com/sports/field-hockey/roster/jordyn-pepper/20097,Sophomore,342
Lehigh,2025,,Nola Ryder,7,M,5' 1'',Journalism,"Wilton, Conn.",,Wilton,https://lehighsports.com/sports/field-hockey/roster/nola-ryder/20099,Junior,342
Lehigh,2025,,Madison Noh,8,F,5' 3'',Architecture and Design,"Worcester, Pa.",,Methacton,https://lehighsports.com/sports/field-hockey/roster/madison-noh/19530,Senior,342
Lehigh,2025,,Aubrey Ide,9,F,5' 6'',Accounting,"Saratoga Springs, N.Y.",,Saratoga Springs,https://lehighsports.com/sports/field-hockey/roster/aubrey-ide/20093,Junior,342
Lehigh,2025,,Georgia Reynolds,10,D,5' 7'',Sociology,"Vancouver, B.C.",,Crofton House,https://lehighsports.com/sports/field-hockey/roster/georgia-reynolds/20098,Junior,342
Lehigh,2025,,Maddie Kandra,11,F,5' 2'',Environmental Studies,"Crofton, Md.",,South River,https://lehighsports.com/sports/field-hockey/roster/maddie-kandra/19526,Senior,342
Lehigh,2025,,Riley Thurston,12,F,5' 0'',Finance,"Hampton, NH",,The Governor's Academy,https://lehighsports.com/sports/field-hockey/roster/riley-thurston/20103,Sophomore,342
Lehigh,2025,,Katie Murphy,13,M,5' 7'',Business,"Wilton, Conn.",,Tabor Academy,https://lehighsports.com/sports/field-hockey/roster/katie-murphy/20096,Fy.,342
Lehigh,2025,,Viola Diorio,14,F,5' 7'',Arts and Sciences,"West Chester, Pa.",,Villa Maria Academy,https://lehighsports.com/sports/field-hockey/roster/viola-diorio/20091,Fy.,342
Lehigh,2025,,Kiki Mes,15,D,5' 2'',Philosophy,"Maastricht, The Netherlands",,Porta Mosana College,https://lehighsports.com/sports/field-hockey/roster/kiki-mes/19529,Senior,342
Lehigh,2025,,Lela Boermeester,16,F,5' 5'',Population Health,"Bolton, Mass.",,Nashoba Regional,https://lehighsports.com/sports/field-hockey/roster/lela-boermeester/19521,Senior,342
Lehigh,2025,,Jordan Kells,17,M,,Biology,"Madison, Conn.",,Daniel Hand,https://lehighsports.com/sports/field-hockey/roster/jordan-kells/20094,Sophomore,342
Lehigh,2025,,Ella Stephenson,20,D,5' 0'',IDEAS,"Mickleton, N.J.",,Kingsway Regional,https://lehighsports.com/sports/field-hockey/roster/ella-stephenson/20101,Junior,342
Lehigh,2025,,Samantha Hillman,21,M,5' 4'',Bioengineering,"St. Louis, Mo.",,Ladue Horton Watkins,https://lehighsports.com/sports/field-hockey/roster/samantha-hillman/20092,Fy.,342
Lehigh,2025,,Gracen Brant,24,F,5' 10'',Economics,"Collegeville, Pa.",,Germantown Academy,https://lehighsports.com/sports/field-hockey/roster/gracen-brant/20088,Junior,342
Lehigh,2025,,Annabelle Strange,25,D,5' 0'',"Health, Medicine and Society","Houston, Texas",,Duchesne Academy (UC Davis),https://lehighsports.com/sports/field-hockey/roster/annabelle-strange/20102,Sophomore,342
Lehigh,2025,,KK Sauve,26,D,5' 10'',International Relations,"Mechanicsburg, Pa.",,Cumberland Valley (U. of Vermont),https://lehighsports.com/sports/field-hockey/roster/kk-sauve/19534,Senior,342
Lehigh,2025,,Zoe Day,28,D,5' 9'',Industrial and Systems Engineering,"Severna Park, Md.",,Severna Park,https://lehighsports.com/sports/field-hockey/roster/zoe-day/19524,Senior,342
Lehigh,2025,,Lily Burnside,33,GK,5' 9'',Marketing,"New York, N.Y.",,Ethical Culture Fieldston,https://lehighsports.com/sports/field-hockey/roster/lily-burnside/20090,Fy.,342
Lehigh,2025,,Kate Burgess,35,GK,5' 9'',Computer Science Engineering,"Holden, Mass.",,The Governor's Academy,https://lehighsports.com/sports/field-hockey/roster/kate-burgess/20089,Junior,342
Liberty,2025,,Anna Miller,3,F,5' 3'',,"Palmyra, Pa.",,Palmyra Area HS,https://libertyflames.com/sports/field-hockey/roster/anna-miller/15722,Senior,352
Liberty,2025,,Morena Giacosa,4,D,5' 4'',,"Rosario, Argentina",,Colegio San Ramon Nonato,https://libertyflames.com/sports/field-hockey/roster/morena-giacosa/16665,Freshman,352
Liberty,2025,,Madie Baker,6,D,5' 3'',,"Suffolk, Va.",,Nansemond River HS,https://libertyflames.com/sports/field-hockey/roster/madie-baker/15717,Redshirt Sophomore,352
Liberty,2025,,Malena Magnano,7,F,5' 8'',,"Neochea, Argentina & Virginia Beach, Va.",,Kellam HS,https://libertyflames.com/sports/field-hockey/roster/malena-magnano/15721,Sophomore,352
Liberty,2025,,Caroline Richard,10,M,5' 2'',,"Towson, Md.",,Towson HS,https://libertyflames.com/sports/field-hockey/roster/caroline-richard/15731,Freshman,352
Liberty,2025,,Josefina Tomasi,11,F,5' 9'',,"Cañada de Gómez, Argentina",,Instituto José Razetto,https://libertyflames.com/sports/field-hockey/roster/josefina-tomasi/16674,Sophomore,352
Liberty,2025,,Mia Santana,12,M,5' 4'',,"San Nicolás, Argentina",,Escuela Normal Rafael Obligado,https://libertyflames.com/sports/field-hockey/roster/mia-santana/16672,Freshman,352
Liberty,2025,,Kyleigh Faust,13,D,5' 2'',,"Alburtis, Pa.",,Emmaus HS,https://libertyflames.com/sports/field-hockey/roster/kyleigh-faust/16663,Redshirt Junior,352
Liberty,2025,,Julieta Tornati,14,D,5' 8'',,"Buenos Aires, Argentina",,Instituto Nuestra Señora de las Nieves,https://libertyflames.com/sports/field-hockey/roster/julieta-tornati/16675,Freshman,352
Liberty,2025,,Zoé Gaillard,15,F,5' 5'',,"Paris, France",,Lycée Marguerite de Flandre,https://libertyflames.com/sports/field-hockey/roster/zo-gaillard/16664,Freshman,352
Liberty,2025,,Liz Bustillo,16,M,5' 2'',,"Millersville, Pa.",,Penn Manor HS,https://libertyflames.com/sports/field-hockey/roster/liz-bustillo/16662,Freshman,352
Liberty,2025,,Luna Prieri,17,F,5' 3'',,"San Luis, Argentina",,Escuela Publica Autogestionada N5 Modelo San Luis,https://libertyflames.com/sports/field-hockey/roster/luna-prieri/16670,Junior,352
Liberty,2025,,Riley Welsch,18,F,5' 6'',,"Hummelstown, Pa.",,Hershey HS,https://libertyflames.com/sports/field-hockey/roster/riley-welsch/15728,Redshirt Freshman,352
Liberty,2025,,Autumn Albright,19,D,5' 9'',,"Loysville, Pa.",,West Perry HS,https://libertyflames.com/sports/field-hockey/roster/autumn-albright/16661,Freshman,352
Liberty,2025,,Lou Combrinck,21,F,5' 7'',,"Hillcrest, South Africa",,"St. Mary's DSG, Kloof",https://libertyflames.com/sports/field-hockey/roster/lou-combrinck/15718,Senior,352
Liberty,2025,,Ava Murphy,23,M,5' 2'',,"Boston, Mass.",,Phillips Academy - Andover,https://libertyflames.com/sports/field-hockey/roster/ava-murphy/15723,Sophomore,352
Liberty,2025,,Avery Pollock,24,F,5' 5'',,"Hummelstown, Pa.",,Lower Dauphin HS,https://libertyflames.com/sports/field-hockey/roster/avery-pollock/16669,Sophomore,352
Liberty,2025,,Paris-Gail Isaacs,26,D,,,"Johannesburg, South Africa",,Beaulieu College,https://libertyflames.com/sports/field-hockey/roster/parisgail-isaacs/16667,Freshman,352
Liberty,2025,,Tori Griffiths,27,F,5' 7'',,"Clarksboro, N.J.",,Kingsway Regional HS,https://libertyflames.com/sports/field-hockey/roster/tori-griffiths/16666,Redshirt Junior,352
Liberty,2025,,Maite Altamirano,29,M,5' 5'',,"Buenos Aires, Argentina",,Colegio San Ramon,https://libertyflames.com/sports/field-hockey/roster/maite-altamirano/15807,Junior,352
Liberty,2025,,Diane Saint Martin,31,GK,5' 6'',,"Paris, France",,Lycée Marguerite de Flandre,https://libertyflames.com/sports/field-hockey/roster/diane-saint-martin/16671,Freshman,352
Liberty,2025,,Dara Semmartin,32,D,5' 7'',,"Buenos Aires, Argentina",,Brick Towers College,https://libertyflames.com/sports/field-hockey/roster/dara-semmartin/16673,Sophomore,352
Liberty,2025,,Isabel Pardo de Santayana,92,GK,5' 8'',,"Madrid, Spain",,Frank W. Cox HS,https://libertyflames.com/sports/field-hockey/roster/isabel-pardo-de-santayana/16668,Freshman,352
Liberty,2025,,Michaela Skinner,99,GK,5' 7'',,"Chesapeake, Va.",,Western Branch HS,https://libertyflames.com/sports/field-hockey/roster/michaela-skinner/15726,Redshirt Junior,352
Lindenwood,2025,,Samantha Garden,1,,,,,,,https://lindenwoodlions.com/sports/field-hockey/roster/samantha-garden/25893,,355
Lindenwood,2025,,Reilly Casey,2,,,,,,,https://lindenwoodlions.com/sports/field-hockey/roster/reilly-casey/25915,,355
Lindenwood,2025,,Sydney Stumpf,3,,,,,,,https://lindenwoodlions.com/sports/field-hockey/roster/sydney-stumpf/25911,,355
Lindenwood,2025,,Hailey Bainer,4,,,,,,,https://lindenwoodlions.com/sports/field-hockey/roster/hailey-bainer/25909,,355
Lindenwood,2025,,Audrey Woods,5,,,,,,,https://lindenwoodlions.com/sports/field-hockey/roster/audrey-woods/25914,,355
Lindenwood,2025,,Lindsay Halden,6,,,,,,,https://lindenwoodlions.com/sports/field-hockey/roster/lindsay-halden/25897,,355
Lindenwood,2025,,Orla Folan,7,,,,,,,https://lindenwoodlions.com/sports/field-hockey/roster/orla-folan/25889,,355
Lindenwood,2025,,Heidi van Dyk,8,,,,,,,https://lindenwoodlions.com/sports/field-hockey/roster/heidi-van-dyk/25890,,355
Lindenwood,2025,,Rachel Bannatyne,9,,,,,,,https://lindenwoodlions.com/sports/field-hockey/roster/rachel-bannatyne/25891,,355
Lindenwood,2025,,Maud van der Schaaf,11,,,,,,,https://lindenwoodlions.com/sports/field-hockey/roster/maud-van-der-schaaf/25916,,355
Lindenwood,2025,,Lea Heinen,12,,,,,,,https://lindenwoodlions.com/sports/field-hockey/roster/lea-heinen/25913,,355
Lindenwood,2025,,Emma Hulsmeyer,15,,,,,,,https://lindenwoodlions.com/sports/field-hockey/roster/emma-hulsmeyer/25894,,355
Lindenwood,2025,,Mia Simpson,16,,,,,,,https://lindenwoodlions.com/sports/field-hockey/roster/mia-simpson/25895,,355
Lindenwood,2025,,Izzy Folan,17,,,,,,,https://lindenwoodlions.com/sports/field-hockey/roster/izzy-folan/25896,,355
Lindenwood,2025,,Alice van Hemelen,18,,,,,,,https://lindenwoodlions.com/sports/field-hockey/roster/alice-van-hemelen/25910,,355
Lindenwood,2025,,Eléonore de Lasa,19,,,,,,,https://lindenwoodlions.com/sports/field-hockey/roster/el-onore-de-lasa/25898,,355
Lindenwood,2025,,Delaney Lentz,20,,,,,,,https://lindenwoodlions.com/sports/field-hockey/roster/delaney-lentz/25899,,355
Lindenwood,2025,,Kara Kimery,21,,,,,,,https://lindenwoodlions.com/sports/field-hockey/roster/kara-kimery/25900,,355
Lindenwood,2025,,Rachel Goebel,22,,,,,,,https://lindenwoodlions.com/sports/field-hockey/roster/rachel-goebel/25901,,355
Lindenwood,2025,,Makenna Rugani,23,,,,,,,https://lindenwoodlions.com/sports/field-hockey/roster/makenna-rugani/25902,,355
Lindenwood,2025,,Riley Enget,24,,,,,,,https://lindenwoodlions.com/sports/field-hockey/roster/riley-enget/25903,,355
Lindenwood,2025,,Anna Clem,25,,,,,,,https://lindenwoodlions.com/sports/field-hockey/roster/anna-clem/25905,,355
Lindenwood,2025,,Marina Evert,27,,,,,,,https://lindenwoodlions.com/sports/field-hockey/roster/marina-evert/25904,,355
Lindenwood,2025,,Lily Rickert,32,,,,,,,https://lindenwoodlions.com/sports/field-hockey/roster/lily-rickert/25917,,355
Lindenwood,2025,,Leah Brozovich,44,,,,,,,https://lindenwoodlions.com/sports/field-hockey/roster/leah-brozovich/25906,,355
Lindenwood,2025,,Yamilet Bravo-Ayala,53,,,,,,,https://lindenwoodlions.com/sports/field-hockey/roster/yamilet-bravo-ayala/25907,,355
Lindenwood,2025,,Kyla Cooke,99,,,,,,,https://lindenwoodlions.com/sports/field-hockey/roster/kyla-cooke/25908,,355
LIU,2025,,Ella Miura,1,,,,,,,https://www.liuathletics.com/sports/field-hockey/roster/ella-miura/6415,,30136
LIU,2025,,GiGi Ranoldo,4,,,,,,,https://www.liuathletics.com/sports/field-hockey/roster/gigi-ranoldo/6417,,30136
LIU,2025,,Lotte Haagmans,5,,,,,,,https://www.liuathletics.com/sports/field-hockey/roster/lotte-haagmans/6411,,30136
LIU,2025,,Hayden Roddis,6,,,,,,,https://www.liuathletics.com/sports/field-hockey/roster/hayden-roddis/6418,,30136
LIU,2025,,Guusje Vermeulen,7,,,,,,,https://www.liuathletics.com/sports/field-hockey/roster/guusje-vermeulen/6420,,30136
LIU,2025,,Victoria Nazar,12,,,,,,,https://www.liuathletics.com/sports/field-hockey/roster/victoria-nazar/6416,,30136
LIU,2025,,Caitlin Meeker,13,,,,,,,https://www.liuathletics.com/sports/field-hockey/roster/caitlin-meeker/6414,,30136
LIU,2025,,Tess Termars,14,,,,,,,https://www.liuathletics.com/sports/field-hockey/roster/tess-termars/6419,,30136
LIU,2025,,Anne Daaman,16,,,,,,,https://www.liuathletics.com/sports/field-hockey/roster/anne-daaman/6407,,30136
LIU,2025,,Caitlyn Guilfoil,17,,,,,,,https://www.liuathletics.com/sports/field-hockey/roster/caitlyn-guilfoil/6442,,30136
LIU,2025,,Georgia Dudon,18,,,,,,,https://www.liuathletics.com/sports/field-hockey/roster/georgia-dudon/6410,,30136
LIU,2025,,Rosa Witvliet,19,,,,,,,https://www.liuathletics.com/sports/field-hockey/roster/rosa-witvliet/6421,,30136
LIU,2025,,Maria Ippolito,21,,,,,,,https://www.liuathletics.com/sports/field-hockey/roster/maria-ippolito/6412,,30136
LIU,2025,,Juana Laskowski,23,,,,,,,https://www.liuathletics.com/sports/field-hockey/roster/juana-laskowski/6413,,30136
LIU,2025,,MingGe Daley,24,,,,,,,https://www.liuathletics.com/sports/field-hockey/roster/mingge-daley/6408,,30136
LIU,2025,,Emma Capparelli,98,,,,,,,https://www.liuathletics.com/sports/field-hockey/roster/emma-capparelli/6406,,30136
Lock Haven,2025,,Kelsey Felix,00,,,,,,,https://www.lockhavenathletics.com/sports/field-hockey/roster/kelsey-felix/10768,,360
Lock Haven,2025,,Maddie Friend,1,,,,,,,https://www.lockhavenathletics.com/sports/field-hockey/roster/maddie-friend/10769,,360
Lock Haven,2025,,Maddy Huston,2,,,,,,,https://www.lockhavenathletics.com/sports/field-hockey/roster/maddy-huston/11011,,360
Lock Haven,2025,,Megan Beppler,3,,,,,,,https://www.lockhavenathletics.com/sports/field-hockey/roster/megan-beppler/11383,,360
Lock Haven,2025,,Joelle Bartlett,5,,,,,,,https://www.lockhavenathletics.com/sports/field-hockey/roster/joelle-bartlett/10761,,360
Lock Haven,2025,,Ainsley Flynn,6,,,,,,,https://www.lockhavenathletics.com/sports/field-hockey/roster/ainsley-flynn/11087,,360
Lock Haven,2025,,Brynlee Pinschenat,7,,,,,,,https://www.lockhavenathletics.com/sports/field-hockey/roster/brynlee-pinschenat/10774,,360
Lock Haven,2025,,Eva Drumbore,8,,,,,,,https://www.lockhavenathletics.com/sports/field-hockey/roster/eva-drumbore/11083,,360
Lock Haven,2025,,Aubrey Richards,9,,,,,,,https://www.lockhavenathletics.com/sports/field-hockey/roster/aubrey-richards/10775,,360
Lock Haven,2025,,Shay Dyer,10,,,,,,,https://www.lockhavenathletics.com/sports/field-hockey/roster/shay-dyer/11088,,360
Lock Haven,2025,,Peyton Conover,11,,,,,,,https://www.lockhavenathletics.com/sports/field-hockey/roster/peyton-conover/10765,,360
Lock Haven,2025,,Florance de Kroon,13,,,,,,,https://www.lockhavenathletics.com/sports/field-hockey/roster/florance-de-kroon/10766,,360
Lock Haven,2025,,Haley Kvacky,14,,,,,,,https://www.lockhavenathletics.com/sports/field-hockey/roster/haley-kvacky/10772,,360
Lock Haven,2025,,Kendall Siegle,16,,,,,,,https://www.lockhavenathletics.com/sports/field-hockey/roster/kendall-siegle/10776,,360
Lock Haven,2025,,Keira Horensky,17,,,,,,,https://www.lockhavenathletics.com/sports/field-hockey/roster/keira-horensky/10770,,360
Lock Haven,2025,,Rylee Wassmer,18,,,,,,,https://www.lockhavenathletics.com/sports/field-hockey/roster/rylee-wassmer/10779,,360
Lock Haven,2025,,Cyan Kvacky,21,,,,,,,https://www.lockhavenathletics.com/sports/field-hockey/roster/cyan-kvacky/10771,,360
Lock Haven,2025,,Molly Lynch,23,,,,,,,https://www.lockhavenathletics.com/sports/field-hockey/roster/molly-lynch/10773,,360
Lock Haven,2025,,Melanie Beall,24,,,,,,,https://www.lockhavenathletics.com/sports/field-hockey/roster/melanie-beall/10762,,360
Lock Haven,2025,,Paula Sigley,27,,,,,,,https://www.lockhavenathletics.com/sports/field-hockey/roster/paula-sigley/10777,,360
Lock Haven,2025,,Quinty van Luijk,52,,,,,,,https://www.lockhavenathletics.com/sports/field-hockey/roster/quinty-van-luijk/11385,,360
Lock Haven,2025,,Taryn Dolka,100,,,,,,,https://www.lockhavenathletics.com/sports/field-hockey/roster/taryn-dolka/11086,,360
Longwood,2025,,Madison Wiley,1,,,,,,,https://longwoodlancers.com/sports/field-hockey/roster/madison-wiley/6524,,363
Longwood,2025,,Bree Riggs,2,,,,,,,https://longwoodlancers.com/sports/field-hockey/roster/bree-riggs/6525,,363
Longwood,2025,,Hailey Flick,4,,,,,,,https://longwoodlancers.com/sports/field-hockey/roster/hailey-flick/6526,,363
Longwood,2025,,Maria Papas,5,,,,,,,https://longwoodlancers.com/sports/field-hockey/roster/maria-papas/6519,,363
Longwood,2025,,Channy Johnson,6,,,,,,,https://longwoodlancers.com/sports/field-hockey/roster/channy-johnson/6514,,363
Longwood,2025,,Zoe Tierney,8,,,,,,,https://longwoodlancers.com/sports/field-hockey/roster/zoe-tierney/6523,,363
Longwood,2025,,Brenna Kadjeski,9,,,,,,,https://longwoodlancers.com/sports/field-hockey/roster/brenna-kadjeski/6517,,363
Longwood,2025,,Jordan White,10,,,,,,,https://longwoodlancers.com/sports/field-hockey/roster/jordan-white/6527,,363
Longwood,2025,,Molly Rothenberger,11,,,,,,,https://longwoodlancers.com/sports/field-hockey/roster/molly-rothenberger/6522,,363
Longwood,2025,,Anna-Lina Schroder,12,,,,,,,https://longwoodlancers.com/sports/field-hockey/roster/anna-lina-schroder/6528,,363
Longwood,2025,,Aubrey White,13,,,,,,,https://longwoodlancers.com/sports/field-hockey/roster/aubrey-white/6529,,363
Longwood,2025,,Jane Ramsay,16,,,,,,,https://longwoodlancers.com/sports/field-hockey/roster/jane-ramsay/6521,,363
Longwood,2025,,Ava Barrick,17,,,,,,,https://longwoodlancers.com/sports/field-hockey/roster/ava-barrick/6530,,363
Longwood,2025,,Caitlin Carraway,18,,,,,,,https://longwoodlancers.com/sports/field-hockey/roster/caitlin-carraway/6510,,363
Longwood,2025,,Meghan Hyatt,19,,,,,,,https://longwoodlancers.com/sports/field-hockey/roster/meghan-hyatt/6513,,363
Longwood,2025,,Emmie Pisterman,22,,,,,,,https://longwoodlancers.com/sports/field-hockey/roster/emmie-pisterman/6520,,363
Longwood,2025,,Caylin Donlevy,25,,,,,,,https://longwoodlancers.com/sports/field-hockey/roster/caylin-donlevy/6511,,363
Longwood,2025,,Sophie Mooldijk,33,,,,,,,https://longwoodlancers.com/sports/field-hockey/roster/sophie-mooldijk/6518,,363
Longwood,2025,,Fayth Julius,56,,,,,,,https://longwoodlancers.com/sports/field-hockey/roster/fayth-julius/6516,,363
Longwood,2025,,Addie Whitmyer,86,,,,,,,https://longwoodlancers.com/sports/field-hockey/roster/addie-whitmyer/6531,,363
Louisville,2025,,Alessia Cicuto,00,GK,5' 8'',,"Raleigh, N.C.",,Cary Academy,https://gocards.com/sports/field-hockey/roster/alessia-cicuto/16098,Redshirt Freshman,367
Louisville,2025,,Emily Young,1,GK,5' 7'',,"Houston, Texas",,Episcopal,https://gocards.com/sports/field-hockey/roster/emily-young/18120,Redshirt Sophomore,367
Louisville,2025,,Megan Mauzy,2,D,5' 7'',,"Louisville, Ky.",,Christian Academy,https://gocards.com/sports/field-hockey/roster/megan-mauzy/18112,Sophomore,367
Louisville,2025,,Sophia Parker,3,M,5' 5'',,"Doylestown, Pa.",,Central Bucks East,https://gocards.com/sports/field-hockey/roster/sophia-parker/18113,Redshirt Junior,367
Louisville,2025,,Lauren Masters,4,F,5' 1'',,"Pittstown, N.J.",,North Hunterdon Regional,https://gocards.com/sports/field-hockey/roster/lauren-masters/18111,Junior,367
Louisville,2025,,Chloe Plumb,5,F,5' 10'',,"Ramsgate, England",,St Lawrence College,https://gocards.com/sports/field-hockey/roster/chloe-plumb/18115,Junior,367
Louisville,2025,,Tatum Kroon,6,D,5' 1'',,"Den Bosch, The Netherlands",,Stedelijk Gymnasium Den Bosch,https://gocards.com/sports/field-hockey/roster/tatum-kroon/16106,Senior,367
Louisville,2025,,Gigi Edwards,7,F,5' 8'',,"St. Louis, Mo.",,Villa Duchesne,https://gocards.com/sports/field-hockey/roster/gigi-edwards/18106,Redshirt Sophomore,367
Louisville,2025,,Emily Eaton,8,D,5' 5'',,"Charlotte, N.C.",,Covenant Day,https://gocards.com/sports/field-hockey/roster/emily-eaton/16101,Sophomore,367
Louisville,2025,,Aubreigh Uba,10,M,5' 8'',,"Douglassville, Pa.",,Berks Catholic,https://gocards.com/sports/field-hockey/roster/aubreigh-uba/18118,Redshirt Sophomore,367
Louisville,2025,,Gracie Potter,11,M,5' 10'',,"Whangarei, New Zealand",,St. Paul’s Collegiate School,https://gocards.com/sports/field-hockey/roster/gracie-potter/18116,Freshman,367
Louisville,2025,,Tatum Bohnert,12,M,5' 7'',,"Louisville, Ky.",,Sacred Heart,https://gocards.com/sports/field-hockey/roster/tatum-bohnert/18105,Freshman,367
Louisville,2025,,Trijntje Herfkens,14,D,5' 3'',,Bussum The Netherlands,,Goois Lyceum,https://gocards.com/sports/field-hockey/roster/trijntje-herfkens/18108,Sophomore,367
Louisville,2025,,Jaelen Perez,15,D,5' 3'',,"Broadlands, Va.",,Independence,https://gocards.com/sports/field-hockey/roster/jaelen-perez/18114,Freshman,367
Louisville,2025,,Izzy Bianco,16,M,5' 7'',,"Berlin, N.J.",,Eastern Regional,https://gocards.com/sports/field-hockey/roster/izzy-bianco/16096,Senior,367
Louisville,2025,,Mary Wordelmann,17,M,5' 1'',,"Mickleton, N.J.",,Kingsway Regional,https://gocards.com/sports/field-hockey/roster/mary-wordelmann/18119,Redshirt Freshman,367
Louisville,2025,,Addison Jay,20,D,5' 6'',,"Burlington, Mass.",,The Governor's Academy,https://gocards.com/sports/field-hockey/roster/addison-jay/18110,Sophomore,367
Louisville,2025,,Annabel Sep,21,D,5' 6'',,"Amsterdam, The Netherlands",,University of Amsterdam,https://gocards.com/sports/field-hockey/roster/annabel-sep/18117,Junior,367
Louisville,2025,,Chloe Cuzzupe,22,M,5' 6'',,"Woodstown, N.J.",,Woodstown,https://gocards.com/sports/field-hockey/roster/chloe-cuzzupe/16099,Senior,367
Louisville,2025,,Tyler Everslage,23,F,5' 5'',,"Louisville, Ky.",,Assumption,https://gocards.com/sports/field-hockey/roster/tyler-everslage/18107,Junior,367
Louisville,2025,,Rylie Wollerton,26,F,5' 8'',,"Gibsonia, Pa.",,Pine-Richland,https://gocards.com/sports/field-hockey/roster/rylie-wollerton/16112,Senior,367
Louisville,2025,,Luciana Carpenter,27,D,5' 10'',,"Green Lane, Pa.",,Upper Perkiomen,https://gocards.com/sports/field-hockey/roster/luciana-carpenter/16097,Redshirt Junior,367
Louisville,2025,,Katie Hume,86,GK,5' 8'',,"Enola, Pa.",,Cumberland Valley,https://gocards.com/sports/field-hockey/roster/katie-hume/18109,Freshman,367
Maryland,2025,,Alyssa Klebasko,1,GK,5' 4'',Kinesiology,"Odenton, MD",,Garrison Forest,https://umterps.com/sports/field-hockey/roster/alyssa-klebasko/15552,Junior,392
Maryland,2025,,Maya Everett,2,M,5' 5'',Management,"Arnold, MD",,Broadneck,https://umterps.com/sports/field-hockey/roster/maya-everett/14904,Junior,392
Maryland,2025,,Brinkley Eyre,3,M,5' 2'',Communication,"Glenwood, MD",,Glenelg,https://umterps.com/sports/field-hockey/roster/brinkley-eyre/15547,Freshman,392
Maryland,2025,,Maci Bradford,4,F,5' 5'',Human Development,"Delmar, DE",,Delmar,https://umterps.com/sports/field-hockey/roster/maci-bradford/15544,Junior,392
Maryland,2025,,Ella Gaitan,5,F,5' 5'',Letters & Sciences,"Belvidere, NJ",,Blair Academy,https://umterps.com/sports/field-hockey/roster/ella-gaitan/14921,Sophomore,392
Maryland,2025,,Maia Adamson,6,M,5' 4'',Letters and Sciences,"Grafton, New South Wales, Australia",,Grafton,https://umterps.com/sports/field-hockey/roster/maia-adamson/15543,Freshman,392
Maryland,2025,,Ava Trexler,7,D,5' 2'',Biological Sciences,"Pittsgrove, NJ",,Schalick,https://umterps.com/sports/field-hockey/roster/ava-trexler/14946,Senior,392
Maryland,2025,,Ericka Morris-Adams,8,D,5' 5'',Communication,"Cheshire, England",,The Grange,https://umterps.com/sports/field-hockey/roster/ericka-morrisadams/14914,Senior,392
Maryland,2025,,Annemijn Klijnhout,10,M,5' 7'',Letters & Sciences,Netherlands,,KSG De Breul,https://umterps.com/sports/field-hockey/roster/annemijn-klijnhout/14912,Sophomore,392
Maryland,2025,,Kristina Johnson,11,F,5' 1'',Letters and Sciences,"Houston, TX",,St. John's School,https://umterps.com/sports/field-hockey/roster/kristina-johnson/14910,Sophomore,392
Maryland,2025,,Josie Hollamon,12,D,5' 4'',Economics,"Delmar, DE",,Delmar,https://umterps.com/sports/field-hockey/roster/josie-hollamon/15551,Junior,392
Maryland,2025,,Jordyn Hollamon,13,F,5' 4'',Letters and Sciences,"Delmar, DE",,Delmar,https://umterps.com/sports/field-hockey/roster/jordyn-hollamon/15550,Freshman,392
Maryland,2025,,AJ Eyre,14,M,5' 1'',Communication,"Glenelg, MD",,Glenelg,https://umterps.com/sports/field-hockey/roster/aj-eyre/14905,Sophomore,392
Maryland,2025,,Skylar Gilman,15,F,5' 3'',Letters and Sciences,"Edgewater, MD",,Archbishop Spalding,https://umterps.com/sports/field-hockey/roster/skylar-gilman/15549,Freshman,392
Maryland,2025,,Callie Rogers,16,M,5' 3'',Letters & Sciences,"Richmond, VA",,Collegiate School,https://umterps.com/sports/field-hockey/roster/callie-rogers/14930,Sophomore,392
Maryland,2025,,Sarah Walker,17,D,5' 5'',Business and Management,"Woodbine, MD",,Glenelg,https://umterps.com/sports/field-hockey/roster/sarah-walker/15560,Freshman,392
Maryland,2025,,Leah Horwitz,18,F,5' 6'',Marketing,"Sullivan's Island, SC",,Providence Day School,https://umterps.com/sports/field-hockey/roster/leah-horwitz/14924,Senior,392
Maryland,2025,,Faith Everett,19,F,5' 6'',Letters and Sciences,"Arnold, MD",,Broadneck,https://umterps.com/sports/field-hockey/roster/faith-everett/15042,Freshman,392
Maryland,2025,,Feliz Kuhne,20,M,5' 9'',Letters and Sciences,Netherlands,,Luzac Rotterdam,https://umterps.com/sports/field-hockey/roster/feliz-kuhne/15554,Freshman,392
Maryland,2025,,Djuna Eikelboom,21,M,5' 9'',Letters and Sciences,Netherlands,,Spinoza Lyceum,https://umterps.com/sports/field-hockey/roster/djuna-eikelboom/15546,Freshman,392
Maryland,2025,,Madeline Vasilios,22,F,5' 8'',Finance,"Clarksville, MD",,River Hill,https://umterps.com/sports/field-hockey/roster/madeline-vasilios/15559,Junior,392
Maryland,2025,,Fleur Knopert,23,D,5' 5'',Biological Sciences,Netherlands,,Carmel College Salland,https://umterps.com/sports/field-hockey/roster/fleur-knopert/14928,Senior,392
Maryland,2025,,Ellie Goldstein,24,F,5' 3'',Letters & Sciences,"West Hartford, CT",,William H. Hall,https://umterps.com/sports/field-hockey/roster/ellie-goldstein/14922,Sophomore,392
Maryland,2025,,Ella Fehr,28,M,5' 8'',Letters and Sciences,"Berlin, Germany",,Sportschule im Olympiapark - Poelchau,https://umterps.com/sports/field-hockey/roster/ella-fehr/15548,Sophomore,392
Maryland,2025,,Erin Callahan,29,D,5' 0'',Supply Chain Management,"Woolwich Township, NJ",,Kingsway Regional,https://umterps.com/sports/field-hockey/roster/erin-callahan/15545,Freshman,392
Maryland,2025,,Ryleigh Osborne,88,GK,5' 8'',Letters and Sciences,"Crofton, MD",,Crofton,https://umterps.com/sports/field-hockey/roster/ryleigh-osborne/15555,Freshman,392
Massachusetts,2025,,Savanna Henderson,1,M,5' 5'',,"Baldwin, Md.",,Fallston,https://umassathletics.com/sports/field-hockey/roster/savanna-henderson/17566,Senior,400
Massachusetts,2025,,Sophie Kent,2,M,5' 5'',,,,King Edward VI School,https://umassathletics.com/sports/field-hockey/roster/sophie-kent/18421,Freshman,400
Massachusetts,2025,,Neva Eisenga,3,D,5' 6'',,"Rotterdam, Zuid-Holland, The Netherlands",,Erasmiaans Gymnasium,https://umassathletics.com/sports/field-hockey/roster/neva-eisenga/18414,Junior,400
Massachusetts,2025,,Amy Cornfield,4,D,5' 0'',,"Exeter, England",,Exeter School,https://umassathletics.com/sports/field-hockey/roster/amy-cornfield/18412,Freshman,400
Massachusetts,2025,,Megan Carpenter,5,M,5' 5'',,"Stevensville, Md.",,Kent Island,https://umassathletics.com/sports/field-hockey/roster/megan-carpenter/18409,Junior,400
Massachusetts,2025,,Fiene Jenniskens,6,M,5' 5'',,"Eindhoven, The Netherlands",,Augustinianum,https://umassathletics.com/sports/field-hockey/roster/fiene-jenniskens/18419,Freshman,400
Massachusetts,2025,,Lina Kroeger,7,D,5' 10'',,"Munich, Germany",,Gymnasium Munich North Elite School of Sports,https://umassathletics.com/sports/field-hockey/roster/lina-kroeger/18422,Freshman,400
Massachusetts,2025,,Cara Falconer,8,M,5' 8'',,"Woking, England",,Gordon’s School,https://umassathletics.com/sports/field-hockey/roster/cara-falconer/18415,Sophomore,400
Massachusetts,2025,,Emily Barrett,9,F,5' 6'',,"Sevenoaks, England",,Brighton College,https://umassathletics.com/sports/field-hockey/roster/emily-barrett/18408,Freshman,400
Massachusetts,2025,,Sophia Ponzini,10,M,5' 7'',,"Windham, NH",,Windham High School,https://umassathletics.com/sports/field-hockey/roster/sophia-ponzini/18425,Sophomore,400
Massachusetts,2025,,Anna Cowan,11,F,5' 6'',,"Portsmouth, NH",,The Hill School (PA),https://umassathletics.com/sports/field-hockey/roster/anna-cowan/18413,Sophomore,400
Massachusetts,2025,,Alexa Collins,12,F,5' 4'',,"Limerick, Pa.",,Spring-Ford Area,https://umassathletics.com/sports/field-hockey/roster/alexa-collins/17561,Senior,400
Massachusetts,2025,,Elani Sherwood,13,F,5' 3'',,"Surbiton, England",,Surbiton High School,https://umassathletics.com/sports/field-hockey/roster/elani-sherwood/18426,Sophomore,400
Massachusetts,2025,,Izzy Geoghegan,14,F,5' 3'',,"Twickenham, England",,Surbiton High School,https://umassathletics.com/sports/field-hockey/roster/izzy-geoghegan/18416,Freshman,400
Massachusetts,2025,,Jenna Herbster,16,D,5' 4'',,"Carlisle, Pa.",,Cumberland Valley,https://umassathletics.com/sports/field-hockey/roster/jenna-herbster/18418,Junior,400
Massachusetts,2025,,Devyn Conlan,17,F,5' 4'',,"Horsham, Pa.",,Springside Chestnut Hill Academy,https://umassathletics.com/sports/field-hockey/roster/devyn-conlan/18411,Freshman,400
Massachusetts,2025,,Izzy Larimore,18,D,5' 6'',,"Fredericksburg, Va.",,Fredericksburg Academy,https://umassathletics.com/sports/field-hockey/roster/izzy-larimore/17568,Senior,400
Massachusetts,2025,,Mia Smith,19,D,5' 3'',,"Yorktown Heights, N.Y.",,Lakeland,https://umassathletics.com/sports/field-hockey/roster/mia-smith/17573,Senior,400
Massachusetts,2025,,Myrte van Herwijnen,20,GK,5' 4'',,"Huizen, The Netherlands",,Laar & Berg,https://umassathletics.com/sports/field-hockey/roster/myrte-van-herwijnen/17574,Senior,400
Massachusetts,2025,,Katelyn Kearns,21,M,5' 6'',,"Arnold, Maryland",,Broadneck High School,https://umassathletics.com/sports/field-hockey/roster/katelyn-kearns/18420,Freshman,400
Massachusetts,2025,,Gabrielle Benkenstein,22,M,5' 5'',,"Hilton, Kwazulu-Natal, South Africa",,St. Anne's Diocesan College,https://umassathletics.com/sports/field-hockey/roster/gabrielle-benkenstein/17558,Senior,400
Massachusetts,2025,,Elena Clococeanu,24,D,5' 5'',,"Hamburg, Germany",,Wilhelm Gymnasium Hamburg,https://umassathletics.com/sports/field-hockey/roster/elena-clococeanu/17560,Graduate,400
Massachusetts,2025,,Kristy Leonard,26,M,5' 5'',,"Johannesburg, South Africa",,St. Mary's School Waverley,https://umassathletics.com/sports/field-hockey/roster/kristy-leonard/18423,Junior,400
Massachusetts,2025,,Macarena Gonzalez,33,GK,5' 8'',,"Tucumán, Argentina",,Los Cerros,https://umassathletics.com/sports/field-hockey/roster/macarena-gonzalez/17565,Sophomore,400
Massachusetts,2025,,Alexys Moore,35,M,5' 7'',,"Exeter, Pa.",,Wyoming Area,https://umassathletics.com/sports/field-hockey/roster/alexys-moore/17570,Junior,400
Massachusetts,2025,,Colleen Conlan,98,GK,5' 4'',,"Horsham, Pa.",,Springside Chestnut Hill Academy,https://umassathletics.com/sports/field-hockey/roster/colleen-conlan/18410,Freshman,400
Merrimack,2025,,Maddy Cherry,1,,,,,,,https://merrimackathletics.com/sports/field-hockey/roster/maddy-cherry/14728,,410
Merrimack,2025,,Ciara Ryan,2,,,,,,,https://merrimackathletics.com/sports/field-hockey/roster/ciara-ryan/14842,,410
Merrimack,2025,,Madeline Harrington,3,,,,,,,https://merrimackathletics.com/sports/field-hockey/roster/madeline-harrington/14734,,410
Merrimack,2025,,Erin Cottam,4,,,,,,,https://merrimackathletics.com/sports/field-hockey/roster/erin-cottam/14838,,410
Merrimack,2025,,Gianna Cioni,5,,,,,,,https://merrimackathletics.com/sports/field-hockey/roster/gianna-cioni/14723,,410
Merrimack,2025,,Ayla Hallock,6,,,,,,,https://merrimackathletics.com/sports/field-hockey/roster/ayla-hallock/14840,,410
Merrimack,2025,,Amaya Smith,7,,,,,,,https://merrimackathletics.com/sports/field-hockey/roster/amaya-smith/14732,,410
Merrimack,2025,,Darla Mahoney,8,,,,,,,https://merrimackathletics.com/sports/field-hockey/roster/darla-mahoney/14792,,410
Merrimack,2025,,Jade Shabo,9,,,,,,,https://merrimackathletics.com/sports/field-hockey/roster/jade-shabo/14729,,410
Merrimack,2025,,Gracie Lloyd,10,,,,,,,https://merrimackathletics.com/sports/field-hockey/roster/gracie-lloyd/14730,,410
Merrimack,2025,,Kaitlyn Welsh,11,,,,,,,https://merrimackathletics.com/sports/field-hockey/roster/kaitlyn-welsh/14800,,410
Merrimack,2025,,Paige Degeorge,12,,,,,,,https://merrimackathletics.com/sports/field-hockey/roster/paige-degeorge/14725,,410
Merrimack,2025,,Emily Beichert,13,,,,,,,https://merrimackathletics.com/sports/field-hockey/roster/emily-beichert/14727,,410
Merrimack,2025,,Whitney Dacko,15,,,,,,,https://merrimackathletics.com/sports/field-hockey/roster/whitney-dacko/14799,,410
Merrimack,2025,,Zoe Gitlin,16,,,,,,,https://merrimackathletics.com/sports/field-hockey/roster/zoe-gitlin/14839,,410
Merrimack,2025,,Parker Parker,17,,,,,,,https://merrimackathletics.com/sports/field-hockey/roster/parker-parker/14793,,410
Merrimack,2025,,Izzy Breslin,18,,,,,,,https://merrimackathletics.com/sports/field-hockey/roster/izzy-breslin/14841,,410
Merrimack,2025,,Reilly Desmond,19,,,,,,,https://merrimackathletics.com/sports/field-hockey/roster/reilly-desmond/14735,,410
Merrimack,2025,,Delaney Weiler,22,,,,,,,https://merrimackathletics.com/sports/field-hockey/roster/delaney-weiler/14731,,410
Merrimack,2025,,Madeline Wagner,25,,,,,,,https://merrimackathletics.com/sports/field-hockey/roster/madeline-wagner/14803,,410
Merrimack,2025,,Abigail Boudreau,29,,,,,,,https://merrimackathletics.com/sports/field-hockey/roster/abigail-boudreau/14726,,410
Merrimack,2025,,Isabelle Gardiner,30,,,,,,,https://merrimackathletics.com/sports/field-hockey/roster/isabelle-gardiner/14724,,410
Merrimack,2025,,Kayla Whitters,31,,,,,,,https://merrimackathletics.com/sports/field-hockey/roster/kayla-whitters/14733,,410
Miami (OH),2025,,Sloane Wearren,1,M,,,"Louisville, Ky.",,Sacred Heart Academy,https://miamiredhawks.com/sports/field-hockey/roster/sloane-wearren/10683,Junior,414
Miami (OH),2025,,Riley Mazzalupi,2,M,,,"Wayne, Pa.",,Radnor,https://miamiredhawks.com/sports/field-hockey/roster/riley-mazzalupi/10675,Senior,414
Miami (OH),2025,,Kylie Coughlin,3,D,,,"Lakewood, Ohio",,Magnificat,https://miamiredhawks.com/sports/field-hockey/roster/kylie-coughlin/10670,Junior,414
Miami (OH),2025,,Maggie Reed,4,M,,,"St. Louis, Mo.",,Visitation,https://miamiredhawks.com/sports/field-hockey/roster/maggie-reed/10680,Junior,414
Miami (OH),2025,,Elena Schumacher,5,,,,"Pickerington, Ohio",,Pickerington North,https://miamiredhawks.com/sports/field-hockey/roster/elena-schumacher/10699,Freshman,414
Miami (OH),2025,,Justina Intzes,7,M,,,"Mendoza, Argentina",,Santa Maria,https://miamiredhawks.com/sports/field-hockey/roster/justina-intzes/10689,Freshman,414
Miami (OH),2025,,Paula Navarro,8,M,,,"Barcelona, Spain",Junior FC,Benjamin Franklin International School,https://miamiredhawks.com/sports/field-hockey/roster/paula-navarro/10677,Senior,414
Miami (OH),2025,,Berta Mata,10,D,,,"Barcelona, Spain",,Montcau-La Mola,https://miamiredhawks.com/sports/field-hockey/roster/berta-mata/10674,Graduate,414
Miami (OH),2025,,Abby Moore,11,D,,,"New Richmond, Ohio",,Summit Country Day,https://miamiredhawks.com/sports/field-hockey/roster/abby-moore/10676,Senior,414
Miami (OH),2025,,Becca Lawn,12,D,,,"Pasadena, Md.",,Archbishop Spalding,https://miamiredhawks.com/sports/field-hockey/roster/becca-lawn/10673,Senior,414
Miami (OH),2025,,Charlotte Davidson,13,GK,,,"Auckland, New Zealand",,Baradene College of the Sacred Heart,https://miamiredhawks.com/sports/field-hockey/roster/charlotte-davidson/10758,Sophomore,414
Miami (OH),2025,,Lucia Ventos,14,D,,,"Barcelona, Spain",,Escola Betania Patmos,https://miamiredhawks.com/sports/field-hockey/roster/lucia-ventos/10682,Junior,414
Miami (OH),2025,,Finley Payne,15,,,,"Virginia Beach, Va.",,First Colonial,https://miamiredhawks.com/sports/field-hockey/roster/finley-payne/10679,Junior,414
Miami (OH),2025,,Bet Gifra,16,F,,,"Valladoreix, Spain",,Jesuïtes Sant Gervasi - Infant Jesús,https://miamiredhawks.com/sports/field-hockey/roster/bet-gifra/10688,Freshman,414
Miami (OH),2025,,Virginia Olin,17,,,,"Charlotte, N.C.",,Providence Day School,https://miamiredhawks.com/sports/field-hockey/roster/virginia-olin/10678,Junior,414
Miami (OH),2025,,Judit Garcia Gregori,18,M,,,"Terrassa, Barcelona",,Institut Montserrat Roig,https://miamiredhawks.com/sports/field-hockey/roster/judit-garcia-gregori/10685,Freshman,414
Miami (OH),2025,,Meg Canfield,19,M,,,"Austin, Texas",,St. Stephen’s Episcopal,https://miamiredhawks.com/sports/field-hockey/roster/meg-canfield/10669,Junior,414
Miami (OH),2025,,Avery Kuzmicky,20,,5' 5'',,"Prospect, Ky.",,North Oldham,https://miamiredhawks.com/sports/field-hockey/roster/avery-kuzmicky/10672,Sophomore,414
Miami (OH),2025,,Clara Bertolot,21,M,,,"Junin, Argentina",,Santa Union,https://miamiredhawks.com/sports/field-hockey/roster/clara-bertolot/10697,Freshman,414
Miami (OH),2025,,Imke Breedijk,22,M,,,"Eindhoven, Netherlands",,Novalis College,https://miamiredhawks.com/sports/field-hockey/roster/imke-breedijk/10668,Senior,414
Miami (OH),2025,,Jülia Fernandez,23,D,,,"Barcelona, Spain",,Escola el Cim i Institut Montserrat Roig,https://miamiredhawks.com/sports/field-hockey/roster/jlia-fernandez/10687,Freshman,414
Miami (OH),2025,,Malena Sabez,25,M,,,"Mendoza, Argentina",,Padre Claret,https://miamiredhawks.com/sports/field-hockey/roster/malena-sabez/10686,Freshman,414
Miami (OH),2025,,Nicky Sjouken,26,GK,,,"Doetinchemse, the Netherlands",,Rietveld Lyceum,https://miamiredhawks.com/sports/field-hockey/roster/nicky-sjouken/10681,Senior,414
Miami (OH),2025,,MC Wolz,27,M,,,"Louisville, Ky.",,Sacred Heart Academy,https://miamiredhawks.com/sports/field-hockey/roster/mc-wolz/10684,Sophomore,414
Miami (OH),2025,,Jilly Lawn,28,D,,,"Pasadena, Md.",,Archbishop Spalding,https://miamiredhawks.com/sports/field-hockey/roster/jilly-lawn/10700,Freshman,414
Miami (OH),2025,,Izzy Hass,32,D,,,"Louisville, Ky.",,Assumption,https://miamiredhawks.com/sports/field-hockey/roster/izzy-hass/10671,Senior,414
Michigan,2025,,Caylie McMahon,1,GK,5' 7'',,"Stow, Mass.",,Nashoba Regional,https://mgoblue.com/sports/field-hockey/roster/caylie-mcmahon/26945,Graduate,418
Michigan,2025,,Emmy Tran,2,M,5' 4'',,"Harrisburg, Pa.",,Central Dauphin,https://mgoblue.com/sports/field-hockey/roster/emmy-tran/26953,Redshirt Senior,418
Michigan,2025,,Abby Burnett,3,M,5' 6'',,"Zionsville, Pa.",,Emmaus,https://mgoblue.com/sports/field-hockey/roster/abby-burnett/28229,Junior,418
Michigan,2025,,Abby Tamer,4,F,5' 7'',,"Whitmore Lake, Mich.",,Dexter,https://mgoblue.com/sports/field-hockey/roster/abby-tamer/26951,Graduate,418
Michigan,2025,,Grace Hunter,5,F,5' 2'',,"Mickleton, N.J.",,Kingsway Regional,https://mgoblue.com/sports/field-hockey/roster/grace-hunter/28234,Freshman,418
Michigan,2025,,Lexi Patterson,6,M,5' 0'',,"Malvern, Pa.",,Conestoga,https://mgoblue.com/sports/field-hockey/roster/lexi-patterson/28244,Freshman,418
Michigan,2025,,Adair Patterson,7,D,5' 9'',,"Houston, Texas",,St. John's School,https://mgoblue.com/sports/field-hockey/roster/adair-patterson/28243,Freshman,418
Michigan,2025,,Kelsey Reviello,8,M,5' 7'',,"Colonial Beach, Va.",,James Monroe,https://mgoblue.com/sports/field-hockey/roster/kelsey-reviello/28245,Redshirt Sophomore,418
Michigan,2025,,Esmée de Willigen,9,F,5' 5'',,"Rotterdam, Netherlands",,Erasmiaans Gymnasium,https://mgoblue.com/sports/field-hockey/roster/esme-de-willigen/28230,Junior,418
Michigan,2025,,Maxine Rogge,10,D,5' 8'',,"Ghent, Belgium",,Don Boscocollege Zwijnaarde,https://mgoblue.com/sports/field-hockey/roster/maxine-rogge/28246,Freshman,418
Michigan,2025,,Payton Maloney,11,F,5' 8'',,"Saline, Mich.",,Saline,https://mgoblue.com/sports/field-hockey/roster/payton-maloney/28236,Redshirt Sophomore,418
Michigan,2025,,Maddie Grand,12,GK,5' 5'',,"Ann Arbor, Mich.",,Pioneer,https://mgoblue.com/sports/field-hockey/roster/maddie-grand/28233,Redshirt Freshman,418
Michigan,2025,,Dru Moffett,13,F,5' 3'',,"Townsend, Del.",,Smyrna,https://mgoblue.com/sports/field-hockey/roster/dru-moffett/28240,Sophomore,418
Michigan,2025,,Natalie Millman,14,F,5' 4'',,"Ann Arbor, Mich.",,Pioneer,https://mgoblue.com/sports/field-hockey/roster/natalie-millman/28239,Junior,418
Michigan,2025,,Eva Bernardy,15,D,5' 7'',,"Utrecht, Netherlands",,Leidsche Rijn College,https://mgoblue.com/sports/field-hockey/roster/eva-bernardy/28227,Sophomore,418
Michigan,2025,,Sofia Ghanbari,16,F,5' 3'',,"Novi, Mich.",,Novi,https://mgoblue.com/sports/field-hockey/roster/sofia-ghanbari/28232,Freshman,418
Michigan,2025,,Aurora Gery,17,M,5' 5'',,"Allentown, Pa.",,Parkland,https://mgoblue.com/sports/field-hockey/roster/aurora-gery/28231,Redshirt Freshman,418
Michigan,2025,,Hala Silverstein,18,GK,5' 2'',,"Glenwood, Md.",,The Hill School,https://mgoblue.com/sports/field-hockey/roster/hala-silverstein/28247,Redshirt Sophomore,418
Michigan,2025,,Sofia Abraham,19,D,5' 7'',,"San Diego, Calif.",,Canyon Hills,https://mgoblue.com/sports/field-hockey/roster/sofia-abraham/28225,Redshirt Freshman,418
Michigan,2025,,Claire Taylor,20,D,5' 7'',,"West Simsbury, Conn.",,Westminster School,https://mgoblue.com/sports/field-hockey/roster/claire-taylor/26952,Graduate,418
Michigan,2025,,Cami Wiseman,21,F,5' 6'',,"Ann Arbor, Mich.",,Skyline,https://mgoblue.com/sports/field-hockey/roster/cami-wiseman/28248,Sophomore,418
Michigan,2025,,Zoë Bormet,22,M,5' 7'',,"Ann Arbor, Mich.",,Pioneer,https://mgoblue.com/sports/field-hockey/roster/zo-bormet/28228,Redshirt Junior,418
Michigan,2025,,Zoe Martin,23,F,5' 5'',,"Denver, Colo.",,Colorado Academy,https://mgoblue.com/sports/field-hockey/roster/zoe-martin/26944,Redshirt Freshman,418
Michigan,2025,,Juliette Manzur,24,F,5' 4'',,"Mareil-Marly, France",,Lycée International de Saint-Germain-en-Laye,https://mgoblue.com/sports/field-hockey/roster/juliette-manzur/28237,Junior,418
Michigan,2025,,Beatrice Ottsen,25,D,5' 9'',,"Kenilworth, Ill.",,New Trier,https://mgoblue.com/sports/field-hockey/roster/beatrice-ottsen/28242,Freshman,418
Michigan,2025,,Brooke Alexander,26,D,5' 6'',,"Saline, Mich.",,Dexter,https://mgoblue.com/sports/field-hockey/roster/brooke-alexander/28226,Freshman,418
Michigan,2025,,Natalie Machiran,27,M,5' 5'',,"Ellicott City, Md.",,Mt. Hebron,https://mgoblue.com/sports/field-hockey/roster/natalie-machiran/28235,Sophomore,418
Michigan,2025,,Anjolie Norton,28,D,5' 4'',,"Poway, Calif.",,Poway,https://mgoblue.com/sports/field-hockey/roster/anjolie-norton/28241,Sophomore,418
Michigan,2025,,Manouk Saal,29,M,5' 6'',,"Oegstgeest, Netherlands",,Da Vinci College Kagerstraat,https://mgoblue.com/sports/field-hockey/roster/manouk-saal/26962,Freshman,418
Michigan St.,2025,,Ashley Herbert,0,GK,,,"Glasgow, Scotland",,Glasgow Academy,https://msuspartans.com/sports/field-hockey/roster/ashley-herbert/17415,Sophomore,416
Michigan St.,2025,,Lyra Gavino,1,GK,,,"New Malden, England",,Surbiton,https://msuspartans.com/sports/field-hockey/roster/lyra-gavino/16298,Junior,416
Michigan St.,2025,,Nina Angeli,2,F,,,"West Pittson, Pa.",,Wyoming Area,https://msuspartans.com/sports/field-hockey/roster/nina-angeli/17409,Redshirt Freshman,416
Michigan St.,2025,,Bianca Pizano,3,F,,,"Exeter, Pa.",,Wyoming Area,https://msuspartans.com/sports/field-hockey/roster/bianca-pizano/17423,Junior,416
Michigan St.,2025,,Katelyn Dulin,4,M,,,"Barto, Pa.",,Boyertown Area Senior,https://msuspartans.com/sports/field-hockey/roster/katelyn-dulin/16314,Junior,416
Michigan St.,2025,,Mora Cavazza,5,M,,,"Buenos Aires, Argentina",,Colegio Carmen de Marin,https://msuspartans.com/sports/field-hockey/roster/mora-cavazza/17410,Sophomore,416
Michigan St.,2025,,Alexa Shaffer,6,D,,,"Hummelstown, Pa.",,Lower Dauphin,https://msuspartans.com/sports/field-hockey/roster/alexa-shaffer/16325,Redshirt Junior,416
Michigan St.,2025,,Mia Corbo,7,M,,,"Miami, Fla.",,Maritime and Science Technology Academy,https://msuspartans.com/sports/field-hockey/roster/mia-corbo/17411,Redshirt Freshman,416
Michigan St.,2025,,Maddie Lawlor,8,M,,,"Shamong, N.J.",,Seneca,https://msuspartans.com/sports/field-hockey/roster/maddie-lawlor/16319,Graduate,416
Michigan St.,2025,,Ella McKernan,9,F,,,"Falls, Pa.",,Wyoming Area,https://msuspartans.com/sports/field-hockey/roster/ella-mckernan/17422,Freshman,416
Michigan St.,2025,,Grace Grabowski,10,M,,,"Ann Arbor, Mich.",,Pioneer,https://msuspartans.com/sports/field-hockey/roster/grace-grabowski/17414,Freshman,416
Michigan St.,2025,,Brynn Shaffer,11,F,,,"Hummelstown, Pa.",,Lower Dauphin,https://msuspartans.com/sports/field-hockey/roster/brynn-shaffer/16309,Junior,416
Michigan St.,2025,,Serena Mailhe,12,D,,,"Buenos Aires, Argentina",,Santo Tomás de Aquino,https://msuspartans.com/sports/field-hockey/roster/serena-mailhe/17420,Junior,416
Michigan St.,2025,,Hannah Simms,13,M,,,"Timperly, England",,Alderley Edge HC,https://msuspartans.com/sports/field-hockey/roster/hannah-simms/16329,Freshman,416
Michigan St.,2025,,Lilian Knorr,14,M,,,"Berlin, Germany",,Arndt-Gymnasium Dahlem,https://msuspartans.com/sports/field-hockey/roster/lilian-knorr/17418,Sophomore,416
Michigan St.,2025,,Sarah Connolly,15,M,,,"Ballina County Mayo, Ireland",,Corinthians HC,https://msuspartans.com/sports/field-hockey/roster/sarah-connolly/16330,Freshman,416
Michigan St.,2025,,Carmen Maudlin,16,M,,,"Louisville, Ky.",,DuPont Manual,https://msuspartans.com/sports/field-hockey/roster/carmen-maudlin/17421,Sophomore,416
Michigan St.,2025,,Caroline Horace,17,F,,,"Sinking Spring, Pa.",,Wilson,https://msuspartans.com/sports/field-hockey/roster/caroline-horace/17416,Freshman,416
Michigan St.,2025,,Caro Schaefer,18,D,,,"Hannover, Germany",,Kaiser-Wilhelm-und Ratsgymnasium,https://msuspartans.com/sports/field-hockey/roster/caro-schaefer/17424,Sophomore,416
Michigan St.,2025,,Tatum Johnson,19,F,,,"Downingtown, Pa.",,LaSalle,https://msuspartans.com/sports/field-hockey/roster/tatum-johnson/16317,Graduate,416
Michigan St.,2025,,Ellie Kendall,20,M,,,"Brisbane, Australia",,Brisbane Girls Grammar School,https://msuspartans.com/sports/field-hockey/roster/ellie-kendall/17417,Freshman,416
Michigan St.,2025,,Rilyn Lehman,21,D,,,"Harbeson, Del.",,Sussex Academy,https://msuspartans.com/sports/field-hockey/roster/rilyn-lehman/17419,Freshman,416
Michigan St.,2025,,Josefina Abdala,22,M,,,"Mendoza, Argentina",,,https://msuspartans.com/sports/field-hockey/roster/josefina-abdala/16382,Freshman,416
Michigan St.,2025,,Emmy Wellejus,23,D,,,"Worthington, Ohio",,Thomas Worthington,https://msuspartans.com/sports/field-hockey/roster/emmy-wellejus/17427,Freshman,416
Michigan St.,2025,,Ella Tambroni,24,M,,,"State College, Pa.",,State College Area,https://msuspartans.com/sports/field-hockey/roster/ella-tambroni/17426,Freshman,416
Michigan St.,2025,,Gracie Burns,25,F,,,"Dexter, Mich.",,Dexter,https://msuspartans.com/sports/field-hockey/roster/gracie-burns/16311,Senior,416
Michigan St.,2025,,Catherine Wolf,31,GK,,,"Sinking Spring, Pa.",,Wilson,https://msuspartans.com/sports/field-hockey/roster/catherine-wolf/17428,Freshman,416
Monmouth,2025,,Charlie Bowman,1,,,,,,,https://monmouthhawks.com/sports/field-hockey/roster/charlie-bowman/22186,,439
Monmouth,2025,,Audrey Mullen,3,,,,,,,https://monmouthhawks.com/sports/field-hockey/roster/audrey-mullen/22195,,439
Monmouth,2025,,Luisa Schlueter,4,,,,,,,https://monmouthhawks.com/sports/field-hockey/roster/luisa-schlueter/22389,,439
Monmouth,2025,,Abigail Travers,5,,,,,,,https://monmouthhawks.com/sports/field-hockey/roster/abigail-travers/22200,,439
Monmouth,2025,,Florence van Doorn,6,,,,,,,https://monmouthhawks.com/sports/field-hockey/roster/florence-van-doorn/22388,,439
Monmouth,2025,,Lauren Relik,7,,,,,,,https://monmouthhawks.com/sports/field-hockey/roster/lauren-relik/22196,,439
Monmouth,2025,,Addison Dillon,9,,,,,,,https://monmouthhawks.com/sports/field-hockey/roster/addison-dillon/22385,,439
Monmouth,2025,,Lilly Ricks,10,,,,,,,https://monmouthhawks.com/sports/field-hockey/roster/lilly-ricks/22197,,439
Monmouth,2025,,Milla Frye,11,,,,,,,https://monmouthhawks.com/sports/field-hockey/roster/milla-frye/22192,,439
Monmouth,2025,,Keely Bowers,12,,,,,,,https://monmouthhawks.com/sports/field-hockey/roster/keely-bowers/22185,,439
Monmouth,2025,,Eulalie Brouwers,13,,,,,,,https://monmouthhawks.com/sports/field-hockey/roster/eulalie-brouwers/22187,,439
Monmouth,2025,,Anna Moors,14,,,,,,,https://monmouthhawks.com/sports/field-hockey/roster/anna-moors/22194,,439
Monmouth,2025,,Katy Corcoran,15,,,,,,,https://monmouthhawks.com/sports/field-hockey/roster/katy-corcoran/22190,,439
Monmouth,2025,,Maia McCourt,17,,,,,,,https://monmouthhawks.com/sports/field-hockey/roster/maia-mccourt/22384,,439
Monmouth,2025,,Emily Singer,18,,,,,,,https://monmouthhawks.com/sports/field-hockey/roster/emily-singer/22199,,439
Monmouth,2025,,Ava Zerfass,20,,,,,,,https://monmouthhawks.com/sports/field-hockey/roster/ava-zerfass/22202,,439
Monmouth,2025,,Stella Goddard-Despot,21,,,,,,,https://monmouthhawks.com/sports/field-hockey/roster/stella-goddard-despot/22193,,439
Monmouth,2025,,Alicia Vanderlyde,22,,,,,,,https://monmouthhawks.com/sports/field-hockey/roster/alicia-vanderlyde/22387,,439
Monmouth,2025,,Hannah Tromble,24,,,,,,,https://monmouthhawks.com/sports/field-hockey/roster/hannah-tromble/22201,,439
Monmouth,2025,,Laney Johns,25,,,,,,,https://monmouthhawks.com/sports/field-hockey/roster/laney-johns/22390,,439
Monmouth,2025,,Claire Campen,26,,,,,,,https://monmouthhawks.com/sports/field-hockey/roster/claire-campen/22188,,439
Monmouth,2025,,Djoeke van Helsdingen,33,,,,,,,https://monmouthhawks.com/sports/field-hockey/roster/djoeke-van-helsdingen/22386,,439
New Hampshire,2025,,Tamera Cookman,2,M,5' 2'',,"London, England",,St. Teresa’s Effingham,https://unhwildcats.com/sports/field-hockey/roster/tamera-cookman/11697,Senior,469
New Hampshire,2025,,Addison MacNeil,3,M,5' 6'',,"Brentwood, N.H.",,Exeter,https://unhwildcats.com/sports/field-hockey/roster/addison-macneil/12733,Junior,469
New Hampshire,2025,,Chloe Miller,4,M,5' 2'',,"Collegeville, Pa.",,Perkiomen Valley,https://unhwildcats.com/sports/field-hockey/roster/chloe-miller/11708,Senior,469
New Hampshire,2025,,Kay Murphy,5,F,5' 5'',,"Wrentham, Mass.",,Bishop Feehan,https://unhwildcats.com/sports/field-hockey/roster/kay-murphy/12735,Sophomore,469
New Hampshire,2025,,Brecken Calcari,6,F,5' 3'',,"St. Louis, Mo.",,Mary Institute and Country Day School,https://unhwildcats.com/sports/field-hockey/roster/brecken-calcari/11694,Senior,469
New Hampshire,2025,,Morgan Valeri,7,F,5' 3'',,"Newburyport, Mass.",,Newburyport,https://unhwildcats.com/sports/field-hockey/roster/morgan-valeri/12738,Sophomore,469
New Hampshire,2025,,Molly-Kate Dempsey,9,F,5' 4'',,"Wells, Maine",,Wells,https://unhwildcats.com/sports/field-hockey/roster/mollykate-dempsey/12728,Junior,469
New Hampshire,2025,,Marlijn Swaan,11,M,5' 7'',,"Hilversum, Netherlands",,Comenius College,https://unhwildcats.com/sports/field-hockey/roster/marlijn-swaan/11716,Freshman,469
New Hampshire,2025,,Abigail Johnson,12,D,5' 3'',,"Oxford, Pa.",,Oxford Area,https://unhwildcats.com/sports/field-hockey/roster/abigail-johnson/12731,Junior,469
New Hampshire,2025,,Tasmin Cookman,13,F,5' 2'',,"London, England",,St. Teresa’s Effingham,https://unhwildcats.com/sports/field-hockey/roster/tasmin-cookman/11698,Senior,469
New Hampshire,2025,,Madilynn Clark,14,M,5' 9'',,"Evanston, Ill.",,Evanston Township,https://unhwildcats.com/sports/field-hockey/roster/madilynn-clark/11695,Senior,469
New Hampshire,2025,,Kerigan Ross,15,GK,5' 7'',,"Baltimore, Md.",,Notre Dame Prep,https://unhwildcats.com/sports/field-hockey/roster/kerigan-ross/12737,Sophomore,469
New Hampshire,2025,,Katie Garrison,16,M,5' 7'',,"Gilroy, Calif.",,Christopher,https://unhwildcats.com/sports/field-hockey/roster/katie-garrison/12729,Sophomore,469
New Hampshire,2025,,Becky Ward,17,D,5' 4'',,"Palmerston North, New Zealand",,Feilding,https://unhwildcats.com/sports/field-hockey/roster/becky-ward/12739,Freshman,469
New Hampshire,2025,,Louette Petiet,18,M,5' 6'',,"Hoofddorp, Netherlands",,Haarlemmermeer Lyceum,https://unhwildcats.com/sports/field-hockey/roster/louette-petiet/12736,Junior,469
New Hampshire,2025,,Makayla Clark,19,F,5' 11'',,"Evanston, Ill.",,Evanston Township,https://unhwildcats.com/sports/field-hockey/roster/makayla-clark/12726,Sophomore,469
New Hampshire,2025,,Emily Layton,20,M,5' 7'',,"Harwich, Mass.",,Monomoy Regional,https://unhwildcats.com/sports/field-hockey/roster/emily-layton/12732,Freshman,469
New Hampshire,2025,,Megan Marthins,21,D,5' 2'',,"Haddonfield, N.J.",,Haddonfield Memorial,https://unhwildcats.com/sports/field-hockey/roster/megan-marthins/12734,Sophomore,469
New Hampshire,2025,,Nicole Poulakis,22,F,5' 3'',,"Ajax, Ontario",,Bill Crothers Secondary School,https://unhwildcats.com/sports/field-hockey/roster/nicole-poulakis/11711,Senior,469
New Hampshire,2025,,Faye Meijer,23,M,5' 5'',,"Purmerend, Netherlands",,Da Vinci College,https://unhwildcats.com/sports/field-hockey/roster/faye-meijer/11707,Sophomore,469
New Hampshire,2025,,Abigail Armlin,24,M,5' 4'',,"York, Maine",,York,https://unhwildcats.com/sports/field-hockey/roster/abigail-armlin/12725,Junior,469
New Hampshire,2025,,Julia Graves,25,M,5' 1'',,"Topsfield, Mass.",,Masconomet Regional,https://unhwildcats.com/sports/field-hockey/roster/julia-graves/12730,Junior,469
New Hampshire,2025,,Emily Coughlin,26,F,5' 2'',,"Marshfield, Mass.",,Notre Dame Academy,https://unhwildcats.com/sports/field-hockey/roster/emily-coughlin/12727,Freshman,469
New Hampshire,2025,,Kathelijne Knuttel,28,M,5' 9'',,"Groningen, Netherlands",,Topsport Tallentschool,https://unhwildcats.com/sports/field-hockey/roster/kathelijne-knuttel/11704,Junior,469
New Hampshire,2025,,Abby Johnson,44,GK,5' 8'',,"Walpole, Mass.",,Walpole,https://unhwildcats.com/sports/field-hockey/roster/abby-johnson/11703,Sophomore,469
North Carolina,2025,,Charly Bruder,2,F,5' 7'',,"Malvern, Pa.",,Episcopal Academy,https://goheels.com/sports/field-hockey/roster/charly-bruder/28502,Junior,457
North Carolina,2025,,Kara Heck,3,F,5' 5'',,"Ocean City, N.J.",,Eastern,https://goheels.com/sports/field-hockey/roster/kara-heck/27030,Graduate,457
North Carolina,2025,,Molly Catchpole,4,F,5' 7'',,"Madison, N.J.",,Mount Saint Mary Academy,https://goheels.com/sports/field-hockey/roster/molly-catchpole/28504,Redshirt Junior,457
North Carolina,2025,,Sanne Hak,5,M,5' 6'',,"Bussum, Netherlands",,Vitus College Bussum,https://goheels.com/sports/field-hockey/roster/sanne-hak/27017,Junior,457
North Carolina,2025,,Coco Courtright,6,M,5' 11'',,"Ann Arbor, Mich.",,Skyline,https://goheels.com/sports/field-hockey/roster/coco-courtright/28505,Redshirt Freshman,457
North Carolina,2025,,Reese Anetsberger,8,F,5' 5'',,"Northbrook, Ill.",,Glenbrook North,https://goheels.com/sports/field-hockey/roster/reese-anetsberger/28500,Freshman,457
North Carolina,2025,,Dani Mendez,10,F,5' 9'',,"Reisterstown, Md.",,Garrison Forest,https://goheels.com/sports/field-hockey/roster/dani-mendez/27032,Senior,457
North Carolina,2025,,Jenna Narleski,11,M,5' 2'',,"Basking Ridge, N.J.",,Ridge,https://goheels.com/sports/field-hockey/roster/jenna-narleski/28511,Freshman,457
North Carolina,2025,,Ryleigh Heck,12,F,5' 6'',,"Ocean City, N.J.",,Eastern,https://goheels.com/sports/field-hockey/roster/ryleigh-heck/27019,Senior,457
North Carolina,2025,,Isabel Boere,14,D,5' 10'',,"The Hague, Netherlands",,Vrijzinnig Christelijk Lyceum,https://goheels.com/sports/field-hockey/roster/isabel-boere/27023,Freshman,457
North Carolina,2025,,Eliza Perrin,15,F,5' 4'',,"Houston, Texas",,St. John's,https://goheels.com/sports/field-hockey/roster/eliza-perrin/28513,Freshman,457
North Carolina,2025,,Grace Pottebaum,16,D,5' 10'',,"St. Albans, Mo.",,John Burroughs School,https://goheels.com/sports/field-hockey/roster/grace-pottebaum/28514,Redshirt Junior,457
North Carolina,2025,,Sietske Brüning,17,M,5' 2'',,"The Hague, Netherlands",,Het Maerlant-Lyceum Den Haag,https://goheels.com/sports/field-hockey/roster/sietske-brning/27013,Senior,457
North Carolina,2025,,Olivia Anderson,18,F,5' 7'',,"Dillsburg, Pa.",,Northern York,https://goheels.com/sports/field-hockey/roster/olivia-anderson/27028,Freshman,457
North Carolina,2025,,Hope Haynes,20,D,5' 7'',,"Katy, Texas",,The Kinkaid School,https://goheels.com/sports/field-hockey/roster/hope-haynes/28507,Redshirt Sophomore,457
North Carolina,2025,,Sylvie Notine,21,M,5' 7'',,"Fair Haven, N.J.",,Rumson Fair Haven,https://goheels.com/sports/field-hockey/roster/sylvie-notine/28512,Freshman,457
North Carolina,2025,,Merritt Skubisz,22,GK,5' 7'',,"Houston, Texas",,Kinkaid School,https://goheels.com/sports/field-hockey/roster/merritt-skubisz/28515,Freshman,457
North Carolina,2025,,Ella Barbacci,24,M,5' 3'',,"Harveys Lake, Pa.",,Wyoming Seminary,https://goheels.com/sports/field-hockey/roster/ella-barbacci/28501,Redshirt Sophomore,457
North Carolina,2025,,Reid Miller,25,M,5' 5'',,"Cary, N.C.",,Cary Christian,https://goheels.com/sports/field-hockey/roster/reid-miller/28510,Freshman,457
North Carolina,2025,,Caroline Golden,27,D,5' 1'',,"Charlotte, N.C.",,Myers Park,https://goheels.com/sports/field-hockey/roster/caroline-golden/28506,Redshirt Sophomore,457
North Carolina,2025,,Katie Wimmer,54,GK,5' 8'',,"Windham, N.H.",,Phillips Academy,https://goheels.com/sports/field-hockey/roster/katie-wimmer/27031,Graduate,457
North Carolina,2025,,Charley Vandenstockt,81,GK,5' 3'',,"Waxhaw, N.C.",,Marvin Ridge,https://goheels.com/sports/field-hockey/roster/charley-vandenstockt/28516,Sophomore,457
Northeastern,2025,,Arabella Loveridge,0,,,,,,,https://nuhuskies.com/sports/field-hockey/roster/arabella-loveridge/9864,,500
Northeastern,2025,,Ibby Welldon,1,,,,,,,https://nuhuskies.com/sports/field-hockey/roster/ibby-welldon/9868,,500
Northeastern,2025,,Emmy Stubbs,2,,,,,,,https://nuhuskies.com/sports/field-hockey/roster/emmy-stubbs/9829,,500
Northeastern,2025,,Helen Baldy,3,,,,,,,https://nuhuskies.com/sports/field-hockey/roster/helen-baldy/9817,,500
Northeastern,2025,,Olivia Yelen,4,,,,,,,https://nuhuskies.com/sports/field-hockey/roster/olivia-yelen/9831,,500
Northeastern,2025,,Maya Prasad,5,,,,,,,https://nuhuskies.com/sports/field-hockey/roster/maya-prasad/9825,,500
Northeastern,2025,,Phoebe Gough-Cooper,6,,,,,,,https://nuhuskies.com/sports/field-hockey/roster/phoebe-gough-cooper/9821,,500
Northeastern,2025,,Juana Gonzalez-Peyru,7,,,,,,,https://nuhuskies.com/sports/field-hockey/roster/juana-gonzalez-peyru/9820,,500
Northeastern,2025,,Ava Sanchez,8,,,,,,,https://nuhuskies.com/sports/field-hockey/roster/ava-sanchez/9827,,500
Northeastern,2025,,Alex Mega,10,,,,,,,https://nuhuskies.com/sports/field-hockey/roster/alex-mega/9822,,500
Northeastern,2025,,Jessica Garden,11,,,,,,,https://nuhuskies.com/sports/field-hockey/roster/jessica-garden/9863,,500
Northeastern,2025,,Ashley Pappas,12,,,,,,,https://nuhuskies.com/sports/field-hockey/roster/ashley-pappas/9823,,500
Northeastern,2025,,Hannah Simon,13,,,,,,,https://nuhuskies.com/sports/field-hockey/roster/hannah-simon/9866,,500
Northeastern,2025,,Emilia Adragna,15,,,,,,,https://nuhuskies.com/sports/field-hockey/roster/emilia-adragna/9815,,500
Northeastern,2025,,Tori Postler,16,,,,,,,https://nuhuskies.com/sports/field-hockey/roster/tori-postler/9824,,500
Northeastern,2025,,Lilly Smith,17,,,,,,,https://nuhuskies.com/sports/field-hockey/roster/lilly-smith/9828,,500
Northeastern,2025,,Camille Armaganian,18,,,,,,,https://nuhuskies.com/sports/field-hockey/roster/camille-armaganian/9816,,500
Northeastern,2025,,Addison Polakoff,19,,,,,,,https://nuhuskies.com/sports/field-hockey/roster/addison-polakoff/9865,,500
Northeastern,2025,,Anna-Kate Domingue,20,,,,,,,https://nuhuskies.com/sports/field-hockey/roster/anna-kate-domingue/9818,,500
Northeastern,2025,,Lucy Walton,21,,,,,,,https://nuhuskies.com/sports/field-hockey/roster/lucy-walton/9867,,500
Northeastern,2025,,Ava Tello,22,,,,,,,https://nuhuskies.com/sports/field-hockey/roster/ava-tello/9830,,500
Northeastern,2025,,Julia Puccio,23,,,,,,,https://nuhuskies.com/sports/field-hockey/roster/julia-puccio/9826,,500
Northeastern,2025,,Laine Ambrose,25,,,,,,,https://nuhuskies.com/sports/field-hockey/roster/laine-ambrose/9862,,500
Northwestern,2025,,Lindsey Brown,1,M,,,"Boylston, Massachusetts",,,https://nusports.com/sports/field-hockey/roster/season/2025/player/lindsey-brown,First-Year,509
Northwestern,2025,,Olivia Bent-Cole,3,F,,,"Philadelphia, Pennsylvania",,,https://nusports.com/sports/field-hockey/roster/season/2025/player/olivia-bent-cole,Junior,509
Northwestern,2025,,Ashley Sessa,4,F,,,"Schwenksville, Pennsylvania",,,https://nusports.com/sports/field-hockey/roster/season/2025/player/ashley-sessa,Junior,509
Northwestern,2025,,Kerry McCormick,5,D,,,"Haddonfield, New Jersey",,,https://nusports.com/sports/field-hockey/roster/season/2025/player/kerry-mccormick,Junior,509
Northwestern,2025,,Aerin Krys,7,F,,,"Ridgefield, Connecticut",,,https://nusports.com/sports/field-hockey/roster/season/2025/player/aerin-krys,Redshirt Junior,509
Northwestern,2025,,Maddie Zimmer,8,M,,,"Hershey, Pennsylvania",,,https://nusports.com/sports/field-hockey/roster/season/2025/player/maddie-zimmer,Graduate Student,509
Northwestern,2025,,Ilse Tromp,9,D,,,"Rotterdam, The Netherlands",,,https://nusports.com/sports/field-hockey/roster/season/2025/player/ilse-tromp,Junior,509
Northwestern,2025,,Amelia Albers,10,F,,,"Grand Rapids, Michigan",,,https://nusports.com/sports/field-hockey/roster/season/2025/player/amelia-albers,Redshirt Junior,509
Northwestern,2025,,Piper Borz,11,F,,,"Baltimore, Maryland",,,https://nusports.com/sports/field-hockey/roster/season/2025/player/piper-borz,Junior,509
Northwestern,2025,,Greta Hinke,12,M,,,"Mequon, Wisconsin",,,https://nusports.com/sports/field-hockey/roster/season/2025/player/greta-hinke,Senior,509
Northwestern,2025,,Grace Schulze,13,F,,,"Greenwich, Connecticut",,,https://nusports.com/sports/field-hockey/roster/season/2025/player/grace-schulze,Graduate Student,509
Northwestern,2025,,Kate Janssen,14,M,,,"Laren, The Netherlands",,,https://nusports.com/sports/field-hockey/roster/season/2025/player/kate-janssen,Sophomore,509
Northwestern,2025,,Annika de Haan,15,M,,,"Amsterdam, The Netherlands",,,https://nusports.com/sports/field-hockey/roster/season/2025/player/annika-de-haan,First-Year,509
Northwestern,2025,,Julia Soriano,16,M,,,"Wilmette, Illinois",,,https://nusports.com/sports/field-hockey/roster/season/2025/player/julia-soriano,First-Year,509
Northwestern,2025,,Laura Salamanca,18,M,,,"Santiago, Chile",,,https://nusports.com/sports/field-hockey/roster/season/2025/player/laura-salamanca,Sophomore,509
Northwestern,2025,,Emilie Kirschner,20,M,,,"Chapel Hill, North Carolina",,,https://nusports.com/sports/field-hockey/roster/season/2025/player/emilie-kirschner,Redshirt Sophomore,509
Northwestern,2025,,Ella Kokinis,21,M,,,"Owings Mills, Maryland",,,https://nusports.com/sports/field-hockey/roster/season/2025/player/ella-kokinis,Junior,509
Northwestern,2025,,Faye Post,22,GK,,,"Harveys Lake, Pennsylvania",,,https://nusports.com/sports/field-hockey/roster/season/2025/player/faye-post,Redshirt Sophomore,509
Northwestern,2025,,Maja Zivojnovic,23,D,,,"Rotterdam, The Netherlands",,,https://nusports.com/sports/field-hockey/roster/season/2025/player/maja-zivojnovic,Senior,509
Northwestern,2025,,Eva Nemeth,26,M,,,"Malvern, Pennsylvania",,,https://nusports.com/sports/field-hockey/roster/season/2025/player/eva-nemeth,Sophomore,509
Northwestern,2025,,Nadia Nemeth,27,M,,,"Malvern, Pennsylvania",,,https://nusports.com/sports/field-hockey/roster/season/2025/player/nadia-nemeth,Sophomore,509
Northwestern,2025,,Kayla Joyce,39,GK,,,"Baden, Pennsylvania",,,https://nusports.com/sports/field-hockey/roster/season/2025/player/kayla-joyce,First-Year,509
Northwestern,2025,,Juliana Boon,77,GK,,,"Houston, Texas",,,https://nusports.com/sports/field-hockey/roster/season/2025/player/juliana-boon,Redshirt First-Year,509
Ohio,2025,,Tori Cisney,0,M,5' 3'',,"Cleona, Pa.",,Annville Cleona,https://ohiobobcats.com/sports/fhockey/roster/tori-cisney/6870,Freshman,519
Ohio,2025,,Gwen Hershberger,1,GK,5' 1'',,"Harrison City, Pa.",,Penn Trafford,https://ohiobobcats.com/sports/fhockey/roster/gwen-hershberger/6878,Senior,519
Ohio,2025,,Natalie LaFleur,2,F,5' 3'',,"Fredericksburg, Va.",,Massaponax,https://ohiobobcats.com/sports/fhockey/roster/natalie-lafleur/6880,Junior,519
Ohio,2025,,Ava Hershberger,3,D,,,"Harrison City, Pa.",,Penn Trafford,https://ohiobobcats.com/sports/fhockey/roster/ava-hershberger/6877,Sophomore,519
Ohio,2025,,Rowan Casey,4,D,5' 8'',,"Columbus, Ohio",,Thomas Worthington,https://ohiobobcats.com/sports/fhockey/roster/rowan-casey/6869,Freshman,519
Ohio,2025,,Katie Cole,5,M,5' 5'',,"Newark, Del.",,Caravel Academy,https://ohiobobcats.com/sports/fhockey/roster/katie-cole/6871,Freshman,519
Ohio,2025,,Tiana Nhamoinesu,6,F,5' 3'',,"Thirsk, North Yorkshire",,Godolphin School,https://ohiobobcats.com/sports/fhockey/roster/tiana-nhamoinesu/6881,Freshman,519
Ohio,2025,,Hanna Scheessele,7,D,5' 4'',,"St. Louis, Mo.",,John Burroughs School,https://ohiobobcats.com/sports/fhockey/roster/hanna-scheessele/6884,Freshman,519
Ohio,2025,,Deborah James,8,D,5' 7'',,"Hertfordshire, England",,Stowe School,https://ohiobobcats.com/sports/fhockey/roster/deborah-james/6879,Sophomore,519
Ohio,2025,,Mary Huffman,9,F,,,"Ypsilanti, Mich.",,Pioneer High School,https://ohiobobcats.com/sports/fhockey/roster/mary-huffman/5682,Senior,519
Ohio,2025,,Marie De Grande,10,M,5' 3'',,"Groot-Bijgaarden, Belgium",,Regina Caeli Lyceum,https://ohiobobcats.com/sports/fhockey/roster/marie-de-grande/6872,Sophomore,519
Ohio,2025,,Mattea Vest,11,D,5' 1'',,"St. Louis, Mo.",,Cor Jesu Academy,https://ohiobobcats.com/sports/fhockey/roster/mattea-vest/6886,Sophomore,519
Ohio,2025,,Zoe Collins,12,D,5' 5'',,"Carlisle, Pa.",,Boiling Springs,https://ohiobobcats.com/sports/fhockey/roster/zoe-collins/5677,Junior,519
Ohio,2025,,Annie Ryan,13,M,5' 1'',,"St. Louis, Mo.",,St. Joseph's Academy.,https://ohiobobcats.com/sports/fhockey/roster/annie-ryan/6883,Junior,519
Ohio,2025,,Sasha Dikotla,14,F,5' 3'',,"Johannesburg, South Africa",,St. Mary’s School Waverley,https://ohiobobcats.com/sports/fhockey/roster/sasha-dikotla/5679,Senior,519
Ohio,2025,,Tori Miller,15,M,5' 5'',,Severna Park,,Md.,https://ohiobobcats.com/sports/fhockey/roster/tori-miller/5685,Sophomore,519
Ohio,2025,,Emily Risser,16,D,5' 8'',,"Palmyra, Pa.",,Palmyra Area,https://ohiobobcats.com/sports/fhockey/roster/emily-risser/5687,Senior,519
Ohio,2025,,Addy Basile,17,F,5' 6'',,"Lewes, Del.",,Cape Henlopen,https://ohiobobcats.com/sports/fhockey/roster/addy-basile/6867,Sophomore,519
Ohio,2025,,Anouk Plaehn,18,D,5' 5'',,"Hanover, Germany",,Kaiser- Wilhelm- und Ratsgymnasium Hannover,https://ohiobobcats.com/sports/fhockey/roster/anouk-plaehn/5686,Senior,519
Ohio,2025,,Adi Geer,19,F,5' 5'',,"Newport, Pa.",,Newport,https://ohiobobcats.com/sports/fhockey/roster/adi-geer/6876,Freshman,519
Ohio,2025,,Mia Scheulen,20,F,,,"St. Louis, Mo.",,Westminster Christian Academy,https://ohiobobcats.com/sports/fhockey/roster/mia-scheulen/6885,Sophomore,519
Ohio,2025,,Karley DuCoin,21,F,5' 4'',,"Turnersville, NJ",,Washington Township,https://ohiobobcats.com/sports/fhockey/roster/karley-ducoin/6873,Freshman,519
Ohio,2025,,Iona Roderick,22,M,5' 3'',,"Cardiff, United Kingdom",,Ysgol Gyfun Glantaf,https://ohiobobcats.com/sports/fhockey/roster/iona-roderick/6882,Freshman,519
Ohio,2025,,Emily Beitzel,23,M,5' 5'',,"Hershey, Pa.",,Hershey,https://ohiobobcats.com/sports/fhockey/roster/emily-beitzel/6868,Junior,519
Ohio,2025,,Aaliyah Edwards,24,F,5' 8'',,"Beachwood, Ohio",,Beachwood,https://ohiobobcats.com/sports/fhockey/roster/aaliyah-edwards/6874,Senior,519
Ohio,2025,,Ava Florence,25,D,5' 8'',,"Louisville, Ky.",,Christian Academy of Louisville,https://ohiobobcats.com/sports/fhockey/roster/ava-florence/6875,Freshman,519
Ohio,2025,,Ash Stephenson,29,GK,5' 4'',,"Kingston Upon Hull, England",,Oakham School,https://ohiobobcats.com/sports/fhockey/roster/ash-stephenson/5690,Sophomore,519
Ohio St.,2025,,Maddie Stevens,00,GK,,,"Morgantown, Pa.",,Twin Valley HS / Liberty,https://ohiostatebuckeyes.com/sports/field-hockey/roster/maddie-stevens/13280,Sophomore,518
Ohio St.,2025,,Autum Kernechel,2,M,,,"Emmaus, Pa.",,Emmaus,https://ohiostatebuckeyes.com/sports/field-hockey/roster/autum-kernechel/13273,Freshman,518
Ohio St.,2025,,Mary Davis,3,M,,,"Midlothian, Va.",,Powhatan HS / Liberty,https://ohiostatebuckeyes.com/sports/field-hockey/roster/mary-davis/13269,Sophomore,518
Ohio St.,2025,,Zella Bailey,4,M,,Sport Industry,"Virginia Beach, Va.",,Frank W. Cox,https://ohiostatebuckeyes.com/sports/field-hockey/roster/zella-bailey/12178,Senior,518
Ohio St.,2025,,Emily Barker,5,F,,Health Sciences,"Columbus, Ohio",,Upper Arlington,https://ohiostatebuckeyes.com/sports/field-hockey/roster/emily-barker/13265,Junior,518
Ohio St.,2025,,Raleigh Kerst,6,F,,,"Arnold, Md.",,Broadneck,https://ohiostatebuckeyes.com/sports/field-hockey/roster/raleigh-kerst/13274,Freshman,518
Ohio St.,2025,,Loryn Jordon,7,F,,Sport Industry,"Owings Mills, Md.",,Franklin,https://ohiostatebuckeyes.com/sports/field-hockey/roster/loryn-jordon/12187,Senior,518
Ohio St.,2025,,Makenna Webster,8,F,,Communications,"St. Louis, Mo.",,Shattuck St. Mary’s/Wisconsin,https://ohiostatebuckeyes.com/sports/field-hockey/roster/makenna-webster/12244,Graduate,518
Ohio St.,2025,,Carmela Maro,9,F,,,"Collegeville, Pa.",,Methacton,https://ohiostatebuckeyes.com/sports/field-hockey/roster/carmela-maro/13277,Freshman,518
Ohio St.,2025,,Olivia Wallace,10,F,,Communications,"Virginia Beach, Va.",,Cape Henry Collegiate,https://ohiostatebuckeyes.com/sports/field-hockey/roster/olivia-wallace/12193,Senior,518
Ohio St.,2025,,Lindsey Roberts,11,F,,Communication,"Dowingtown, Pa.",,Villa Maria Academy,https://ohiostatebuckeyes.com/sports/field-hockey/roster/lindsey-roberts/12190,Senior,518
Ohio St.,2025,,MaKayla Carahaly,14,F,,Speech and Hearing Science,"Morgantown, Pa.",,Twin Valley,https://ohiostatebuckeyes.com/sports/field-hockey/roster/makayla-carahaly/12181,Senior,518
Ohio St.,2025,,Riley Hudson,15,M,,Political Science,"Medford, N.J.",,Eastern Regional,https://ohiostatebuckeyes.com/sports/field-hockey/roster/riley-hudson/12186,Senior,518
Ohio St.,2025,,Cece Tomaszewski,16,D,,,"Leesburg, Va.",,Loudoun County,https://ohiostatebuckeyes.com/sports/field-hockey/roster/cece-tomaszewski/13281,Freshman,518
Ohio St.,2025,,Philippa Schipper,17,D,,TBD,"Rotterdam, Netherlands",,Montessori Lyceum Rotterdam,https://ohiostatebuckeyes.com/sports/field-hockey/roster/philippa-schipper/13278,Sophomore,518
Ohio St.,2025,,Victoria Kutz,19,D,,TBD,"Hummelstown, Pa.",,Lower Dauphin,https://ohiostatebuckeyes.com/sports/field-hockey/roster/victoria-kutz/13276,Sophomore,518
Ohio St.,2025,,Katie Crump,20,M,,,St. Louis,,Villa Duchesne,https://ohiostatebuckeyes.com/sports/field-hockey/roster/katie-crump/13267,Freshman,518
Ohio St.,2025,,Reagan Eickhoff,21,F,,Human Resources,"Boiling Springs, Pa.",,Boiling Springs,https://ohiostatebuckeyes.com/sports/field-hockey/roster/reagan-eickhoff/13271,Junior,518
Ohio St.,2025,,Grace Dixon,22,D,,TBD,"Virginia Beach, Va.",,First Colonial,https://ohiostatebuckeyes.com/sports/field-hockey/roster/grace-dixon/13270,Sophomore,518
Ohio St.,2025,,Lucy Curtis,23,GK,,,Charlotte,,Myers Park,https://ohiostatebuckeyes.com/sports/field-hockey/roster/lucy-curtis/13268,Freshman,518
Ohio St.,2025,,Cam Standish,24,M,,Finance,"Mechanicsburg, PA.",,Mechanicsburg,https://ohiostatebuckeyes.com/sports/field-hockey/roster/cam-standish/12192,Junior,518
Ohio St.,2025,,Anne Marie Krebs,25,M,,Biology,"Louisville, Ky.",,Christian Academy of Louisville,https://ohiostatebuckeyes.com/sports/field-hockey/roster/anne-marie-krebs/13275,Junior,518
Ohio St.,2025,,Sienna Golden,28,F,,Finance,"Berwyn, Pa.",,Archbishop Carroll,https://ohiostatebuckeyes.com/sports/field-hockey/roster/sienna-golden/13272,Sophomore,518
Ohio St.,2025,,Katie Fichtner,32,D,,Criminology & Criminal Justice,"Harwood, Md.",,Archbishop Spalding,https://ohiostatebuckeyes.com/sports/field-hockey/roster/katie-fichtner/12184,Senior,518
Ohio St.,2025,,Madeline Bogle,33,D,,TBD,"Lansdale, Pa.",,Gwynedd Mercy Academy,https://ohiostatebuckeyes.com/sports/field-hockey/roster/madeline-bogle/13266,Sophomore,518
Old Dominion,2025,,Sam Garden,3,F,5′3″,,"Matthews, N.C.",Weddington,,https://odusports.com/sports/field-hockey/roster/season/2025/player/sam-garden,Senior,523
Old Dominion,2025,,Amelie Zielcke,6,D,5′6″,,"Munich, Germany",,,https://odusports.com/sports/field-hockey/roster/season/2025/player/amelie-zielcke,Sophomore,523
Old Dominion,2025,,Serena Langendoen,7,D,5′6″,,"Rotterdam, The Netherlands",Thorbecke Talentschool Rotterdam,,https://odusports.com/sports/field-hockey/roster/season/2025/player/serena-langendoen,Sophomore,523
Old Dominion,2025,,Madison Zalewski,8,F,5′9″,,"Abington Heights, Pa.",Abington Heights,,https://odusports.com/sports/field-hockey/roster/season/2025/player/madison-zalewski,Sophomore,523
Old Dominion,2025,,Sian Emslie,9,M,5′6″,,"Canterbury Kent, England",Repton,,https://odusports.com/sports/field-hockey/roster/season/2025/player/sian-emslie,Redshirt Senior,523
Old Dominion,2025,,Isabella Decesaris,10,M,,,"Shavertown, Pa.",Lake Lehman High School,,https://odusports.com/sports/field-hockey/roster/season/2025/player/isabella-decesaris,Freshman,523
Old Dominion,2025,,Alex Bandura,11,M,5′7″,,"Boiling Springs, Pa.",Boiling Springs,,https://odusports.com/sports/field-hockey/roster/season/2025/player/alex-bandura,Sophomore,523
Old Dominion,2025,,Cosima Perleth,12,M,,,"Schweinfurt, Germany",International School Mainfranken,,https://odusports.com/sports/field-hockey/roster/season/2025/player/cosima-perleth,Junior,523
Old Dominion,2025,,Sanci Molkenboer,13,F,5′5″,,"Hillegom,Netherlands",,,https://odusports.com/sports/field-hockey/roster/season/2025/player/sanci-molkenboer,Senior,523
Old Dominion,2025,,Laila Zdancewicz,14,F,,,"Swoyersville, Pa.",Wyoming Valley West,,https://odusports.com/sports/field-hockey/roster/season/2025/player/laila-zdancewicz,Freshman,523
Old Dominion,2025,,Ainsley Papierniak,16,F,5′6″,,"Richmond, Va.",Midlothian High School,,https://odusports.com/sports/field-hockey/roster/season/2025/player/ainsley-papierniak,Sophomore,523
Old Dominion,2025,,Jule Schuurman,17,D,,,"Krefeld, Germany",Gymnasium am Moltkeplatz,,https://odusports.com/sports/field-hockey/roster/season/2025/player/jule-schuurman,,523
Old Dominion,2025,,Katie Bates,18,M,,,"New South Wales, Australia",,,https://odusports.com/sports/field-hockey/roster/season/2025/player/katie-bates,Freshman,523
Old Dominion,2025,,Mackenzie Olsommer,21,M,5′6″,,"Moscow, Pa.",Delaware Valley HS,,https://odusports.com/sports/field-hockey/roster/season/2025/player/mackenzie-olsommer,Senior,523
Old Dominion,2025,,Claire Hitchings,23,M,,,"Virginia Beach, Va.",First Colonial High School,,https://odusports.com/sports/field-hockey/roster/season/2025/player/claire-hitchings,Freshman,523
Old Dominion,2025,,Josi John,24,Midfield/Defender,5′7″,,"Chesapeake, Va.",Western Branch High School,,https://odusports.com/sports/field-hockey/roster/season/2025/player/josi-john,Junior,523
Old Dominion,2025,,Autumn Busby,25,M,,,"Midlothian, Va.",Midlothian High School,,https://odusports.com/sports/field-hockey/roster/season/2025/player/autumn-busby,Freshman,523
Old Dominion,2025,,Avery Jackson,26,Forward/Midfield,5′4″,,"Poquoson, Va.",Poquoson High School,,https://odusports.com/sports/field-hockey/roster/season/2025/player/avery-jackson,Junior,523
Old Dominion,2025,,Nicolette Saccomandi,27,M,5′7″,,"Thornton, Pa.",,,https://odusports.com/sports/field-hockey/roster/season/2025/player/nicolette-saccomandi,Junior,523
Old Dominion,2025,,Josie Painter,28,F,5′10″,,"Richmond, Va.",Midlothian High School,,https://odusports.com/sports/field-hockey/roster/season/2025/player/josie-painter,Redshirt Freshman,523
Old Dominion,2025,,Sydney Holbrook,29,M,5′8″,,"Yorktown, Va.",Tabb High School,,https://odusports.com/sports/field-hockey/roster/season/2025/player/sydney-holbrook,Redshirt Sophomore,523
Old Dominion,2025,,Suus Broers,44,GK,5′5″,,"Utrecht, The Netherlands",Revius Lyceum Doorn,,https://odusports.com/sports/field-hockey/roster/season/2025/player/suus-broers,Junior,523
Old Dominion,2025,,Alexa Murphy,62,GK,,,"Richmond, Va.",Trinity Episcopal High School,,https://odusports.com/sports/field-hockey/roster/season/2025/player/alexa-murphey,Freshman,523
Old Dominion,2025,,Elsa Goldsberry,80,GK,5′9″,,"Chicago, Ill.",Lake Forest High School,,https://odusports.com/sports/field-hockey/roster/season/2025/player/elsa-goldsberry,,523
Penn,2025,,Samira Rafide,0,,,,,,,https://pennathletics.com/sports/field-hockey/roster/samira-rafide/24868,,540
Penn,2025,,Sarah Ding,2,,,,,,,https://pennathletics.com/sports/field-hockey/roster/sarah-ding/24866,,540
Penn,2025,,Lucy Mangat,3,,,,,,,https://pennathletics.com/sports/field-hockey/roster/lucy-mangat/24867,,540
Penn,2025,,Ellie Almeida,4,,,,,,,https://pennathletics.com/sports/field-hockey/roster/ellie-almeida/24510,,540
Penn,2025,,Alexis Williams,5,,,,,,,https://pennathletics.com/sports/field-hockey/roster/alexis-williams/24528,,540
Penn,2025,,Honor Roberts,6,,,,,,,https://pennathletics.com/sports/field-hockey/roster/honor-roberts/24524,,540
Penn,2025,,Sydney Mandato,7,,,,,,,https://pennathletics.com/sports/field-hockey/roster/sydney-mandato/24522,,540
Penn,2025,,Julia Ryan,8,,,,,,,https://pennathletics.com/sports/field-hockey/roster/julia-ryan/24525,,540
Penn,2025,,Amy Lanouette,9,,,,,,,https://pennathletics.com/sports/field-hockey/roster/amy-lanouette/24520,,540
Penn,2025,,Monet Thurbide,10,,,,,,,https://pennathletics.com/sports/field-hockey/roster/monet-thurbide/24869,,540
Penn,2025,,Beau Lilly Barrington-Hibbert,11,,,,,,,https://pennathletics.com/sports/field-hockey/roster/beau-lilly-barrington-hibbert/24512,,540
Penn,2025,,Emily Stafford,13,,,,,,,https://pennathletics.com/sports/field-hockey/roster/emily-stafford/24526,,540
Penn,2025,,Riley Thomson,14,,,,,,,https://pennathletics.com/sports/field-hockey/roster/riley-thomson/24527,,540
Penn,2025,,Emma Nahon,16,,,,,,,https://pennathletics.com/sports/field-hockey/roster/emma-nahon/24523,,540
Penn,2025,,Sophie Watson,17,,,,,,,https://pennathletics.com/sports/field-hockey/roster/sophie-watson/24870,,540
Penn,2025,,Megan Frank,18,,,,,,,https://pennathletics.com/sports/field-hockey/roster/megan-frank/24517,,540
Penn,2025,,Philine Klas,20,,,,,,,https://pennathletics.com/sports/field-hockey/roster/philine-klas/24519,,540
Penn,2025,,Naomi Esterowitz,22,,,,,,,https://pennathletics.com/sports/field-hockey/roster/naomi-esterowitz/24516,,540
Penn,2025,,Livia Loozen,23,,,,,,,https://pennathletics.com/sports/field-hockey/roster/livia-loozen/24521,,540
Penn,2025,,Maxi Aranowitz,24,,,,,,,https://pennathletics.com/sports/field-hockey/roster/maxi-aranowitz/24511,,540
Penn,2025,,Darcey Chapman,26,,,,,,,https://pennathletics.com/sports/field-hockey/roster/darcey-chapman/24514,,540
Penn,2025,,Jazmin Borensztein,30,,,,,,,https://pennathletics.com/sports/field-hockey/roster/jazmin-borensztein/24864,,540
Penn,2025,,Ava Hughes,34,,,,,,,https://pennathletics.com/sports/field-hockey/roster/ava-hughes/24518,,540
Penn,2025,,Ruby de Frees,76,,,,,,,https://pennathletics.com/sports/field-hockey/roster/ruby-de-frees/24515,,540
Princeton,2025,,Lilly Wojcik,2,F,5' 3'',,"New Freedom, Pa.",,Susquehannock,https://goprincetontigers.com/sports/field-hockey/roster/lilly-wojcik/25478,Sophomore,554
Princeton,2025,,Lydia Bills,5,F,5' 7'',,"Chester, England",,The King's School Chester,https://goprincetontigers.com/sports/field-hockey/roster/lydia-bills/25463,Junior,554
Princeton,2025,,Ottilie Sykes,6,D,5' 9'',,"Milton, England",,Repton School,https://goprincetontigers.com/sports/field-hockey/roster/ottilie-sykes/25475,Junior,554
Princeton,2025,,Hope Delaney,7,D,5' 8'',,"Radnor, Pa.",,Radnor,https://goprincetontigers.com/sports/field-hockey/roster/hope-delaney/25466,Junior,554
Princeton,2025,,Pru Lindsey,8,F,5' 6'',,"Nantwich, England",,Sedbergh School,https://goprincetontigers.com/sports/field-hockey/roster/pru-lindsey/25470,Sophomore,554
Princeton,2025,,Izzy Morgan,9,D,5' 7'',,"Winnetka, Ill.",,New Trier,https://goprincetontigers.com/sports/field-hockey/roster/izzy-morgan/25472,Sophomore,554
Princeton,2025,,Clem Houlden,10,M,5' 3'',,"Bristol, England",,Clifton College,https://goprincetontigers.com/sports/field-hockey/roster/clem-houlden/25469,Sophomore,554
Princeton,2025,,Helena Große,11,M,5' 4'',,"Berlin, Germany",,Werner-von-Siemens Gymnasium,https://goprincetontigers.com/sports/field-hockey/roster/helena-groe/24158,Senior,554
Princeton,2025,,Caitlin Thompson,12,M,5' 6'',,"Cheltenham, England",,Dean Close,https://goprincetontigers.com/sports/field-hockey/roster/caitlin-thompson/25476,Freshman,554
Princeton,2025,,Saylor Milone,13,F,5' 8'',,"Bryn Mawr, Pa.",,Academy of Notre Dame de Namur,https://goprincetontigers.com/sports/field-hockey/roster/saylor-milone/25471,Freshman,554
Princeton,2025,,Ella Hampson,14,D,5' 7'',,"Cheshire, England",,Manchester,https://goprincetontigers.com/sports/field-hockey/roster/ella-hampson/24159,Senior,554
Princeton,2025,,Mia Ramirez,15,F,5' 4'',,"Princeton, N.J.",,Princeton,https://goprincetontigers.com/sports/field-hockey/roster/mia-ramirez/25474,Freshman,554
Princeton,2025,,Ella Cashman,16,M,5' 4'',,"Surbiton, England",,The Tiffin School For Girls,https://goprincetontigers.com/sports/field-hockey/roster/ella-cashman/25465,Junior,554
Princeton,2025,,Beth Yeager,17,M,5' 7'',,"Greenwich, Conn.",,Sacred Heart Greenwich,https://goprincetontigers.com/sports/field-hockey/roster/beth-yeager/24169,Senior,554
Princeton,2025,,Tabby Vaughan,18,M,5' 3'',,"Wirksworth, England",,Repton School,https://goprincetontigers.com/sports/field-hockey/roster/tabby-vaughan/25477,Freshman,554
Princeton,2025,,Anna Faulstich,19,M,5' 7'',,"Bromley, England",,Caterham School,https://goprincetontigers.com/sports/field-hockey/roster/anna-faulstich/25468,Sophomore,554
Princeton,2025,,Talia Schenck,20,F,5' 4'',,"Lawrenceville, N.J.",,Lawrence,https://goprincetontigers.com/sports/field-hockey/roster/talia-schenck/24165,Senior,554
Princeton,2025,,Molly Nye,21,M,5' 3'',,"Cambridge, Mass.",,Middlesex School,https://goprincetontigers.com/sports/field-hockey/roster/molly-nye/25473,Sophomore,554
Princeton,2025,,Ava Dempsey,22,M,5' 4'',,"Chester, England",,The Queens School,https://goprincetontigers.com/sports/field-hockey/roster/ava-dempsey/24156,Senior,554
Princeton,2025,,Gabriella Anderson,24,D,5' 4'',,"Williamsburg, Va.",,Jamestown,https://goprincetontigers.com/sports/field-hockey/roster/gabriella-anderson/25462,Freshman,554
Princeton,2025,,Grace Anne McCooey,25,F,5' 7'',,Rumson,,Rumson-Fair Haven,https://goprincetontigers.com/sports/field-hockey/roster/grace-anne-mccooey/24162,Senior,554
Princeton,2025,,Libby Smith,30,GK,5' 10'',,"Houston, Texas",,St. John's School,https://goprincetontigers.com/sports/field-hockey/roster/libby-smith/24166,Sophomore,554
Princeton,2025,,Olivia Caponiti,35,GK,6' 0'',,"Rye, N.Y.",,Sacred Heart (Greenwich),https://goprincetontigers.com/sports/field-hockey/roster/olivia-caponiti/25464,Junior,554
Princeton,2025,,Kylie Elefante,99,GK,5' 3'',,"Cream Ridge, N.J.",,Allentown,https://goprincetontigers.com/sports/field-hockey/roster/kylie-elefante/25467,Freshman,554
Providence,2025,,Zoe Onken,1,GK,5' 4'',,"Acton, Mass.",,Acton Boxborough Regional,https://friars.com/sports/field-hockey/roster/zoe-onken/10640,Senior,556
Providence,2025,,Adrianna Williams,2,D,5' 3'',,"Watertown, Mass.",,Watertown,https://friars.com/sports/field-hockey/roster/adrianna-williams/11720,Freshman,556
Providence,2025,,Caelie Patrick,4,M,5' 1'',,"Manchester by the Sea, Mass.",,Manchester Essex Regional,https://friars.com/sports/field-hockey/roster/caelie-patrick/11712,Sophomore,556
Providence,2025,,Saar Koper,5,D,5' 11'',,"Amsterdam, The Netherlands",,Gerrit van der Veen College,https://friars.com/sports/field-hockey/roster/saar-koper/11707,Freshman,556
Providence,2025,,Lilia Payne,6,M,5' 3'',,"Suffolk, England",,Culford School,https://friars.com/sports/field-hockey/roster/lilia-payne/11713,Freshman,556
Providence,2025,,Lily Procaccianti,7,F,5' 1'',,"Cranston, R.I.",,Moses Brown,https://friars.com/sports/field-hockey/roster/lily-procaccianti/11716,Junior,556
Providence,2025,,Ariana Ftorek,8,F,5' 8'',,"Wolfeboro, N.H.",,The Taft School,https://friars.com/sports/field-hockey/roster/ariana-ftorek/11705,Freshman,556
Providence,2025,,Aly Iwasyk,9,D,5' 3'',,"Kennett Square, Pa.",,Unionville,https://friars.com/sports/field-hockey/roster/aly-iwasyk/11706,Freshman,556
Providence,2025,,Florencia Talarico,10,M,5' 2'',,"Buenos Aires, Argentina",,Instituto San Roman,https://friars.com/sports/field-hockey/roster/florencia-talarico/11717,Junior,556
Providence,2025,,Macie Pennisi,11,M,5' 6'',,"Raleigh, N.C.",,Cardinal Gibbons,https://friars.com/sports/field-hockey/roster/macie-pennisi/11714,Junior,556
Providence,2025,,Carly van Benten,12,F,5' 2'',,"Ashburn, Va.",,Independence,https://friars.com/sports/field-hockey/roster/carly-van-benten/11719,Junior,556
Providence,2025,,Bo Martina,14,M,5' 8'',,"Nieuw Vennep, The Netherlands",,Haarlemmermeer Lyceum / Vavo,https://friars.com/sports/field-hockey/roster/bo-martina/11710,Junior,556
Providence,2025,,Piper Cline,16,F,5' 3'',,"West Chester, Pa.",,Downingtown West,https://friars.com/sports/field-hockey/roster/piper-cline/11703,Sophomore,556
Providence,2025,,Molly DiGiulio,17,F,5' 7'',,"East Amherst, N.Y.",,Nichols School,https://friars.com/sports/field-hockey/roster/molly-digiulio/10658,Freshman,556
Providence,2025,,Martu Torre Festa,18,M,5' 4'',,"Buenos Aires, Argentina",,La Salle Florida,https://friars.com/sports/field-hockey/roster/martu-torre-festa/11718,Sophomore,556
Providence,2025,,Morgan Mastrobattisto,19,F,5' 2'',,"Madison, Conn.",,Daniel Hand,https://friars.com/sports/field-hockey/roster/morgan-mastrobattisto/11711,Freshman,556
Providence,2025,,Johanna Mahner,20,M,5' 6'',,"Nuremberg, Germany",,Grimm School,https://friars.com/sports/field-hockey/roster/johanna-mahner/11709,Sophomore,556
Providence,2025,,Charlotte Lorden,21,M,5' 3'',,"Cockeysville, Md.",,St. Paul's School for Girls,https://friars.com/sports/field-hockey/roster/charlotte-lorden/11708,Junior,556
Providence,2025,,Caroline Krebs,28,M,5' 3'',,"Louisville, Ky.",,Assumption,https://friars.com/sports/field-hockey/roster/caroline-krebs/10636,Senior,556
Providence,2025,,Ava Porter,77,GK,5' 4'',,"Somerset, Mass.",,Moses Brown,https://friars.com/sports/field-hockey/roster/ava-porter/11715,Freshman,556
Providence,2025,,Avery Callison,93,GK,5' 8'',,"Acton, Mass.",,New Hampton School,https://friars.com/sports/field-hockey/roster/avery-callison/10634,Junior,556
Queens (NC),2025,,Grace Wagner,4,,,,,,,https://queensathletics.com/sports/field-hockey/roster/grace-wagner/12577,,11504
Queens (NC),2025,,Sarah Hondru,5,,,,,,,https://queensathletics.com/sports/field-hockey/roster/sarah-hondru/12568,,11504
Queens (NC),2025,,Sydney Smith,7,,,,,,,https://queensathletics.com/sports/field-hockey/roster/sydney-smith/12576,,11504
Queens (NC),2025,,Tea Burns,9,,,,,,,https://queensathletics.com/sports/field-hockey/roster/tea-burns/12581,,11504
Queens (NC),2025,,Enya Kemp,10,,,,,,,https://queensathletics.com/sports/field-hockey/roster/enya-kemp/12570,,11504
Queens (NC),2025,,Delfina Gonzalez Fontan,11,,,,,,,https://queensathletics.com/sports/field-hockey/roster/delfina-gonzalez-fontan/12567,,11504
Queens (NC),2025,,Lilly Waters,14,,,,,,,https://queensathletics.com/sports/field-hockey/roster/lilly-waters/12578,,11504
Queens (NC),2025,,Maddie Just,19,,,,,,,https://queensathletics.com/sports/field-hockey/roster/maddie-just/12569,,11504
Queens (NC),2025,,Addisan Sholly,24,,,,,,,https://queensathletics.com/sports/field-hockey/roster/addisan-sholly/13086,,11504
Queens (NC),2025,,Olivia Gain,25,,,,,,,https://queensathletics.com/sports/field-hockey/roster/olivia-gain/12566,,11504
Queens (NC),2025,,Jarmilla Richter,28,,,,,,,https://queensathletics.com/sports/field-hockey/roster/jarmilla-richter/12574,,11504
Queens (NC),2025,,Ines Morixe Stirling,30,,,,,,,https://queensathletics.com/sports/field-hockey/roster/ines-morixe-stirling/12572,,11504
Queens (NC),2025,,Liv Rainwater,31,,,,,,,https://queensathletics.com/sports/field-hockey/roster/liv-rainwater/12573,,11504
Queens (NC),2025,,Alana Shimp,32,,,,,,,https://queensathletics.com/sports/field-hockey/roster/alana-shimp/12575,,11504
Queens (NC),2025,,Hensley Miller,33,,,,,,,https://queensathletics.com/sports/field-hockey/roster/hensley-miller/12571,,11504
Queens (NC),2025,,Sarah Trask,44,,,,,,,https://queensathletics.com/sports/field-hockey/roster/sarah-trask/12582,,11504
Queens (NC),2025,,Madison Destefano,88,,,,,,,https://queensathletics.com/sports/field-hockey/roster/madison-destefano/12565,,11504
Queens (NC),2025,,Sabrina Balent,99,,,,,,,https://queensathletics.com/sports/field-hockey/roster/sabrina-balent/12580,,11504
Quinnipiac,2025,,Jaelyn Crossman,1,,5' 10'',,"Auburn, NH",,Pinkerton Academy,https://gobobcats.com/sports/field-hockey/roster/jaelyn-crossman/15230,FY,562
Quinnipiac,2025,,Ava Bleier,2,F,5' 6'',,"Pittsford, NY",,Pittsford Sutherland,https://gobobcats.com/sports/field-hockey/roster/ava-bleier/15226,Junior,562
Quinnipiac,2025,,Laci Coppola,4,F,5' 2'',,"Berlin, NJ",,Eastern Regional,https://gobobcats.com/sports/field-hockey/roster/laci-coppola/15229,Redshirt Junior,562
Quinnipiac,2025,,Lauren Keyte,5,M,5' 6'',,"Schwenksville, Pa.",,Perkiomen Valley,https://gobobcats.com/sports/field-hockey/roster/lauren-keyte/15235,Redshirt Junior,562
Quinnipiac,2025,,Alexa Kidd,6,,5' 3'',,"East Setauket, NY",,Ward Melville High School,https://gobobcats.com/sports/field-hockey/roster/alexa-kidd/15236,Sophomore,562
Quinnipiac,2025,,Emma Nelson,7,M,5' 5'',,"Yardley, Pa.",,The Pennington School,https://gobobcats.com/sports/field-hockey/roster/emma-nelson/15238,Sophomore,562
Quinnipiac,2025,,Katie Shanahan,11,D,5' 7'',,"Falmouth, Mass.",,Falmouth,https://gobobcats.com/sports/field-hockey/roster/katie-shanahan/15239,Junior,562
Quinnipiac,2025,,Rozemarijn Van Keulen,14,,5' 9'',,"Naarden, The Netherlands",,Vituscollege,https://gobobcats.com/sports/field-hockey/roster/rozemarijn-van-keulen/15240,FY,562
Quinnipiac,2025,,Francisca Eschoyez,15,M,5' 10'',,"Turin, Italy",,Istituto Padre Pasquale Lanzano,https://gobobcats.com/sports/field-hockey/roster/francisca-eschoyez/14943,Sophomore,562
Quinnipiac,2025,,Mo Quaile,16,M,5' 7'',,"Havertown, Pa.",,Haverford,https://gobobcats.com/sports/field-hockey/roster/mo-quaile/14951,Senior,562
Quinnipiac,2025,,Lauren Kane,17,M,5' 5'',,"Bear Creek Township, Pa.",,Holy Redeemer,https://gobobcats.com/sports/field-hockey/roster/lauren-kane/14948,Redshirt Junior,562
Quinnipiac,2025,,Martina Calveira,19,F,5' 1'',,"Entre Rios, Argentina",,Escuela del Club Atletico Estudiantes,https://gobobcats.com/sports/field-hockey/roster/martina-calveira/15227,Junior,562
Quinnipiac,2025,,Lucia Donati,20,M,5' 4'',,"Cordoba, Argentina",,IPEM N° 147 Alfonsina Storni,https://gobobcats.com/sports/field-hockey/roster/lucia-donati/14942,Sophomore,562
Quinnipiac,2025,,Zoe Bjelac,21,D,5' 9'',,"Arnold, Md.",,Broadneck High School,https://gobobcats.com/sports/field-hockey/roster/zoe-bjelac/15225,Sophomore,562
Quinnipiac,2025,,Veronica Goettner,24,,5' 2'',,"North Wales, Pa.",,Springside Chestnut Hill Academy,https://gobobcats.com/sports/field-hockey/roster/veronica-goettner/15232,FY,562
Quinnipiac,2025,,Jenna Livathares,25,,5' 1'',,"Upper Saddle River, NJ",,Northern Highlands Regional High School,https://gobobcats.com/sports/field-hockey/roster/jenna-livathares/15237,FY,562
Quinnipiac,2025,,Cristina Torres,26,GK,5' 6'',,"Barcelona, Spain",,Jesuitas de Sarriá San Ignacio,https://gobobcats.com/sports/field-hockey/roster/cristina-torres/14953,Senior,562
Quinnipiac,2025,,Cameron Brower,27,F,5' 7'',,"Greenwich, Conn.",,Greenwich Academy,https://gobobcats.com/sports/field-hockey/roster/cameron-brower/14939,Senior,562
Quinnipiac,2025,,Lily Wolfe,30,D,5' 8'',,"Wayne, Pa.",,Conestoga,https://gobobcats.com/sports/field-hockey/roster/lily-wolfe/14954,Redshirt Junior,562
Quinnipiac,2025,,Jule Hoefer,32,M,5' 4'',,"Hamburg, Germany",,Gymnasium Christianeum,https://gobobcats.com/sports/field-hockey/roster/jule-hoefer/15234,Sophomore,562
Quinnipiac,2025,,Charlie Caunter,33,,5' 6'',,"Oldenzaal, The Netherlands",,Twents Carmel College Lyceum,https://gobobcats.com/sports/field-hockey/roster/charlie-caunter/15228,FY,562
Quinnipiac,2025,,Audrey Everett,44,GK,5' 7'',,"Wilmington, Del.",,Sanford School,https://gobobcats.com/sports/field-hockey/roster/audrey-everett/15231,Redshirt Sophomore,562
Richmond,2025,,Reese Miller,1,F,5' 3'',,"Gloucester, Va.",,Gloucester,https://richmondspiders.com/sports/field-hockey/roster/reese-miller/8113,Freshman,575
Richmond,2025,,Victoria Stockdale,4,M,5' 6'',,"Darien, Conn.",,Darien High,https://richmondspiders.com/sports/field-hockey/roster/victoria-stockdale/7776,Sophomore,575
Richmond,2025,,Caroline Simmons,5,M,5' 10'',,"Austin, Texas",,St. Andrew's Episcopal School,https://richmondspiders.com/sports/field-hockey/roster/caroline-simmons/8115,Freshman,575
Richmond,2025,,Emme Hinson-Hasty,6,M,5' 8'',,"Louisville, Ky.",,duPont,https://richmondspiders.com/sports/field-hockey/roster/emme-hinsonhasty/8109,Sophomore,575
Richmond,2025,,Sarah Ellis,7,M,5' 7'',,"Virginia Beach, Va.",,Princess Anne High,https://richmondspiders.com/sports/field-hockey/roster/sarah-ellis/8106,Sophomore,575
Richmond,2025,,Jess McMeeking,8,M,5' 8'',,"Canterbury, England",,Wellington College,https://richmondspiders.com/sports/field-hockey/roster/jess-mcmeeking/7773,Senior,575
Richmond,2025,,Camila Daud,9,M,5' 3'',,"Buenos Aires, Argentina",,Saint Mary of the Hills,https://richmondspiders.com/sports/field-hockey/roster/camila-daud/8105,Redshirt Sophomore,575
Richmond,2025,,Lainey Nichols,10,M,5' 6'',,"Powhatan, Va.",,Trinity Episcopal,https://richmondspiders.com/sports/field-hockey/roster/lainey-nichols/7774,Senior,575
Richmond,2025,,Emma Williams,11,M,5' 6'',,"Glasgow, Scotland",,Kelvinside Academy,https://richmondspiders.com/sports/field-hockey/roster/emma-williams/7778,Senior,575
Richmond,2025,,Charly Faherty,12,M,5' 4'',,"Invercargill, New Zealand",,James Hargest College,https://richmondspiders.com/sports/field-hockey/roster/charly-faherty/8108,Junior,575
Richmond,2025,,Avery Russell,14,F,5' 6'',,"Palmyra, Pa.",,Palmyra Area High,https://richmondspiders.com/sports/field-hockey/roster/avery-russell/8114,Junior,575
Richmond,2025,,Freya MacKay,15,D,5' 9'',,"Edinburgh, Scotland",,The Mary Erskine School,https://richmondspiders.com/sports/field-hockey/roster/freya-mackay/8112,Junior,575
Richmond,2025,,Remy Phan,16,F,5' 4'',,"Houston, Texas",,St. John's School,https://richmondspiders.com/sports/field-hockey/roster/remy-phan/7797,Freshman,575
Richmond,2025,,Madelyn Curtis,17,M,5' 8'',,"Richmond, Va.",,Collegiate,https://richmondspiders.com/sports/field-hockey/roster/madelyn-curtis/7764,Senior,575
Richmond,2025,,Alexa Derr,18,M,5' 2'',,"Palmyra, Pa.",,Palmyra Area High,https://richmondspiders.com/sports/field-hockey/roster/alexa-derr/7766,Senior,575
Richmond,2025,,Amy Stripling,19,M,5' 9'',,"Darwin, Australia",,Darwin,https://richmondspiders.com/sports/field-hockey/roster/amy-stripling/7799,Freshman,575
Richmond,2025,,Clara Larripa,20,F,5' 5'',,"Buenos Aires, Argentina",,St. Trinnean's,https://richmondspiders.com/sports/field-hockey/roster/clara-larripa/8110,Junior,575
Richmond,2025,,Olivia Eusanio,22,F,5' 5'',,"Centerport, NY",,Harborfields,https://richmondspiders.com/sports/field-hockey/roster/olivia-eusanio/8107,Freshman,575
Richmond,2025,,Grace Wiggins,24,M,5' 11'',,"Milton, Del.",,Cape Henlopen High,https://richmondspiders.com/sports/field-hockey/roster/grace-wiggins/8117,Sophomore,575
Richmond,2025,,Lillian Buckwalter,25,D,5' 3'',,"Lancaster, Pa.",,Conestoga Valley,https://richmondspiders.com/sports/field-hockey/roster/lillian-buckwalter/8102,Senior,575
Richmond,2025,,Valen Luna Paratore,30,F,5' 6'',,"Buenos Aires, Argentina",,Colegio San Agustin,https://richmondspiders.com/sports/field-hockey/roster/valen-luna-paratore/8111,Junior,575
Richmond,2025,,Thea Conomikes,33,GK,5' 6'',,"Pittsburgh, PA",,Shady Side Academy,https://richmondspiders.com/sports/field-hockey/roster/thea-conomikes/7763,Junior,575
Richmond,2025,,Amanda Cimillo,70,GK,5' 6'',,"Pleasant Valley, N.Y.",,Arlington,https://richmondspiders.com/sports/field-hockey/roster/amanda-cimillo/8103,Junior,575
Rider,2025,,Ang Borisow,1,,,,,,,https://gobroncs.com/sports/field-hockey/roster/ang-borisow/8385,,576
Rider,2025,,Sam Connolly,2,,,,,,,https://gobroncs.com/sports/field-hockey/roster/sam-connolly/8386,,576
Rider,2025,,Liv Cox,4,,,,,,,https://gobroncs.com/sports/field-hockey/roster/liv-cox/8387,,576
Rider,2025,,Kate Mahmud,5,,,,,,,https://gobroncs.com/sports/field-hockey/roster/kate-mahmud/8395,,576
Rider,2025,,Amanda Walker,6,,,,,,,https://gobroncs.com/sports/field-hockey/roster/amanda-walker/8401,,576
Rider,2025,,Semra Said,7,,,,,,,https://gobroncs.com/sports/field-hockey/roster/semra-said/8400,,576
Rider,2025,,Jaime Haas,8,,,,,,,https://gobroncs.com/sports/field-hockey/roster/jaime-haas/8391,,576
Rider,2025,,Valeria Perales,9,,,,,,,https://gobroncs.com/sports/field-hockey/roster/valeria-perales/8398,,576
Rider,2025,,Megan Normile,10,,,,,,,https://gobroncs.com/sports/field-hockey/roster/megan-normile/8397,,576
Rider,2025,,Martina de Cespedes,11,,,,,,,https://gobroncs.com/sports/field-hockey/roster/martina-de-cespedes/8473,,576
Rider,2025,,Samantha Biondi,13,,,,,,,https://gobroncs.com/sports/field-hockey/roster/samantha-biondi/8474,,576
Rider,2025,,Anna Finn,18,,,,,,,https://gobroncs.com/sports/field-hockey/roster/anna-finn/8388,,576
Rider,2025,,Ryleigh Damminger,20,,,,,,,https://gobroncs.com/sports/field-hockey/roster/ryleigh-damminger/8476,,576
Rider,2025,,Sarah Fitzpatrick,21,,,,,,,https://gobroncs.com/sports/field-hockey/roster/sarah-fitzpatrick/8389,,576
Rider,2025,,Mackenzie Smith,22,,,,,,,https://gobroncs.com/sports/field-hockey/roster/mackenzie-smith/8477,,576
Rider,2025,,Hailey Hoffman,23,,,,,,,https://gobroncs.com/sports/field-hockey/roster/hailey-hoffman/8392,,576
Rider,2025,,Emma Bonshak,24,,,,,,,https://gobroncs.com/sports/field-hockey/roster/emma-bonshak/8384,,576
Rider,2025,,Jade Regnart,33,,,,,,,https://gobroncs.com/sports/field-hockey/roster/jade-regnart/8399,,576
Rutgers,2025,,Emily Nicholls,1,GK,,,"Haddon Heights, N.J.",,Camden Catholic,https://scarletknights.com/sports/field-hockey/roster/emily-nicholls/16926,Redshirt Freshman,587
Rutgers,2025,,Olivia Beattie,2,D,,,"Greenisland, Northern Ireland",,Belfast Royal Academy,https://scarletknights.com/sports/field-hockey/roster/olivia-beattie/16916,Junior,587
Rutgers,2025,,Natalie Arnold,3,D,,,"East Brunswick, N.J.",,East Brunswick HS,https://scarletknights.com/sports/field-hockey/roster/natalie-arnold/15649,Senior,587
Rutgers,2025,,Paulina Niklaus,6,D,,,"Mannheim, Germany",,Ludwig Frank Gymnasium,https://scarletknights.com/sports/field-hockey/roster/paulina-niklaus/15660,Graduate,587
Rutgers,2025,,Olivia Stazi,7,D,,,"Sewell, N.J.",,Camden Catholic,https://scarletknights.com/sports/field-hockey/roster/olivia-stazi/16928,Redshirt Freshman,587
Rutgers,2025,,Martha Goodridge,8,D,,,"Marlow, England",,Sir William Borlase Grammar School,https://scarletknights.com/sports/field-hockey/roster/martha-goodridge/16921,Freshman,587
Rutgers,2025,,Abbie Zacchini,9,D,,,"Bolton, Mass.",,Nashoba Regional,https://scarletknights.com/sports/field-hockey/roster/abbie-zacchini/15664,Redshirt Sophomore,587
Rutgers,2025,,Olivia de Zwaan,10,F,,,"Baarn, Netherlands",,Het Baarnsch Lyceum,https://scarletknights.com/sports/field-hockey/roster/olivia-de-zwaan/15667,Freshman,587
Rutgers,2025,,Dani Gindville,11,F,,,"Marlton, N.J.",,Cherokee HS,https://scarletknights.com/sports/field-hockey/roster/dani-gindville/15655,Senior,587
Rutgers,2025,,Maddie Olshemski,12,D,,,"Shavertown, Pa.",,Wyoming Seminary Prepatory School,https://scarletknights.com/sports/field-hockey/roster/maddie-olshemski/16942,Junior,587
Rutgers,2025,,Júlia Viñas Nieto,13,F,,,"Matadepera, Spain",,Agora Sant Cugat International School,https://scarletknights.com/sports/field-hockey/roster/jlia-vias-nieto/16929,Freshman,587
Rutgers,2025,,Sophie Kuiper,14,F,,,"Oss, Netherlands",,De Rooi Pannen Tilburg,https://scarletknights.com/sports/field-hockey/roster/sophie-kuiper/16924,Sophomore,587
Rutgers,2025,,Caroline DeKenipp,15,F,,,"Point Pleasant, N.J.",,Point Pleasant Boro HS,https://scarletknights.com/sports/field-hockey/roster/caroline-dekenipp/16918,Redshirt Freshman,587
Rutgers,2025,,Samantha Arnold,16,D,,,"East Brunswick, N.J.",,East Brunswick HS,https://scarletknights.com/sports/field-hockey/roster/samantha-arnold/16915,Freshman,587
Rutgers,2025,,Anna Cogdell,17,M,,,"Badingham, England",,Framlingham College,https://scarletknights.com/sports/field-hockey/roster/anna-cogdell/16917,Sophomore,587
Rutgers,2025,,Maddie Kidd,18,F,,,"Hillsborough, N.J.",,Hillsborough HS,https://scarletknights.com/sports/field-hockey/roster/maddie-kidd/16923,Junior,587
Rutgers,2025,,Lyla Rehill,20,M,,,"West Wyoming, Pa.",,Wyoming Area,https://scarletknights.com/sports/field-hockey/roster/lyla-rehill/16927,Freshman,587
Rutgers,2025,,Puck Winter,21,D,,,"Deventer, Netherlands",,Centre for Sports and Education,https://scarletknights.com/sports/field-hockey/roster/puck-winter/15663,Graduate,587
Rutgers,2025,,Krista Lilienthal,22,M,,,"Riverdale, N.J.",,Pompton Lakes HS,https://scarletknights.com/sports/field-hockey/roster/krista-lilienthal/16925,Freshman,587
Rutgers,2025,,Ashley Arnold,23,M,,,"Hershey, Pa.",,Hershey HS,https://scarletknights.com/sports/field-hockey/roster/ashley-arnold/15648,Senior,587
Rutgers,2025,,Olivia Fraticelli,24,F,,,"Toms River, N.J.",,Toms River North,https://scarletknights.com/sports/field-hockey/roster/olivia-fraticelli/16920,Junior,587
Rutgers,2025,,Camryn Johnson,26,M,,,"Point Pleasant, N.J.",,Point Pleasant Boro,https://scarletknights.com/sports/field-hockey/roster/camryn-johnson/16922,Freshman,587
Rutgers,2025,,Vicky Jure,27,M,,,"Funes, Argentina",,Colegio San Bartolome,https://scarletknights.com/sports/field-hockey/roster/vicky-jure/15656,Graduate,587
Rutgers,2025,,Shivya Desai,30,D,,,"Washington, N.J.",,Warren Hills Regional HS,https://scarletknights.com/sports/field-hockey/roster/shivya-desai/16919,Freshman,587
Rutgers,2025,,Erica Babitts,31,GK,,,"Ramsey, N.J.",,Ramsey HS,https://scarletknights.com/sports/field-hockey/roster/erica-babitts/15650,Senior,587
Sacred Heart,2025,,Brianna Cooper,0,GK,,,"Watertown, Mass.",,Watertown,https://sacredheartpioneers.com/sports/field-hockey/roster/brianna-cooper/18832,Junior,590
Sacred Heart,2025,,Eva Stones,1,D,,,"Stamford, United Kingdom",,Stamford Endowed,https://sacredheartpioneers.com/sports/field-hockey/roster/eva-stones/18842,Sophomore,590
Sacred Heart,2025,,Bell Mazza,2,M,,,"Westminster, Md.",,Garrison Forest School,https://sacredheartpioneers.com/sports/field-hockey/roster/bell-mazza/18837,Fy.,590
Sacred Heart,2025,,Bridget McLaughlin,3,F,,,"Shrewsbury, Mass.",,Shrewsbury,https://sacredheartpioneers.com/sports/field-hockey/roster/bridget-mclaughlin/18839,Sophomore,590
Sacred Heart,2025,,Jaden Ray,4,D,,,"Shrub Oak, N.Y.",,Lakeland,https://sacredheartpioneers.com/sports/field-hockey/roster/jaden-ray/16256,Senior,590
Sacred Heart,2025,,Jocelyn Webber,5,D,,,"Bow, N.H.",,Bow,https://sacredheartpioneers.com/sports/field-hockey/roster/jocelyn-webber/16260,Senior,590
Sacred Heart,2025,,Ines Braithwaite,6,F,,,"Oxford, England",,Millfield Senior School,https://sacredheartpioneers.com/sports/field-hockey/roster/ines-braithwaite/16245,Senior,590
Sacred Heart,2025,,Emma-Rose Phillips,7,F,,,"Sewell, N.J.",,Washington Township,https://sacredheartpioneers.com/sports/field-hockey/roster/emmarose-phillips/18840,Fy.,590
Sacred Heart,2025,,Erin Lynch,8,M,,,"Dover, N.H.",,Dover,https://sacredheartpioneers.com/sports/field-hockey/roster/erin-lynch/18836,Fy.,590
Sacred Heart,2025,,Sophia DePrima,9,M,,,"Buffalo, N.Y.",,Williamsville North,https://sacredheartpioneers.com/sports/field-hockey/roster/sophia-deprima/18835,Fy.,590
Sacred Heart,2025,,Celia Benson,10,M,,,"Scituate, Mass.",,Thayer Academy,https://sacredheartpioneers.com/sports/field-hockey/roster/celia-benson/18830,Sophomore,590
Sacred Heart,2025,,Cate McConaghy,11,M,,,"Newtown Square, Pa.",,Archbishop John Carroll,https://sacredheartpioneers.com/sports/field-hockey/roster/cate-mcconaghy/18838,Junior,590
Sacred Heart,2025,,Hailey Vogt,13,D,,,"Hillsborough, N.J.",,Hillsborough,https://sacredheartpioneers.com/sports/field-hockey/roster/hailey-vogt/18843,Sophomore,590
Sacred Heart,2025,,Ruby Butler,14,GK,,,"Cardiff, Wales",,Ysgol Gyfun Glantaf,https://sacredheartpioneers.com/sports/field-hockey/roster/ruby-butler/18831,Fy.,590
Sacred Heart,2025,,Holly DeAngelo,15,M,,,"Harrisburg, Pa.",,Central Dauphin,https://sacredheartpioneers.com/sports/field-hockey/roster/holly-deangelo/18834,Sophomore,590
Sacred Heart,2025,,Jenna Baxter,16,M,,,"Lebanon, Maine",,Noble,https://sacredheartpioneers.com/sports/field-hockey/roster/jenna-baxter/16243,Sophomore,590
Sacred Heart,2025,,Lizzie Mendrzycki,17,D,,,"Hanover Township, Pa.",,Holy Redeemer,https://sacredheartpioneers.com/sports/field-hockey/roster/lizzie-mendrzycki/16254,Senior,590
Sacred Heart,2025,,Hanna Hasso,18,M,,,"White Plains, N.Y.",,Ossining,https://sacredheartpioneers.com/sports/field-hockey/roster/hanna-hasso/16250,Senior,590
Sacred Heart,2025,,Amelia Pellegrini,20,M,,,"Wallingford, Pa.",,Strath Haven,https://sacredheartpioneers.com/sports/field-hockey/roster/amelia-pellegrini/16255,Senior,590
Sacred Heart,2025,,Lizzie Day,21,F,,,"Harrisburg, Pa.",,Lower Dauphin,https://sacredheartpioneers.com/sports/field-hockey/roster/lizzie-day/18833,Fy.,590
Sacred Heart,2025,,Blaire Sparks,22,M,,,"Medford, N.J.",,Bishop Eustace Prep,https://sacredheartpioneers.com/sports/field-hockey/roster/blaire-sparks/18841,Junior,590
Sacred Heart,2025,,Cassie Chapjian,23,F,,,"Medford, N.J.",,Bishop Eustace Preparatory,https://sacredheartpioneers.com/sports/field-hockey/roster/cassie-chapjian/16247,Senior,590
Sacred Heart,2025,,Ella Barrett,27,F,,,"Amherst, N.H.",,Souhegan,https://sacredheartpioneers.com/sports/field-hockey/roster/ella-barrett/18829,Junior,590
Sacred Heart,2025,,Emma Brayford,28,D,,,"Breiningsville, Pa.",,Parkland High School,https://sacredheartpioneers.com/sports/field-hockey/roster/emma-brayford/16246,Senior,590
Sacred Heart,2025,,Raena Crandall,29,F,,,"Franklin, Mass.",,Franklin,https://sacredheartpioneers.com/sports/field-hockey/roster/raena-crandall/16566,Fy.,590
Saint Francis (PA),2025,,Madison Waldspurger,1,,,,,,,https://sfuathletics.com/sports/field-hockey/roster/madison-waldspurger/11863,,600
Saint Francis (PA),2025,,Anna Commero,2,,,,,,,https://sfuathletics.com/sports/field-hockey/roster/anna-commero/11873,,600
Saint Francis (PA),2025,,Madilyn Donmoyer,3,,,,,,,https://sfuathletics.com/sports/field-hockey/roster/madilyn-donmoyer/11874,,600
Saint Francis (PA),2025,,Emilee Myers,4,,,,,,,https://sfuathletics.com/sports/field-hockey/roster/emilee-myers/11865,,600
Saint Francis (PA),2025,,Grace Reed,7,,,,,,,https://sfuathletics.com/sports/field-hockey/roster/grace-reed/11866,,600
Saint Francis (PA),2025,,Brooklyn Widdess,8,,,,,,,https://sfuathletics.com/sports/field-hockey/roster/brooklyn-widdess/11869,,600
Saint Francis (PA),2025,,Chloe Butz,9,,,,,,,https://sfuathletics.com/sports/field-hockey/roster/chloe-butz/11864,,600
Saint Francis (PA),2025,,Cruz Cánepa,10,,,,,,,https://sfuathletics.com/sports/field-hockey/roster/cruz-c-nepa/11885,,600
Saint Francis (PA),2025,,Morgan Smeltz,11,,,,,,,https://sfuathletics.com/sports/field-hockey/roster/morgan-smeltz/11879,,600
Saint Francis (PA),2025,,Avery Bradburn,12,,,,,,,https://sfuathletics.com/sports/field-hockey/roster/avery-bradburn/11911,,600
Saint Francis (PA),2025,,Hailee Adams,13,,,,,,,https://sfuathletics.com/sports/field-hockey/roster/hailee-adams/11880,,600
Saint Francis (PA),2025,,Josefina Sayal Aguirre,14,,,,,,,https://sfuathletics.com/sports/field-hockey/roster/josefina-sayal-aguirre/11875,,600
Saint Francis (PA),2025,,Hannah Capo,15,,,,,,,https://sfuathletics.com/sports/field-hockey/roster/hannah-capo/11871,,600
Saint Francis (PA),2025,,Julia Barto,16,,,,,,,https://sfuathletics.com/sports/field-hockey/roster/julia-barto/11870,,600
Saint Francis (PA),2025,,Ryan Engleman,19,,,,,,,https://sfuathletics.com/sports/field-hockey/roster/ryan-engleman/11881,,600
Saint Francis (PA),2025,,Sofia Marciano,21,,,,,,,https://sfuathletics.com/sports/field-hockey/roster/sofia-marciano/11876,,600
Saint Francis (PA),2025,,T Ciaccia,22,,,,,,,https://sfuathletics.com/sports/field-hockey/roster/t-ciaccia/11868,,600
Saint Francis (PA),2025,,Addie Sholly,24,,,,,,,https://sfuathletics.com/sports/field-hockey/roster/addie-sholly/11877,,600
Saint Francis (PA),2025,,Gianna Lambert,25,,,,,,,https://sfuathletics.com/sports/field-hockey/roster/gianna-lambert/11882,,600
Saint Francis (PA),2025,,Kylee Hager,26,,,,,,,https://sfuathletics.com/sports/field-hockey/roster/kylee-hager/11872,,600
Saint Francis (PA),2025,,Delaney Amole,28,,,,,,,https://sfuathletics.com/sports/field-hockey/roster/delaney-amole/11884,,600
Saint Francis (PA),2025,,Piper Almy,30,,,,,,,https://sfuathletics.com/sports/field-hockey/roster/piper-almy/11878,,600
Saint Francis (PA),2025,,Mia DiGenova,44,,,,,,,https://sfuathletics.com/sports/field-hockey/roster/mia-digenova/11867,,600
Saint Joseph's,2025,,Erika Culp,1,,,,,,,https://sjuhawks.com/sports/field-hockey/roster/erika-culp/9939,,606
Saint Joseph's,2025,,Tristan Groff,2,,,,,,,https://sjuhawks.com/sports/field-hockey/roster/tristan-groff/9942,,606
Saint Joseph's,2025,,Laine Delmotte,3,,,,,,,https://sjuhawks.com/sports/field-hockey/roster/laine-delmotte/10056,,606
Saint Joseph's,2025,,Milou Kluyt,4,,,,,,,https://sjuhawks.com/sports/field-hockey/roster/milou-kluyt/9943,,606
Saint Joseph's,2025,,Gabby Balzano,5,,,,,,,https://sjuhawks.com/sports/field-hockey/roster/gabby-balzano/10057,,606
Saint Joseph's,2025,,Dani Murphy,6,,,,,,,https://sjuhawks.com/sports/field-hockey/roster/dani-murphy/10058,,606
Saint Joseph's,2025,,Adèle Jardemar,7,,,,,,,https://sjuhawks.com/sports/field-hockey/roster/ad-le-jardemar/9945,,606
Saint Joseph's,2025,,Ava Smith,8,,,,,,,https://sjuhawks.com/sports/field-hockey/roster/ava-smith/10059,,606
Saint Joseph's,2025,,Alex Enslin,9,,,,,,,https://sjuhawks.com/sports/field-hockey/roster/alex-enslin/9946,,606
Saint Joseph's,2025,,Riley Guy,10,,,,,,,https://sjuhawks.com/sports/field-hockey/roster/riley-guy/10060,,606
Saint Joseph's,2025,,Karlie Mertz,11,,,,,,,https://sjuhawks.com/sports/field-hockey/roster/karlie-mertz/10061,,606
Saint Joseph's,2025,,Cat Arentz,12,,,,,,,https://sjuhawks.com/sports/field-hockey/roster/cat-arentz/9947,,606
Saint Joseph's,2025,,Nat Barnicoat,13,,,,,,,https://sjuhawks.com/sports/field-hockey/roster/nat-barnicoat/10062,,606
Saint Joseph's,2025,,Hannah Bianchino,14,,,,,,,https://sjuhawks.com/sports/field-hockey/roster/hannah-bianchino/10063,,606
Saint Joseph's,2025,,Lily DeWan,16,,,,,,,https://sjuhawks.com/sports/field-hockey/roster/lily-dewan/9940,,606
Saint Joseph's,2025,,Caroline Brickley,17,,,,,,,https://sjuhawks.com/sports/field-hockey/roster/caroline-brickley/9937,,606
Saint Joseph's,2025,,Emma Winther,18,,,,,,,https://sjuhawks.com/sports/field-hockey/roster/emma-winther/9944,,606
Saint Joseph's,2025,,Alison Buffington,19,,,,,,,https://sjuhawks.com/sports/field-hockey/roster/alison-buffington/9938,,606
Saint Joseph's,2025,,Katie Hanich,21,,,,,,,https://sjuhawks.com/sports/field-hockey/roster/katie-hanich/10065,,606
Saint Joseph's,2025,,Kiki Bruning,23,,,,,,,https://sjuhawks.com/sports/field-hockey/roster/kiki-bruning/10066,,606
Saint Joseph's,2025,,Brooke James,24,,,,,,,https://sjuhawks.com/sports/field-hockey/roster/brooke-james/10067,,606
Saint Joseph's,2025,,Emily Tammaro,25,,,,,,,https://sjuhawks.com/sports/field-hockey/roster/emily-tammaro/9948,,606
Saint Joseph's,2025,,Talya Harvey,26,,,,,,,https://sjuhawks.com/sports/field-hockey/roster/talya-harvey/10068,,606
Saint Joseph's,2025,,Paige Kieft,30,,,,,,,https://sjuhawks.com/sports/field-hockey/roster/paige-kieft/10069,,606
Saint Joseph's,2025,,Carly Hynd,33,,,,,,,https://sjuhawks.com/sports/field-hockey/roster/carly-hynd/10070,,606
Saint Joseph's,2025,,Marith Bijkerk,99,,,,,,,https://sjuhawks.com/sports/field-hockey/roster/marith-bijkerk/9936,,606
Saint Louis,2025,,Ashley Jones,2,,,,,,,https://slubillikens.com/sports/field-hockey/roster/ashley-jones/13193,,609
Saint Louis,2025,,Dawson Packwood,3,,,,,,,https://slubillikens.com/sports/field-hockey/roster/dawson-packwood/13200,,609
Saint Louis,2025,,Olivia Smith,4,,,,,,,https://slubillikens.com/sports/field-hockey/roster/olivia-smith/13442,,609
Saint Louis,2025,,Ella Kappesser,7,,,,,,,https://slubillikens.com/sports/field-hockey/roster/ella-kappesser/13201,,609
Saint Louis,2025,,Macy Budd,9,,,,,,,https://slubillikens.com/sports/field-hockey/roster/macy-budd/13203,,609
Saint Louis,2025,,Ella Etherington,10,,,,,,,https://slubillikens.com/sports/field-hockey/roster/ella-etherington/13192,,609
Saint Louis,2025,,Josie Naeger,11,,,,,,,https://slubillikens.com/sports/field-hockey/roster/josie-naeger/13204,,609
Saint Louis,2025,,Abby Schalow,12,,,,,,,https://slubillikens.com/sports/field-hockey/roster/abby-schalow/13198,,609
Saint Louis,2025,,Brynn Newborn,13,,,,,,,https://slubillikens.com/sports/field-hockey/roster/brynn-newborn/13196,,609
Saint Louis,2025,,Shaya Dry,14,,,,,,,https://slubillikens.com/sports/field-hockey/roster/shaya-dry/13191,,609
Saint Louis,2025,,Sierra Larson,15,,,,,,,https://slubillikens.com/sports/field-hockey/roster/sierra-larson/13194,,609
Saint Louis,2025,,Hazel Merry,16,,,,,,,https://slubillikens.com/sports/field-hockey/roster/hazel-merry/13202,,609
Saint Louis,2025,,Ava Calma,18,,,,,,,https://slubillikens.com/sports/field-hockey/roster/ava-calma/13190,,609
Saint Louis,2025,,Abby Vidas,19,,,,,,,https://slubillikens.com/sports/field-hockey/roster/abby-vidas/13199,,609
Saint Louis,2025,,Ignacia Manriquez,25,,,,,,,https://slubillikens.com/sports/field-hockey/roster/ignacia-manriquez/13195,,609
Saint Louis,2025,,Kerri O'Donnell,92,,,,,,,https://slubillikens.com/sports/field-hockey/roster/kerri-o-donnell/13197,,609
Stanford,2025,,Anya Jackson,1,GK,5′5″,Undeclared,"Lytham St Annes, England",Kirkham Grammar School,,https://gostanford.com/sports/field-hockey/roster/season/2025/player/anya-jackson,Sophomore,674
Stanford,2025,,Jenny O'Grady,2,M,5′6″,Human Biology,"Weybridge, England",St. George's College,,https://gostanford.com/sports/field-hockey/roster/season/2025/player/jenny-ogrady,Sophomore,674
Stanford,2025,,Claire Nockolds,3,D/M,5′4″,Bioengineering,"Houston, Texas",The Kincaid School,,https://gostanford.com/sports/field-hockey/roster/season/2025/player/claire-nockolds,Junior,674
Stanford,2025,,Esther Pottebaum,4,M,5′8″,International Relations and Spanish,"St. Albans, Mo.",John Burroughs School,,https://gostanford.com/sports/field-hockey/roster/season/2025/player/esther-pottebaum,Junior,674
Stanford,2025,,Mia Clark,5,D,5′3″,Sociology,"San Diego, Calif.",Canyon Hills,,https://gostanford.com/sports/field-hockey/roster/season/2025/player/mia-clark,Junior,674
Stanford,2025,,Scout Butler,6,D,5′6″,Undeclared,"London, England",Repton School,,https://gostanford.com/sports/field-hockey/roster/season/2025/player/scout-butler,Senior,674
Stanford,2025,,Gemma Townsend,7,F,5′5″,Human Biology,"Esher, England",Reed's School,,https://gostanford.com/sports/field-hockey/roster/season/2025/player/gemma-townsend,Junior,674
Stanford,2025,,Star Horlock,8,M/F,5′7″,International Relations,"Salisbury, England",Marlborough College,,https://gostanford.com/sports/field-hockey/roster/season/2025/player/star-horlock,Junior,674
Stanford,2025,,Puja Nanjappa,9,D,5′0″,Biology,"Clarksville, Md.",River Hill,,https://gostanford.com/sports/field-hockey/roster/season/2025/player/puja-nanjappa,Junior,674
Stanford,2025,,Anna Ghuliani,10,D,5′3″,Undeclared,"Melbourne, Australia",Haileybury Girls College,,https://gostanford.com/sports/field-hockey/roster/season/2025/player/anna-ghuliani,Senior,674
Stanford,2025,,Chantal Eiwanger,11,M/F,5′7″,Undeclared,"North Vancouver, British Columbia",Sentinel Secondary School,,https://gostanford.com/sports/field-hockey/roster/season/2025/player/chantal-eiwanger,Senior,674
Stanford,2025,,Bea Varley,12,D/M,5′6″,Undeclared,"London, England",Wellington College,,https://gostanford.com/sports/field-hockey/roster/season/2025/player/bea-varley,Sophomore,674
Stanford,2025,,Bella Ganocy,13,M/F,5′2″,Undeclared,"Calabasas, Calif.",Harvard-Westlake,,https://gostanford.com/sports/field-hockey/roster/season/2025/player/bella-ganocy,Senior,674
Stanford,2025,,Noa Armelin,14,D,,Undeclared,"Weybridge, England",Wellington College,,https://gostanford.com/sports/field-hockey/roster/season/2025/player/noa-armelin,Freshman,674
Stanford,2025,,Ella Ganocy,15,M/F,5′2″,Management Science and Engineering,"Calabasas, Calif.",Harvard-Westlake,,https://gostanford.com/sports/field-hockey/roster/season/2025/player/ella-ganocy,Senior,674
Stanford,2025,,Kate Nemec,16,M,5′5″,"Cellular, Molecular, and Organismal Biology","Darien, Conn.",Sacred Heart Greenwich,,https://gostanford.com/sports/field-hockey/roster/season/2025/player/kate-nemec,Junior,674
Stanford,2025,,Maroussia Walckiers,17,M/F,5′7″,,"Kraainem, Belgium",Sint-Jan Berchmanscollege / Longwood,,https://gostanford.com/sports/field-hockey/roster/season/2025/player/maroussia-walckiers,Graduate,674
Stanford,2025,,Nadine Brenninkmeyer,18,M/F,5′5″,Undeclared,"West Vancouver, British Columbia",Collingwood School,,https://gostanford.com/sports/field-hockey/roster/season/2025/player/nadine-brenninkmeyer,Sophomore,674
Stanford,2025,,Hailey King,19,D,5′4″,Undeclared,"Houston, Texas",St. John's School,,https://gostanford.com/sports/field-hockey/roster/season/2025/player/hailey-king,Sophomore,674
Stanford,2025,,Summer Knight-Thompson,20,F,,Undeclared,"Sevenoaks, England",Sevenoaks School,,https://gostanford.com/sports/field-hockey/roster/season/2025/player/summer-knight-thompson,Freshman,674
Stanford,2025,,Natalie Hoppe,21,M,,Undeclared,"Hannover, Germany",Kaiser Wilhem-und Ratsgymnasium,,https://gostanford.com/sports/field-hockey/roster/season/2025/player/natalie-hoppe,Freshman,674
Stanford,2025,,Tottie Taylor,22,M,5′6″,Undeclared,"Butleigh, England","Millfield, School",,https://gostanford.com/sports/field-hockey/roster/season/2025/player/tottie-taylor,Senior,674
Stanford,2025,,Liv Martin,23,M,5′8″,International Relations,"Cranleigh, England",Cranleigh Senior School,,https://gostanford.com/sports/field-hockey/roster/season/2025/player/liv-martin,Junior,674
Stanford,2025,,Cara Sambeth,24,D/M,5′5″,Undeclared,"Munich, Germany",Maria-Ward-Gymnasium Nymphenburg,,https://gostanford.com/sports/field-hockey/roster/season/2025/player/cara-sambeth,Redshirt Senior,674
Stanford,2025,,Tyla Ozgen,28,D/MF,,Undeclared,"Westport, CT",Staples HS,,https://gostanford.com/sports/field-hockey/roster/season/2025/player/tyla-ozgen,Freshman,674
Stanford,2025,,Daisy Ford,31,GK,5′6″,Undeclared,"Harleston, England",Framlingham College,,https://gostanford.com/sports/field-hockey/roster/season/2025/player/daisy-ford,Senior,674
Stanford,2025,,Kendall Dowd,97,GK,5′6″,Undeclared,"Austin, Texas",St. Stephen's Episcopal School,,https://gostanford.com/sports/field-hockey/roster/season/2025/player/kendall-dowd,Senior,674
Stonehill,2025,,Isabelle Morton,1,,,,,,,https://stonehillskyhawks.com/sports/field-hockey/roster/isabelle-morton/9627,,682
Stonehill,2025,,Maia Kimball,2,,,,,,,https://stonehillskyhawks.com/sports/field-hockey/roster/maia-kimball/9607,,682
Stonehill,2025,,Makayla Strickulis,3,,,,,,,https://stonehillskyhawks.com/sports/field-hockey/roster/makayla-strickulis/9617,,682
Stonehill,2025,,Karleigh Mirabile,4,,,,,,,https://stonehillskyhawks.com/sports/field-hockey/roster/karleigh-mirabile/9612,,682
Stonehill,2025,,Julieta D'Antonio,5,,,,,,,https://stonehillskyhawks.com/sports/field-hockey/roster/julieta-d-antonio/9600,,682
Stonehill,2025,,Sarah Latham,6,,,,,,,https://stonehillskyhawks.com/sports/field-hockey/roster/sarah-latham/9609,,682
Stonehill,2025,,Mary Collins,7,,,,,,,https://stonehillskyhawks.com/sports/field-hockey/roster/mary-collins/9598,,682
Stonehill,2025,,Sadie Elion,8,,,,,,,https://stonehillskyhawks.com/sports/field-hockey/roster/sadie-elion/9623,,682
Stonehill,2025,,Hannah Bickford,9,,,,,,,https://stonehillskyhawks.com/sports/field-hockey/roster/hannah-bickford/9597,,682
Stonehill,2025,,Olivia Prior,10,,,,,,,https://stonehillskyhawks.com/sports/field-hockey/roster/olivia-prior/9628,,682
Stonehill,2025,,Skylar Fiske,11,,,,,,,https://stonehillskyhawks.com/sports/field-hockey/roster/skylar-fiske/9624,,682
Stonehill,2025,,Madison Darmstadt,12,,,,,,,https://stonehillskyhawks.com/sports/field-hockey/roster/madison-darmstadt/9601,,682
Stonehill,2025,,Jill Miller,13,,,,,,,https://stonehillskyhawks.com/sports/field-hockey/roster/jill-miller/9611,,682
Stonehill,2025,,Emma McGrory,14,,,,,,,https://stonehillskyhawks.com/sports/field-hockey/roster/emma-mcgrory/9610,,682
Stonehill,2025,,Delaney Wojnarowicz,15,,,,,,,https://stonehillskyhawks.com/sports/field-hockey/roster/delaney-wojnarowicz/9620,,682
Stonehill,2025,,Havana De Roeck,16,,,,,,,https://stonehillskyhawks.com/sports/field-hockey/roster/havana-de-roeck/9621,,682
Stonehill,2025,,Ellia Delisle,18,,,,,,,https://stonehillskyhawks.com/sports/field-hockey/roster/ellia-delisle/9622,,682
Stonehill,2025,,Megan McDowell,19,,,,,,,https://stonehillskyhawks.com/sports/field-hockey/roster/megan-mcdowell/9626,,682
Stonehill,2025,,Isa Houben,21,,,,,,,https://stonehillskyhawks.com/sports/field-hockey/roster/isa-houben/9625,,682
Stonehill,2025,,Ailish Kilbride,22,,,,,,,https://stonehillskyhawks.com/sports/field-hockey/roster/ailish-kilbride/9606,,682
Stonehill,2025,,Siena De Roeck,24,,,,,,,https://stonehillskyhawks.com/sports/field-hockey/roster/siena-de-roeck/9602,,682
Stonehill,2025,,Siobhan Landers,29,,,,,,,https://stonehillskyhawks.com/sports/field-hockey/roster/siobhan-landers/9608,,682
Syracuse,2025,,Jessie Eiselin,1,GK,5' 8'',,"Amsterdam, Noord-Holland, Netherlands",,De Nieuwe school,https://cuse.com/sports/field-hockey/roster/jessie-eiselin/25339,Junior,688
Syracuse,2025,,Taylor Bigbie,2,M,5' 5'',,"Rocky Point, N.Y.",,The Hill School,https://cuse.com/sports/field-hockey/roster/taylor-bigbie/25337,Freshman,688
Syracuse,2025,,Henni Nation,3,M,5' 11'',,"Napier, Hawke's Bay, New Zealand",,St Andrew’s College Christchurch,https://cuse.com/sports/field-hockey/roster/henni-nation/24684,Freshman,688
Syracuse,2025,,Hattie Madden,4,F,5' 4'',,"Lytham, Lancashire, England",,Sedbergh School,https://cuse.com/sports/field-hockey/roster/hattie-madden/25347,Junior,688
Syracuse,2025,,Sarah Smalley,5,F,5' 1'',,"East Islip, N.Y.",,East Islip,https://cuse.com/sports/field-hockey/roster/sarah-smalley/24671,Junior,688
Syracuse,2025,,Lieke Leeggangers,6,M,5' 4'',,"Dongen, Netherlands",,Cambreur College,https://cuse.com/sports/field-hockey/roster/lieke-leeggangers/24666,Senior,688
Syracuse,2025,,Bo Madden,7,M,5' 4'',,"Lytham, Lancashire, England",,Sedbergh School,https://cuse.com/sports/field-hockey/roster/bo-madden/25346,Junior,688
Syracuse,2025,,Aiden Drabick,8,M,5' 5'',,"Ambler, Pa.",,Wissahickon,https://cuse.com/sports/field-hockey/roster/aiden-drabick/24663,Redshirt Senior,688
Syracuse,2025,,Catalina Pravda,9,F,5' 4'',,"Basking Ridge, N.J.",,Ridge,https://cuse.com/sports/field-hockey/roster/catalina-pravda/25350,Sophomore,688
Syracuse,2025,,Fieve Frenken,10,F,5' 7'',,"Den Haag, Zuid-Holland, Netherlands",,Maerlant-Lyceum Den Haag,https://cuse.com/sports/field-hockey/roster/fieve-frenken/25340,Freshman,688
Syracuse,2025,,Frédèrique van den Dungen,11,D,5' 4'',,"'s-Hertogenbosch, Noord-Brabant, Netherlands",,Sint-Janslyceum,https://cuse.com/sports/field-hockey/roster/frdrique-van-den-dungen/24690,Freshman,688
Syracuse,2025,,Lotti Knights,12,D,5' 6'',,"Cambridge, Cambridgeshire, England",,The Perse School,https://cuse.com/sports/field-hockey/roster/lotti-knights/24682,Graduate,688
Syracuse,2025,,Liz Stange,13,F,5' 6'',,"Hamburg, Germany",,Carl-Von-Ossietzky Gymnasium,https://cuse.com/sports/field-hockey/roster/liz-stange/24689,Graduate,688
Syracuse,2025,,Ellis Cannon,14,F,5' 6'',,"Virginia Beach, Va.",,Floyd E. Kellam,https://cuse.com/sports/field-hockey/roster/ellis-cannon/25338,Freshman,688
Syracuse,2025,,Sammie Goin,15,M,5' 5'',,"Brambleton, Va.",,Independence,https://cuse.com/sports/field-hockey/roster/sammie-goin/25341,Freshman,688
Syracuse,2025,,Bo van Kempen,16,D,5' 5'',,"Zevenaar, Netherlands",,Liemers College,https://cuse.com/sports/field-hockey/roster/bo-van-kempen/24673,Graduate,688
Syracuse,2025,,Pati Strunk,17,F,5' 6'',,"Neuss, Germany",,Dusseldorfer HC,https://cuse.com/sports/field-hockey/roster/pati-strunk/24672,Senior,688
Syracuse,2025,,Danique Schuurman,18,D,5' 10'',,"Nijmegen, Gelderland, Netherlands",,Kandinsky College Nijmeg,https://cuse.com/sports/field-hockey/roster/danique-schuurman/24687,Graduate,688
Syracuse,2025,,Lana Hamilton,19,M,5' 6'',,"Odenton, Md.",,Arundel HS,https://cuse.com/sports/field-hockey/roster/lana-hamilton/24665,Senior,688
Syracuse,2025,,Karsin Beatty,20,M,5' 5'',,"Richmond, Va.",,Trinity Episcopal School,https://cuse.com/sports/field-hockey/roster/karsin-beatty/25336,Freshman,688
Syracuse,2025,,Ally Snyder,21,F,5' 3'',,"Washington, D.C.",,St. John's College HS,https://cuse.com/sports/field-hockey/roster/ally-snyder/25353,Freshman,688
Syracuse,2025,,Grace O'Connor,22,D,5' 10'',,"Narberth, Pa.",,Lower Merion,https://cuse.com/sports/field-hockey/roster/grace-oconnor/25348,Junior,688
Syracuse,2025,,Phoebe Hall,23,D,5' 10'',,"Auckland, New Zealand",,Baradene College of the Sacred Heart,https://cuse.com/sports/field-hockey/roster/phoebe-hall/24664,Junior,688
Syracuse,2025,,Carla Mauer,24,D,5' 4'',,"Duisburg, NRW, Germany",,,https://cuse.com/sports/field-hockey/roster/carla-mauer/24683,Freshman,688
Syracuse,2025,,Ava Jones,26,D,5' 5'',,"Harleysville, Pa.",,Souderton Area,https://cuse.com/sports/field-hockey/roster/ava-jones/25343,Freshman,688
Syracuse,2025,,Aubrey Turner,28,F,5' 6'',,"Downingtown, Pa.",,The Hill School,https://cuse.com/sports/field-hockey/roster/aubrey-turner/25354,Freshman,688
Syracuse,2025,,Tane King,30,GK,5' 8'',,"Haverford, Pa.",,The Hill School,https://cuse.com/sports/field-hockey/roster/tane-king/25344,Freshman,688
Syracuse,2025,,Chloe Page,32,D,5' 9'',,"Arnold, Md.",,Broadneck,https://cuse.com/sports/field-hockey/roster/chloe-page/25349,Freshman,688
Temple,2025,,Marsha Ariesen,1,M,5' 1'',,"Kerkrade, Netherlands",,Grotius College,https://owlsports.com/sports/field-hockey/roster/marsha-ariesen/18882,Sophomore,690
Temple,2025,,Kathryn Gauvin,2,F,5' 3'',,"Fall River, Mass.",,Moses Brown School,https://owlsports.com/sports/field-hockey/roster/kathryn-gauvin/18887,Freshman,690
Temple,2025,,Izzy Vickery,4,M,5' 0'',,"Hunt Valley, Md.",,Garrison Forest School,https://owlsports.com/sports/field-hockey/roster/izzy-vickery/18899,Freshman,690
Temple,2025,,Peyton Rieger,5,M,5' 4'',,"Woolwich, N.J.",,Kingsway Regional,https://owlsports.com/sports/field-hockey/roster/peyton-rieger/18145,Senior,690
Temple,2025,,Amanda Martin,7,F,5' 4'',,"Leesburg, Va.",,Riverside,https://owlsports.com/sports/field-hockey/roster/amanda-martin/18896,Freshman,690
Temple,2025,,Mallory Buzydlowski,8,M,5' 3'',,"Reading, Pa.",,Muhlenberg,https://owlsports.com/sports/field-hockey/roster/mallory-buzydlowski/18883,Junior,690
Temple,2025,,Lina Neilson,9,M,5' 2'',,"Mount Laurel, N.J.",,Lenape,https://owlsports.com/sports/field-hockey/roster/lina-neilson/18142,Senior,690
Temple,2025,,Lonneke Kerkhof,10,D,5' 2'',,"Rotterdam, Netherlands",,Montessori Lyceum Rotterdam,https://owlsports.com/sports/field-hockey/roster/lonneke-kerkhof/18889,Freshman,690
Temple,2025,,Marissa Cagliola,11,F,5' 3'',,"Royersford, Pa.",,Spring-Ford,https://owlsports.com/sports/field-hockey/roster/marissa-cagliola/18884,Freshman,690
Temple,2025,,Emmie Goldberg,12,F,5' 3'',,"West Deptford, N.J.",,West Deptford,https://owlsports.com/sports/field-hockey/roster/emmie-goldberg/18888,Freshman,690
Temple,2025,,Agustina Tucceri,14,M,5' 2'',,"Buenos Aires, Argentina",,,https://owlsports.com/sports/field-hockey/roster/agustina-tucceri/18148,Senior,690
Temple,2025,,Minke Stoker,15,D,5' 8'',,"Groningen, Netherlands",,Praedinius Gymnasium,https://owlsports.com/sports/field-hockey/roster/minke-stoker/18147,Sophomore,690
Temple,2025,,Isabella Ospitale,16,GK,5' 5'',,"South Setauket, N.Y.",,Ward Melville,https://owlsports.com/sports/field-hockey/roster/isabella-ospitale/18143,Senior,690
Temple,2025,,Lucia Magro,17,M,5' 5'',,"Buenos Aires, Argentina",,Colegio Ingles Horacio Watson,https://owlsports.com/sports/field-hockey/roster/lucia-magro/18895,Freshman,690
Temple,2025,,Bella Dell'Oso,18,F,5' 3'',,"Wilmington, Del.",,Archmere Academy,https://owlsports.com/sports/field-hockey/roster/bella-delloso/18136,Junior,690
Temple,2025,,Winslow DiPeso,19,M,5' 9'',,"Bel Air, Md.",,C. Milton Wright,https://owlsports.com/sports/field-hockey/roster/winslow-dipeso/18885,Sophomore,690
Temple,2025,,Mathéa Lassalle,20,F,5' 8'',,"Rueil Malmaison, France",,,https://owlsports.com/sports/field-hockey/roster/matha-lassalle/18891,Junior,690
Temple,2025,,Lise Korver,21,M,5' 7'',,"Bussum, Netherlands",,Vituscollege Bussum,https://owlsports.com/sports/field-hockey/roster/lise-korver/18890,Freshman,690
Temple,2025,,Mara Lenting,22,M,5' 4'',,"Heino, Netherlands",,Carmel College Salland,https://owlsports.com/sports/field-hockey/roster/mara-lenting/18158,Freshman,690
Temple,2025,,Reagan Stauts,24,D,5' 3'',,"Oaklyn, N.J.",,Camden Catholic,https://owlsports.com/sports/field-hockey/roster/reagan-stauts/18898,Sophomore,690
Temple,2025,,Isabella Pisano,25,M,5' 6'',,"Pittston, Pa.",,Wyoming Seminary College Prep,https://owlsports.com/sports/field-hockey/roster/isabella-pisano/18897,Junior,690
Temple,2025,,Halle Aschenbach,26,M,5' 4'',,"Fairfield, N.J.",,West Essex,https://owlsports.com/sports/field-hockey/roster/halle-aschenbach/18133,Senior,690
Temple,2025,,Rozlyn Maciejewski,27,D,5' 8'',,"Milanville, Pa.",,Honesdale,https://owlsports.com/sports/field-hockey/roster/rozlyn-maciejewski/18894,Sophomore,690
Temple,2025,,Whitney Walker,28,F,5' 5'',,"Chadds Ford, Pa.",,Kennett,https://owlsports.com/sports/field-hockey/roster/whitney-walker/18900,Sophomore,690
Temple,2025,,Madison Logan,31,F,5' 1'',,"Burlington, N.J.",,Camden Catholic,https://owlsports.com/sports/field-hockey/roster/madison-logan/18893,Freshman,690
Temple,2025,,Riley Gallagher,32,M,5' 9'',,"Garnet Valley, Pa.",,Garnet Valley,https://owlsports.com/sports/field-hockey/roster/riley-gallagher/18886,Junior,690
Temple,2025,,Alex Lepore,33,GK,5' 3'',,"Devon, Pa.",,Conestoga,https://owlsports.com/sports/field-hockey/roster/alex-lepore/18892,Sophomore,690
Towson,2025,,Ava McConnell,2,,,,,,,https://towsontigers.com/sports/field-hockey/roster/ava-mcconnell/24486,,711
Towson,2025,,Ava Mowrey,3,,,,,,,https://towsontigers.com/sports/field-hockey/roster/ava-mowrey/24489,,711
Towson,2025,,Gabby Bruce,4,,,,,,,https://towsontigers.com/sports/field-hockey/roster/gabby-bruce/24476,,711
Towson,2025,,Tatum Dobbins,5,,,,,,,https://towsontigers.com/sports/field-hockey/roster/tatum-dobbins/24478,,711
Towson,2025,,Addy Smith,6,,,,,,,https://towsontigers.com/sports/field-hockey/roster/addy-smith/24493,,711
Towson,2025,,Pearl Gunther,7,,,,,,,https://towsontigers.com/sports/field-hockey/roster/pearl-gunther/24479,,711
Towson,2025,,Ella Kaufman,8,,,,,,,https://towsontigers.com/sports/field-hockey/roster/ella-kaufman/24483,,711
Towson,2025,,Rosemarie Staal,9,,,,,,,https://towsontigers.com/sports/field-hockey/roster/rosemarie-staal/24494,,711
Towson,2025,,Gianna Tripodi,10,,,,,,,https://towsontigers.com/sports/field-hockey/roster/gianna-tripodi/24496,,711
Towson,2025,,Bailey Masten,11,,,,,,,https://towsontigers.com/sports/field-hockey/roster/bailey-masten/24485,,711
Towson,2025,,Lexi Hirtzel,12,,,,,,,https://towsontigers.com/sports/field-hockey/roster/lexi-hirtzel/24481,,711
Towson,2025,,Lydia Bennett,13,,,,,,,https://towsontigers.com/sports/field-hockey/roster/lydia-bennett/24475,,711
Towson,2025,,Paige Miller,14,,,,,,,https://towsontigers.com/sports/field-hockey/roster/paige-miller/24488,,711
Towson,2025,,Alaina Lomonaco,16,,,,,,,https://towsontigers.com/sports/field-hockey/roster/alaina-lomonaco/24484,,711
Towson,2025,,Gianna Yordanopoulos,19,,,,,,,https://towsontigers.com/sports/field-hockey/roster/gianna-yordanopoulos/24499,,711
Towson,2025,,Anouk Westerink,21,,,,,,,https://towsontigers.com/sports/field-hockey/roster/anouk-westerink/24497,,711
Towson,2025,,Olivia Miller,22,,,,,,,https://towsontigers.com/sports/field-hockey/roster/olivia-miller/24487,,711
Towson,2025,,Grace Conklin,23,,,,,,,https://towsontigers.com/sports/field-hockey/roster/grace-conklin/24477,,711
Towson,2025,,Olivia Handelong,25,,,,,,,https://towsontigers.com/sports/field-hockey/roster/olivia-handelong/24480,,711
Towson,2025,,Roos Wiarda,29,,,,,,,https://towsontigers.com/sports/field-hockey/roster/roos-wiarda/24498,,711
Towson,2025,,Dakotah Trader,31,,,,,,,https://towsontigers.com/sports/field-hockey/roster/dakotah-trader/24495,,711
Towson,2025,,Arden Hunteman,32,,,,,,,https://towsontigers.com/sports/field-hockey/roster/arden-hunteman/24482,,711
Towson,2025,,Megan Popp,33,,,,,,,https://towsontigers.com/sports/field-hockey/roster/megan-popp/24490,,711
Towson,2025,,Riley Redding,77,,,,,,,https://towsontigers.com/sports/field-hockey/roster/riley-redding/24491,,711
Towson,2025,,Tessa Scheenstra,97,,,,,,,https://towsontigers.com/sports/field-hockey/roster/tessa-scheenstra/24492,,711
UAlbany,2025,,Sophia Schoonmaker,3,,,,,,,https://ualbanysports.com/sports/field-hockey/roster/sophia-schoonmaker/10807,,14
UAlbany,2025,,Jenna Zunic,4,,,,,,,https://ualbanysports.com/sports/field-hockey/roster/jenna-zunic/11221,,14
UAlbany,2025,,Sarah Salameh,5,,,,,,,https://ualbanysports.com/sports/field-hockey/roster/sarah-salameh/10872,,14
UAlbany,2025,,Rylee Zunic,6,,,,,,,https://ualbanysports.com/sports/field-hockey/roster/rylee-zunic/10812,,14
UAlbany,2025,,Indy van Ek,7,,,,,,,https://ualbanysports.com/sports/field-hockey/roster/indy-van-ek/10939,,14
UAlbany,2025,,Jette Kurz,9,,,,,,,https://ualbanysports.com/sports/field-hockey/roster/jette-kurz/10874,,14
UAlbany,2025,,Olivia Bell,10,,,,,,,https://ualbanysports.com/sports/field-hockey/roster/olivia-bell/10940,,14
UAlbany,2025,,Mara Küskes,11,,,,,,,https://ualbanysports.com/sports/field-hockey/roster/mara-k-uuml-skes/10801,,14
UAlbany,2025,,Lillian Willis,14,,,,,,,https://ualbanysports.com/sports/field-hockey/roster/lillian-willis/10941,,14
UAlbany,2025,,Mathilda Prada,16,,,,,,,https://ualbanysports.com/sports/field-hockey/roster/mathilda-prada/10942,,14
UAlbany,2025,,Pilar Lorenzini,17,,,,,,,https://ualbanysports.com/sports/field-hockey/roster/pilar-lorenzini/10873,,14
UAlbany,2025,,Emma Staron,20,,,,,,,https://ualbanysports.com/sports/field-hockey/roster/emma-staron/10809,,14
UAlbany,2025,,Emma Peeters,21,,,,,,,https://ualbanysports.com/sports/field-hockey/roster/emma-peeters/10943,,14
UAlbany,2025,,Tessa Overgoor,23,,,,,,,https://ualbanysports.com/sports/field-hockey/roster/tessa-overgoor/10806,,14
UAlbany,2025,,Samantha Siter,26,,,,,,,https://ualbanysports.com/sports/field-hockey/roster/samantha-siter/10944,,14
UAlbany,2025,,Nina Faupel,31,,,,,,,https://ualbanysports.com/sports/field-hockey/roster/nina-faupel/10799,,14
UC Davis,2025,,Aidan Claeys,00,,,,,,,https://ucdavisaggies.com/sports/field-hockey/roster/aidan-claeys/20016,,108
UC Davis,2025,,Molly Main,1,,,,,,,https://ucdavisaggies.com/sports/field-hockey/roster/molly-main/19953,,108
UC Davis,2025,,Sutton Van Dyk,2,,,,,,,https://ucdavisaggies.com/sports/field-hockey/roster/sutton-van-dyk/20001,,108
UC Davis,2025,,Claire Anderson,3,,,,,,,https://ucdavisaggies.com/sports/field-hockey/roster/claire-anderson/20003,,108
UC Davis,2025,,Ella Franken,4,,,,,,,https://ucdavisaggies.com/sports/field-hockey/roster/ella-franken/19947,,108
UC Davis,2025,,Morgan Caldera,5,,,,,,,https://ucdavisaggies.com/sports/field-hockey/roster/morgan-caldera/19945,,108
UC Davis,2025,,Emma Wood,6,,,,,,,https://ucdavisaggies.com/sports/field-hockey/roster/emma-wood/20002,,108
UC Davis,2025,,Beth Munro-Morris,7,,,,,,,https://ucdavisaggies.com/sports/field-hockey/roster/beth-munro-morris/19954,,108
UC Davis,2025,,Hayden Ma,8,,,,,,,https://ucdavisaggies.com/sports/field-hockey/roster/hayden-ma/19952,,108
UC Davis,2025,,Katie Kim,9,,,,,,,https://ucdavisaggies.com/sports/field-hockey/roster/katie-kim/19948,,108
UC Davis,2025,,Emma Robbins,10,,,,,,,https://ucdavisaggies.com/sports/field-hockey/roster/emma-robbins/19956,,108
UC Davis,2025,,Oona Buckley,11,,,,,,,https://ucdavisaggies.com/sports/field-hockey/roster/oona-buckley/19944,,108
UC Davis,2025,,Larissa Roldan,12,,,,,,,https://ucdavisaggies.com/sports/field-hockey/roster/larissa-roldan/19957,,108
UC Davis,2025,,Elle Louise Kocmond,13,,,,,,,https://ucdavisaggies.com/sports/field-hockey/roster/elle-louise-kocmond/19949,,108
UC Davis,2025,,Linnea Liljenstrand-Mjoen,14,,,,,,,https://ucdavisaggies.com/sports/field-hockey/roster/linnea-liljenstrand-mjoen/20000,,108
UC Davis,2025,,Emilie Lee,15,,,,,,,https://ucdavisaggies.com/sports/field-hockey/roster/emilie-lee/19950,,108
UC Davis,2025,,Jamie Dempsey,17,,,,,,,https://ucdavisaggies.com/sports/field-hockey/roster/jamie-dempsey/19946,,108
UC Davis,2025,,Cosi Karleski,20,,,,,,,https://ucdavisaggies.com/sports/field-hockey/roster/cosi-karleski/19999,,108
UC Davis,2025,,MK Lutz,22,,,,,,,https://ucdavisaggies.com/sports/field-hockey/roster/mk-lutz/19951,,108
UC Davis,2025,,Clare Torres,23,,,,,,,https://ucdavisaggies.com/sports/field-hockey/roster/clare-torres/20096,,108
UC Davis,2025,,Karly Redman,24,,,,,,,https://ucdavisaggies.com/sports/field-hockey/roster/karly-redman/19955,,108
UC Davis,2025,,Chloë Heal,33,,,,,,,https://ucdavisaggies.com/sports/field-hockey/roster/chlo-heal/20017,,108
UC Davis,2025,,Addy Collingwood,34,,,,,,,https://ucdavisaggies.com/sports/field-hockey/roster/addy-collingwood/19998,,108
UConn,2025,,Avianna Wagner,00,,,,"Philadelphia, PA.",,Philly Hockey Club,https://uconnhuskies.com/sports/field-hockey/roster/avianna-wagner/15130,Sophomore,164
UConn,2025,,Natalie McKenna,1,GK,,,"Northport, NY",,Northport High School,https://uconnhuskies.com/sports/field-hockey/roster/natalie-mckenna/15976,Junior,164
UConn,2025,,Addison Infante,3,D,,,"Glastonbury, CT",,Glastonbury High School,https://uconnhuskies.com/sports/field-hockey/roster/addison-infante/15972,Freshman,164
UConn,2025,,Zita Grigoleit,4,,,,Germany,,Club an der Alster,https://uconnhuskies.com/sports/field-hockey/roster/zita-grigoleit/15137,Freshman,164
UConn,2025,,Paige Keller,6,,,,"Pipersville, PA",,Central Bucks East High School,https://uconnhuskies.com/sports/field-hockey/roster/paige-keller/15973,Sophomore,164
UConn,2025,,Olivia McKenna,7,M,,,"Northport, NY",,Northport High School,https://uconnhuskies.com/sports/field-hockey/roster/olivia-mckenna/15977,Junior,164
UConn,2025,,Olivia Machiavelli,8,,,,"Madrid, Spain",,Rider University,https://uconnhuskies.com/sports/field-hockey/roster/olivia-machiavelli/15975,Sophomore,164
UConn,2025,,Milaw Clause,9,,,,"Stroudsburg, Pa.",,Blair Academy,https://uconnhuskies.com/sports/field-hockey/roster/milaw-clause/15117,Sophomore,164
UConn,2025,,Fien Hollander,10,,,,"Zwolle, Netherlands",,HC-Zolle,https://uconnhuskies.com/sports/field-hockey/roster/fien-hollander/15971,Sophomore,164
UConn,2025,,Milou Heuker,11,,,,"Hilversum, Netherlands",,Laren Club,https://uconnhuskies.com/sports/field-hockey/roster/milou-heuker/15970,Sophomore,164
UConn,2025,,Julia Bressler,12,F,,,"Leesport, Pa.",,Berks Catholic,https://uconnhuskies.com/sports/field-hockey/roster/julia-bressler/15116,Senior,164
UConn,2025,,Sydney Moritz,13,,,,"Stroudsburg, Pa.",,Stroudsburg High School,https://uconnhuskies.com/sports/field-hockey/roster/sydney-moritz/15978,Freshman,164
UConn,2025,,Sol Simone,14,M,,,"Buenos Aires, Argentina",,,https://uconnhuskies.com/sports/field-hockey/roster/sol-simone/15129,Senior,164
UConn,2025,,Maia Dechiario,17,D,,,"Berwyn, Pa.",,Villa Maria Academy,https://uconnhuskies.com/sports/field-hockey/roster/maia-dechiario/15119,Redshirt Junior,164
UConn,2025,,Olivia Donahue,18,M,,,"Belmont, Ma.",,The Pingree School,https://uconnhuskies.com/sports/field-hockey/roster/olivia-donahue/15964,Junior,164
UConn,2025,,Emma Larit,19,,,,"Staples, Connecticut",,Staples High School,https://uconnhuskies.com/sports/field-hockey/roster/emma-larit/15974,Freshman,164
UConn,2025,,Lene Bunjes,20,,,,"Hamburg, Germany",,Harvestehurder THC,https://uconnhuskies.com/sports/field-hockey/roster/lene-bunjes/15139,Freshman,164
UConn,2025,,Keet Castelijn,21,,,,Netherlands,,AmsterdamHC,https://uconnhuskies.com/sports/field-hockey/roster/keet-castelijn/15962,Freshman,164
UConn,2025,,Abby Davidson,22,,,,"Medford, New Jersey",,Shawnee High School,https://uconnhuskies.com/sports/field-hockey/roster/abby-davidson/15963,Freshman,164
UConn,2025,,Juana Garcia,23,F,,,"Buenos Aires, Argentina",,,https://uconnhuskies.com/sports/field-hockey/roster/juana-garcia/15122,Senior,164
UConn,2025,,Jasmijn Damman,24,M,,,"Emmeloord, Netherlands",,,https://uconnhuskies.com/sports/field-hockey/roster/jasmijn-damman/15118,Senior,164
UConn,2025,,Violeta Francese,25,F,,,"Wappingers Falls, N.Y.",,Ketcham,https://uconnhuskies.com/sports/field-hockey/roster/violeta-francese/15121,Redshirt Junior,164
UConn,2025,,Pien Prins,29,,,,Netherlands,,Laren HC,https://uconnhuskies.com/sports/field-hockey/roster/pien-prins/15135,Freshman,164
UConn,2025,,Gabby Raichle,99,GK,,,"Allenwood, N.J.",,Wall Township,https://uconnhuskies.com/sports/field-hockey/roster/gabby-raichle/15128,Senior,164
UMass Lowell,2025,,Christina Wagner,1,M,5' 5'',,"Cicero, N.Y.",,Cicero – North Syracuse,https://goriverhawks.com/sports/field-hockey/roster/christina-wagner/10316,Junior,368
UMass Lowell,2025,,Kathryn Guertin,2,F,5' 4'',,"Holden, Mass.",,Wachusett Regional,https://goriverhawks.com/sports/field-hockey/roster/kathryn-guertin/10305,Junior,368
UMass Lowell,2025,,Karli Penrod,3,F,5' 3'',,"Seaford, Del.",,Sussex Technical,https://goriverhawks.com/sports/field-hockey/roster/karli-penrod/10311,Junior,368
UMass Lowell,2025,,Florine Gerrits,4,M,5' 3'',,"Amstelveen, Netherlands",,Keizer Karel College,https://goriverhawks.com/sports/field-hockey/roster/florine-gerrits/10303,Junior,368
UMass Lowell,2025,,Lindsey McGurl,5,F,5' 1'',,"Holden, Mass.",,Wachusett Regional,https://goriverhawks.com/sports/field-hockey/roster/lindsey-mcgurl/10309,Sophomore,368
UMass Lowell,2025,,Rena Pistilli,6,D,5' 6'',,"Lambaré, Paraguay",,Nazaret Private School,https://goriverhawks.com/sports/field-hockey/roster/rena-pistilli/10312,Freshman,368
UMass Lowell,2025,,Karlijn Kerkhof,7,M,5' 6'',,"Rotterdam, Netherlands",,Rotterdams Montessori Lyceum,https://goriverhawks.com/sports/field-hockey/roster/karlijn-kerkhof/9752,Sophomore,368
UMass Lowell,2025,,Ava Clarke,8,F,5' 5'',,"Hopkinton, Mass.",,Wellesley,https://goriverhawks.com/sports/field-hockey/roster/ava-clarke/9748,Senior,368
UMass Lowell,2025,,Madison Leeper,9,F,4' 11'',,"East Amherst, N.Y.",,Sussex Academy,https://goriverhawks.com/sports/field-hockey/roster/madison-leeper/10354,Senior,368
UMass Lowell,2025,,Helena Herlocher,10,M,5' 7'',,"State College, Pennsylvania",,State College Area,https://goriverhawks.com/sports/field-hockey/roster/helena-herlocher/10306,Freshman,368
UMass Lowell,2025,,Cate Kleeman,11,D,5' 6'',,"Gibbsboro, N.J.",,Eastern Regional,https://goriverhawks.com/sports/field-hockey/roster/cate-kleeman/9753,Graduate,368
UMass Lowell,2025,,Alexa Guarneri,12,F,5' 5'',,"Hockessin, Delaware",,The Charter School of Wilmington,https://goriverhawks.com/sports/field-hockey/roster/alexa-guarneri/10304,Freshman,368
UMass Lowell,2025,,Brynn Somers,13,D,5' 5'',,"Berlin, N.J.",,Eastern Regional,https://goriverhawks.com/sports/field-hockey/roster/brynn-somers/10314,Freshman,368
UMass Lowell,2025,,Maggie Dowd,14,D,5' 9'',,"Worcester, Mass.",,Doherty Memorial,https://goriverhawks.com/sports/field-hockey/roster/maggie-dowd/9749,Senior,368
UMass Lowell,2025,,Aurise Tattrie,17,D,5' 1'',,"Watertown, Mass.",,Watertown,https://goriverhawks.com/sports/field-hockey/roster/aurise-tattrie/9758,Graduate,368
UMass Lowell,2025,,Alice Van Hemelen,18,M,5' 11'',,"Tervuren, Belgium",,De l’autre côté de l’école,https://goriverhawks.com/sports/field-hockey/roster/alice-van-hemelen/10315,Junior,368
UMass Lowell,2025,,Audrey Carter,19,M,5' 6'',,"Dover, N.H.",,Dover,https://goriverhawks.com/sports/field-hockey/roster/audrey-carter/10301,Sophomore,368
UMass Lowell,2025,,Holly Beckinsale,20,M,5' 5'',,"Newtownabbey, Northern Ireland",,Belfast,https://goriverhawks.com/sports/field-hockey/roster/holly-beckinsale/10300,Freshman,368
UMass Lowell,2025,,Kaleigh McGurl,22,M,5' 1'',,"Holden, Mass.",,Wachusett Regional,https://goriverhawks.com/sports/field-hockey/roster/kaleigh-mcgurl/10308,Sophomore,368
UMass Lowell,2025,,Jaedyn Scarlatos,23,D,5' 3'',,"South Setauket, N.Y.",,The Hill School,https://goriverhawks.com/sports/field-hockey/roster/jaedyn-scarlatos/10313,Sophomore,368
UMass Lowell,2025,,Haley Wernig,24,F,5' 5'',,"Franklin, Mass.",,Franklin,https://goriverhawks.com/sports/field-hockey/roster/haley-wernig/10317,Freshman,368
UMass Lowell,2025,,Veerle Mous,33,GK,5' 9'',,"Breda, Netherlands",,De Nassau,https://goriverhawks.com/sports/field-hockey/roster/veerle-mous/10310,Freshman,368
UMass Lowell,2025,,Megan MacMiller,99,GK,5' 4'',,"Tarzana, Calif.",,Chaminade College Preparatory,https://goriverhawks.com/sports/field-hockey/roster/megan-macmiller/10307,Freshman,368
VCU,2025,,Claire Bieber,1,,,,,,,https://vcuathletics.com/sports/field-hockey/roster/claire-bieber/6677,,740
VCU,2025,,Callie Dieffenbacher,2,,,,,,,https://vcuathletics.com/sports/field-hockey/roster/callie-dieffenbacher/6454,,740
VCU,2025,,Maddie Cornwell,3,,,,,,,https://vcuathletics.com/sports/field-hockey/roster/maddie-cornwell/6678,,740
VCU,2025,,Genevieve Webb,4,,,,,,,https://vcuathletics.com/sports/field-hockey/roster/genevieve-webb/6463,,740
VCU,2025,,Cameron Butler,5,,,,,,,https://vcuathletics.com/sports/field-hockey/roster/cameron-butler/6451,,740
VCU,2025,,Mackenzie White,6,,,,,,,https://vcuathletics.com/sports/field-hockey/roster/mackenzie-white/6464,,740
VCU,2025,,Zoe Cabrera,7,,,,,,,https://vcuathletics.com/sports/field-hockey/roster/zoe-cabrera/6679,,740
VCU,2025,,Manuela Secondo,8,,,,,,,https://vcuathletics.com/sports/field-hockey/roster/manuela-secondo/6460,,740
VCU,2025,,Amelia Wagner,9,,,,,,,https://vcuathletics.com/sports/field-hockey/roster/amelia-wagner/6462,,740
VCU,2025,,Lina Behrmann,10,,,,,,,https://vcuathletics.com/sports/field-hockey/roster/lina-behrmann/6680,,740
VCU,2025,,Angelina Gandos,11,,,,,,,https://vcuathletics.com/sports/field-hockey/roster/angelina-gandos/6681,,740
VCU,2025,,Josefina Ventimiglia,12,,,,,,,https://vcuathletics.com/sports/field-hockey/roster/josefina-ventimiglia/6461,,740
VCU,2025,,Lotje Aalderink,13,,,,,,,https://vcuathletics.com/sports/field-hockey/roster/lotje-aalderink/6448,,740
VCU,2025,,Emily Föerster,14,,,,,,,https://vcuathletics.com/sports/field-hockey/roster/emily-f-erster/6682,,740
VCU,2025,,Ashley Doyle,15,,,,,,,https://vcuathletics.com/sports/field-hockey/roster/ashley-doyle/6455,,740
VCU,2025,,Carley Deaver,17,,,,,,,https://vcuathletics.com/sports/field-hockey/roster/carley-deaver/6453,,740
VCU,2025,,Hannah Zimmerman,19,,,,,,,https://vcuathletics.com/sports/field-hockey/roster/hannah-zimmerman/6683,,740
VCU,2025,,Josephine Jense,21,,,,,,,https://vcuathletics.com/sports/field-hockey/roster/josephine-jense/6457,,740
VCU,2025,,Ana Afonso Osorio,22,,,,,,,https://vcuathletics.com/sports/field-hockey/roster/ana-afonso-osorio/6449,,740
VCU,2025,,Morena Macera,23,,,,,,,https://vcuathletics.com/sports/field-hockey/roster/morena-macera/6459,,740
VCU,2025,,Lynnsi Joyce,55,,,,,,,https://vcuathletics.com/sports/field-hockey/roster/lynnsi-joyce/6458,,740
VCU,2025,,Emma Clements,70,,,,,,,https://vcuathletics.com/sports/field-hockey/roster/emma-clements/6452,,740
VCU,2025,,Tatum Anderson,80,,,,,,,https://vcuathletics.com/sports/field-hockey/roster/tatum-anderson/6450,,740
Vermont,2025,,Ainsley Hubbard,3,,,,,,,https://uvmathletics.com/sports/field-hockey/roster/ainsley-hubbard/11875,,738
Vermont,2025,,Gloria Allen,4,,,,,,,https://uvmathletics.com/sports/field-hockey/roster/gloria-allen/11885,,738
Vermont,2025,,Isi McMahon,5,,,,,,,https://uvmathletics.com/sports/field-hockey/roster/isi-mcmahon/11883,,738
Vermont,2025,,Fiona McMahon,6,,,,,,,https://uvmathletics.com/sports/field-hockey/roster/fiona-mcmahon/11884,,738
Vermont,2025,,Lara Cleophas,7,,,,,,,https://uvmathletics.com/sports/field-hockey/roster/lara-cleophas/11870,,738
Vermont,2025,,Emily Weaver,9,,,,,,,https://uvmathletics.com/sports/field-hockey/roster/emily-weaver/11886,,738
Vermont,2025,,Gabby Santini,10,,,,,,,https://uvmathletics.com/sports/field-hockey/roster/gabby-santini/11888,,738
Vermont,2025,,Alicia Battistelli,11,,,,,,,https://uvmathletics.com/sports/field-hockey/roster/alicia-battistelli/11867,,738
Vermont,2025,,Veerle Nijhuis,12,,,,,,,https://uvmathletics.com/sports/field-hockey/roster/veerle-nijhuis/11889,,738
Vermont,2025,,Abby Wilber,13,,,,,,,https://uvmathletics.com/sports/field-hockey/roster/abby-wilber/11882,,738
Vermont,2025,,Sophia Lefranc,15,,,,,,,https://uvmathletics.com/sports/field-hockey/roster/sophia-lefranc/11876,,738
Vermont,2025,,Maddie Priestly,16,,,,,,,https://uvmathletics.com/sports/field-hockey/roster/maddie-priestly/11878,,738
Vermont,2025,,Maya Bilanin,17,,,,,,,https://uvmathletics.com/sports/field-hockey/roster/maya-bilanin/11868,,738
Vermont,2025,,Olivia Nolan,18,,,,,,,https://uvmathletics.com/sports/field-hockey/roster/olivia-nolan/11877,,738
Vermont,2025,,Maddy Weaver,19,,,,,,,https://uvmathletics.com/sports/field-hockey/roster/maddy-weaver/11881,,738
Vermont,2025,,Addie DelOrefice,20,,,,,,,https://uvmathletics.com/sports/field-hockey/roster/addie-delorefice/11871,,738
Vermont,2025,,Consu de Castro,21,,,,,,,https://uvmathletics.com/sports/field-hockey/roster/consu-de-castro/11891,,738
Vermont,2025,,Mora Fernandez de Oliveira,22,,,,,,,https://uvmathletics.com/sports/field-hockey/roster/mora-fernandez-de-oliveira/11873,,738
Vermont,2025,,Klara Mikulaskova,23,,,,,,,https://uvmathletics.com/sports/field-hockey/roster/klara-mikulaskova/11890,,738
Vermont,2025,,Kate Stockwell,24,,,,,,,https://uvmathletics.com/sports/field-hockey/roster/kate-stockwell/11879,,738
Vermont,2025,,Ila Gunner,35,,,,,,,https://uvmathletics.com/sports/field-hockey/roster/ila-gunner/11874,,738
Vermont,2025,,Merle Vaandrager,37,,,,,,,https://uvmathletics.com/sports/field-hockey/roster/merle-vaandrager/11880,,738
Villanova,2025,,Ava Borkowski,1,F,,,"Conshohocken, Pa.",Plymouth Whitemarsh,,https://villanova.com/sports/field-hockey/roster/ava-borkowski/15458,Graduate,739
Villanova,2025,,Jane Bresnahan,3,M,,,"Newton, Mass.",Newton Country Day School,,https://villanova.com/sports/field-hockey/roster/jane-bresnahan/15460,Junior,739
Villanova,2025,,Ashton Odiorne,4,D,,,"Bryn Mawr, Pa.",Harriton,,https://villanova.com/sports/field-hockey/roster/ashton-odiorne/15478,Graduate,739
Villanova,2025,,Mia Albano,5,F,,,"Westfield, N.J.",Oak Knoll School of the Holy Child,,https://villanova.com/sports/field-hockey/roster/mia-albano/15457,Senior,739
Villanova,2025,,Evelyn O'Neill,6,M,,,"Newtown Square, Pa.",Academy of Notre Dame de Namur,,https://villanova.com/sports/field-hockey/roster/evelyn-o-neill/15467,Senior,739
Villanova,2025,,Maeve Boston,7,M,,,"Broomall, Pa.",Cardinal O'Hara,,https://villanova.com/sports/field-hockey/roster/maeve-boston/15459,Junior,739
Villanova,2025,,Addie Froehlich,8,D,,,"Virginia Beach, Va.",Frank W. Cox,,https://villanova.com/sports/field-hockey/roster/addie-froehlich/15463,Junior,739
Villanova,2025,,Esmee de Lange,9,M,,,"Maarssen, The Netherlands",Christelijk Gymnasium Utrecht,,https://villanova.com/sports/field-hockey/roster/esmee-de-lange/15461,Sophomore,739
Villanova,2025,,Aimee Largoza,10,F,,,"Downingtown, Pa.",Downingtown S.T.E.M. Academy,,https://villanova.com/sports/field-hockey/roster/aimee-largoza/15479,Freshman,739
Villanova,2025,,Shannon Arber,11,M,,,"Upper Saddle River, N.J.",Northern Highlands Regional,,https://villanova.com/sports/field-hockey/roster/shannon-arber/15477,Freshman,739
Villanova,2025,,Evangeline Minnella,12,M,,,"North Caldwell, N.J.",West Essex High School,,https://villanova.com/sports/field-hockey/roster/evangeline-minnella/15466,Sophomore,739
Villanova,2025,,Avery Ritt,13,M,,,"Stewartsville, N.J.",Phllipsburg High School,,https://villanova.com/sports/field-hockey/roster/avery-ritt/15468,Sophomore,739
Villanova,2025,,Anna Shirley,16,M,,,"Doylestown, Pa.",Central Bucks South,,https://villanova.com/sports/field-hockey/roster/anna-shirley/15470,Senior,739
Villanova,2025,,Molly Zimmerman,17,D,,,"Landisburg, Pa.",West Perry High School,,https://villanova.com/sports/field-hockey/roster/molly-zimmerman/15476,Sophomore,739
Villanova,2025,,Eva Van Der Goes,19,M,,,"Glenview, Ill.",Glenbrook South,,https://villanova.com/sports/field-hockey/roster/eva-van-der-goes/15473,Senior,739
Villanova,2025,,Eileen Mazzaro,20,F,,,"Pelham, N.Y.",Pelham Memorial,,https://villanova.com/sports/field-hockey/roster/eileen-mazzaro/15465,Senior,739
Villanova,2025,,Kate Soldan,21,M,,,"Ann Arbor, Mich.",Pioneer,,https://villanova.com/sports/field-hockey/roster/kate-soldan/15471,Junior,739
Villanova,2025,,Gemma Lysaght,22,D,,,"Christchurch, New Zealand",Villa Maria College,,https://villanova.com/sports/field-hockey/roster/gemma-lysaght/15464,Junior,739
Villanova,2025,,Barrett Trigg,23,F,,,"Evergreen, Colo.",Colorado Academy,,https://villanova.com/sports/field-hockey/roster/barrett-trigg/15472,Senior,739
Villanova,2025,,Cate Voegele,24,D,,,"Bryn Mawr, Pa.",Merion Mercy Academy,,https://villanova.com/sports/field-hockey/roster/cate-voegele/15474,Senior,739
Villanova,2025,,Allysen Whitehead,25,M,,,"Danbury, Conn.",Westminster School,,https://villanova.com/sports/field-hockey/roster/allysen-whitehead/15482,Freshman,739
Villanova,2025,,Erin Mitchell,26,M,,,"Villanova, Pa.",Villa Maria Academy,,https://villanova.com/sports/field-hockey/roster/erin-mitchell/15480,Freshman,739
Villanova,2025,,Colleen Finnan,32,F,,,"Mullica Hill, N.J.",Kingsway,,https://villanova.com/sports/field-hockey/roster/colleen-finnan/15462,Junior,739
Villanova,2025,,Maddi Sears,35,GK,,,"Avondale, Pa.",Kennett,,https://villanova.com/sports/field-hockey/roster/maddi-sears/15469,Junior,739
Villanova,2025,,Carey Werley,44,D,,,"West Chester, Pa.",West Chester East,,https://villanova.com/sports/field-hockey/roster/carey-werley/15475,Junior,739
Virginia,2025,,Ria Chhina,1,D,5′5″,,"Chantilly, Va.",Riverside High,,https://virginiasports.com/sports/fhockey/roster/player/ria-chhina,Senior,746
Virginia,2025,,Mia Abello,2,D,5′6″,,"Houston, Texas",The Kinkaid School,,https://virginiasports.com/sports/fhockey/roster/player/mia-abello,Senior,746
Virginia,2025,,Riley Savage,3,F,5′5″,,Charlotte. N.C.,The Hill School (Pa.),,https://virginiasports.com/sports/fhockey/roster/player/riley-savage,Sophomore,746
Virginia,2025,,Caroline Raynes,4,M,5′5″,,"Houston, Texas",The Kinkaid School,,https://virginiasports.com/sports/fhockey/roster/player/caroline-raynes,Sophomore,746
Virginia,2025,,Catalina Quinteros,5,F,5′5″,,"Miami, Fla.",Coral Gables Senior High,,https://virginiasports.com/sports/fhockey/roster/player/catalina-quinteros,Junior,746
Virginia,2025,,Caitlin Connell,6,F,5′7″,,"Paoli, PA",Villa Maria Academy High School,,https://virginiasports.com/sports/fhockey/roster/player/caitlin-connell,Freshman,746
Virginia,2025,,Lauren Sloan,7,D,5′7″,,"Louisville, Ky.",Christian Academy of Louisville,,https://virginiasports.com/sports/fhockey/roster/player/lauren-sloan,Sophomore,746
Virginia,2025,,Katy Chapman,8,M,5′6″,,"St. Louis, MO",John Burroughs School,,https://virginiasports.com/sports/fhockey/roster/player/katy-chapman,Freshman,746
Virginia,2025,,Bella Moore,9,M,5′4″,,"Southampton, N.J.",Camden Catholic,,https://virginiasports.com/sports/fhockey/roster/player/bella-moore,Sophomore,746
Virginia,2025,,Amelie Rees,10,M,5′6″,,"London, England",Wimbledon High School,,https://virginiasports.com/sports/fhockey/roster/player/amelie-rees,Junior,746
Virginia,2025,,Rylee Dennis,11,M,5′3″,,"Chester Springs,Pa.",Downingtown East High,,https://virginiasports.com/sports/fhockey/roster/player/rylee-dennis,Sophomore,746
Virginia,2025,,Charly Nemec,12,D,5′4″,,"Darien, Conn.",Sacred Heart Greenwich,,https://virginiasports.com/sports/fhockey/roster/player/charly-nemec,Sophomore,746
Virginia,2025,,Gracey Crawford,15,M,5′9″,,"Houston, TX",St. John's School,,https://virginiasports.com/sports/fhockey/roster/player/gracey-crawford,Freshman,746
Virginia,2025,,Mary Adams,16,M,5′7″,,"Andover, Mass.",Brooks School,,https://virginiasports.com/sports/fhockey/roster/player/mary-adams,Sophomore,746
Virginia,2025,,Cassidy Thibodeau,17,D,5′3″,,"Marblehead, Mass.",Groton School,North Carolina,https://virginiasports.com/sports/fhockey/roster/player/cassidy-thibodeau,Graduate,746
Virginia,2025,,Kate Logsdon,19,F,5′7″,,"St. Louis, MO",John Burroughs School,,https://virginiasports.com/sports/fhockey/roster/player/kate-logsdon,Freshman,746
Virginia,2025,,Nilou Lempers,20,GK,5′8″,,"Amsterdam, Netherlands",Geert Groote College,,https://virginiasports.com/sports/fhockey/roster/player/nilou-lempers,Senior,746
Virginia,2025,,Emerson Ross,21,D,5′9″,,"Baltimore, MD",Notre Dame Preparatory,,https://virginiasports.com/sports/fhockey/roster/player/emerson-ross,Freshman,746
Virginia,2025,,Emily Eaton,22,D,5′5″,,"Charlotte, N.C.",Covenant Day School,Louisville,https://virginiasports.com/sports/fhockey/roster/player/emily-eaton,Junior,746
Virginia,2025,,Emma Watchilla,23,F,5′5″,,"Kingston, Pa.",Wyoming Seminary,,https://virginiasports.com/sports/fhockey/roster/player/emma-watchilla,Senior,746
Virginia,2025,,Emma Giesting,24,GK,5′4″,,"San Diego, Calif.",University City HS,UC Davis,https://virginiasports.com/sports/fhockey/roster/player/emma-giesting,Senior,746
Virginia,2025,,Livvy Barker,26,F,5′7″,,"Auckland, New Zealand",Diocesan School for Girls,,https://virginiasports.com/sports/fhockey/roster/player/livvy-barker,Freshman,746
Virginia,2025,,Marisa Fahning,28,M,5′2″,,"Hamburg, Germany",Eliteschule des Sports Alter Teichweg,,https://virginiasports.com/sports/fhockey/roster/player/marisa-fahning,Freshman,746
Virginia,2025,,Soren Kipphut,97,GK,5′7″,,"Swedesboro, N.J.",Kingsway Regional High School,,https://virginiasports.com/sports/fhockey/roster/player/soren-kipphut,Sophomore,746
Wagner,2025,,Erika Parker,1,,,,,,,https://wagnerathletics.com/sports/field-hockey/roster/erika-parker/17190,,748
Wagner,2025,,Claire Evans,2,,,,,,,https://wagnerathletics.com/sports/field-hockey/roster/claire-evans/17338,,748
Wagner,2025,,Maddie Ciancitto,3,,,,,,,https://wagnerathletics.com/sports/field-hockey/roster/maddie-ciancitto/17417,,748
Wagner,2025,,Floortje Leunisse,4,,,,,,,https://wagnerathletics.com/sports/field-hockey/roster/floortje-leunisse/17221,,748
Wagner,2025,,Juliana Gonzales,5,,,,,,,https://wagnerathletics.com/sports/field-hockey/roster/juliana-gonzales/17453,,748
Wagner,2025,,Victoria Bruno,6,,,,,,,https://wagnerathletics.com/sports/field-hockey/roster/victoria-bruno/17290,,748
Wagner,2025,,Cecilia Clark,7,,,,,,,https://wagnerathletics.com/sports/field-hockey/roster/cecilia-clark/17459,,748
Wagner,2025,,Mia Bolster,8,,,,,,,https://wagnerathletics.com/sports/field-hockey/roster/mia-bolster/17373,,748
Wagner,2025,,Hailey Bianchino,10,,,,,,,https://wagnerathletics.com/sports/field-hockey/roster/hailey-bianchino/17413,,748
Wagner,2025,,Riahna Pollard,12,,,,,,,https://wagnerathletics.com/sports/field-hockey/roster/riahna-pollard/17457,,748
Wagner,2025,,Lauren Frye,13,,,,,,,https://wagnerathletics.com/sports/field-hockey/roster/lauren-frye/17255,,748
Wagner,2025,,Noor van Duin,14,,,,,,,https://wagnerathletics.com/sports/field-hockey/roster/noor-van-duin/17159,,748
Wagner,2025,,Felicitas Herrero-Martel,15,,,,,,,https://wagnerathletics.com/sports/field-hockey/roster/felicitas-herrero-martel/17462,,748
Wagner,2025,,Abby Reenock,16,,,,,,,https://wagnerathletics.com/sports/field-hockey/roster/abby-reenock/17192,,748
Wagner,2025,,Romy Matthies,17,,,,,,,https://wagnerathletics.com/sports/field-hockey/roster/romy-matthies/17225,,748
Wagner,2025,,Amelia Gonzalez,18,,,,,,,https://wagnerathletics.com/sports/field-hockey/roster/amelia-gonzalez/17456,,748
Wagner,2025,,Kayla Sykes,19,,,,,,,https://wagnerathletics.com/sports/field-hockey/roster/kayla-sykes/17458,,748
Wagner,2025,,Ava DePietro,20,,,,,,,https://wagnerathletics.com/sports/field-hockey/roster/ava-depietro/17455,,748
Wagner,2025,,Julie Povel,21,,,,,,,https://wagnerathletics.com/sports/field-hockey/roster/julie-povel/17461,,748
Wagner,2025,,Natalie McGivern,24,,,,,,,https://wagnerathletics.com/sports/field-hockey/roster/natalie-mcgivern/17184,,748
Wagner,2025,,Victoria Gonzalez-Lopez,25,,,,,,,https://wagnerathletics.com/sports/field-hockey/roster/victoria-gonzalez-lopez/17463,,748
Wagner,2025,,Nyah Jernberg,26,,,,,,,https://wagnerathletics.com/sports/field-hockey/roster/nyah-jernberg/17454,,748
Wagner,2025,,Julia de Leeuw,35,,,,,,,https://wagnerathletics.com/sports/field-hockey/roster/julia-de-leeuw/17460,,748
Wagner,2025,,Saar van Dalen,64,,,,,,,https://wagnerathletics.com/sports/field-hockey/roster/saar-van-dalen/17282,,748
Wagner,2025,,Sam Black,98,,,,,,,https://wagnerathletics.com/sports/field-hockey/roster/sam-black/17246,,748
Wake Forest,2025,,Ruby Butterfield,1,GK,5' 6'',,"Malmesbury, England",,Marlborough College,https://godeacs.com/sports/field-hockey/roster/ruby-butterfield/9368,Freshman,749
Wake Forest,2025,,Brenna Campagna,2,D,5' 6'',,"Lancaster, Penn.",,Manheim Township,https://godeacs.com/sports/field-hockey/roster/brenna-campagna/9369,Sophomore,749
Wake Forest,2025,,Sarah Grace Raynes,3,D,5' 3'',,"Houston, Texas",,The Kinkaid School,https://godeacs.com/sports/field-hockey/roster/sarah-grace-raynes/9382,Junior,749
Wake Forest,2025,,Lexi Causa,4,F,5' 8'',,"Easton, Pa.",,Easton Area HS,https://godeacs.com/sports/field-hockey/roster/lexi-causa/8863,Sophomore,749
Wake Forest,2025,,Calista Boos,6,M,5' 4'',,"Jamison, PA",,Central Bucks High School West,https://godeacs.com/sports/field-hockey/roster/calista-boos/8881,Freshman,749
Wake Forest,2025,,Georgia Pollock,7,M,5' 9'',,"Durban, South Africa",,St Mary's DSG Kloof,https://godeacs.com/sports/field-hockey/roster/georgia-pollock/9381,Freshman,749
Wake Forest,2025,,Ava Moore,8,M,5' 1'',,"Southampton, N.J.",,Camden Catholic High School,https://godeacs.com/sports/field-hockey/roster/ava-moore/9378,Junior,749
Wake Forest,2025,,Penelope Kousouris,9,F,5' 2'',,"Baltimore, Maryland",,Bryn Mawr School,https://godeacs.com/sports/field-hockey/roster/penelope-kousouris/8883,Freshman,749
Wake Forest,2025,,Faye Janse,10,F,5' 9'',,"The Hague, Netherlands",,,https://godeacs.com/sports/field-hockey/roster/faye-janse/9373,Junior,749
Wake Forest,2025,,Lauren Storey,13,F,5' 6'',,"Auckland, New Zealand",,St. Cuthbert's College,https://godeacs.com/sports/field-hockey/roster/lauren-storey/9384,Sophomore,749
Wake Forest,2025,,Rory Heslin,14,F,5' 5'',,"Garden City, NY",,Garden City High School,https://godeacs.com/sports/field-hockey/roster/rory-heslin/9372,Junior,749
Wake Forest,2025,,Sarah Mudd,15,F,5' 10'',,"Highland, MD",,St. Paul's School for Girls,https://godeacs.com/sports/field-hockey/roster/sarah-mudd/9379,Sophomore,749
Wake Forest,2025,,Brooke Bettencourt,16,M,5' 8'',,"Virginia Beach, VA",,Norfolk Academy,https://godeacs.com/sports/field-hockey/roster/brooke-bettencourt/9367,Sophomore,749
Wake Forest,2025,,Amelia Frey,18,F,5' 2'',,"Louisville, Ky.",,duPont Manual,https://godeacs.com/sports/field-hockey/roster/amelia-frey/8864,Senior,749
Wake Forest,2025,,Reabetswe Phume,19,D,5' 7'',,"Johannesburg, South Africa",,St. Stithians Girls' College,https://godeacs.com/sports/field-hockey/roster/reabetswe-phume/9380,Freshman,749
Wake Forest,2025,,Lena Keller,20,M,5' 6'',,"Berlin, Germany",,Sportschule im Olympiapark – Poelchau-Schule,https://godeacs.com/sports/field-hockey/roster/lena-keller/9374,Sophomore,749
Wake Forest,2025,,Mia Montag,21,D,5' 7'',,"Berlin, Germany",,Sportschule im Olympiapark – Poelchau-Schule,https://godeacs.com/sports/field-hockey/roster/mia-montag/9377,Sophomore,749
Wake Forest,2025,,Rachel Thetford,22,F,5' 6'',,"Virginia Beach, Va.",,Norfolk Academy,https://godeacs.com/sports/field-hockey/roster/rachel-thetford/8877,Senior,749
Wake Forest,2025,,Mia Schoenbeck,23,M,5' 5'',,"LaGrange, Ky.",,Christian Academy of Louisville,https://godeacs.com/sports/field-hockey/roster/mia-schoenbeck/9383,Junior,749
Wake Forest,2025,,Georgia Leary,24,M,5' 8'',,"St. Louis, Mo.",,Villa Duchesne / Oak Hill School,https://godeacs.com/sports/field-hockey/roster/georgia-leary/9375,Junior,749
Wake Forest,2025,,Allie Campbell,25,D,5' 4'',,"Vancouver, British Columbia",,York House School,https://godeacs.com/sports/field-hockey/roster/allie-campbell/9370,Freshman,749
Wake Forest,2025,,Logan Marthinus,26,F,5' 4'',,"Cape Town, South Africa",,Bloemhof High School,https://godeacs.com/sports/field-hockey/roster/logan-marthinus/9376,Freshman,749
Wake Forest,2025,,Florence Tuthill,28,M,5' 7'',,"Oxford, England",,Millfield School UK,https://godeacs.com/sports/field-hockey/roster/florence-tuthill/9385,Junior,749
Wake Forest,2025,,Caroline Grebe,34,GK,5' 4'',,"Fort Worth, Texas",,Fort Worth Country Day School,https://godeacs.com/sports/field-hockey/roster/caroline-grebe/9371,Redshirt Sophomore,749
Wake Forest,2025,,Ellie Todd,36,GK,5' 7'',,"Boston, Mass.",,The Rivers School,https://godeacs.com/sports/field-hockey/roster/ellie-todd/8878,Senior,749
William & Mary,2025,,Gia Zarro,2,,,,,,,https://tribeathletics.com/sports/field-hockey/roster/gia-zarro/18372,,786
William & Mary,2025,,Alivia Boatwright,3,,,,,,,https://tribeathletics.com/sports/field-hockey/roster/alivia-boatwright/18339,,786
William & Mary,2025,,Mackinzie Brown,4,,,,,,,https://tribeathletics.com/sports/field-hockey/roster/mackinzie-brown/18340,,786
William & Mary,2025,,Josie Mae Gruendel,5,,,,,,,https://tribeathletics.com/sports/field-hockey/roster/josie-mae-gruendel/18347,,786
William & Mary,2025,,Sophie Ermellini,6,,,,,,,https://tribeathletics.com/sports/field-hockey/roster/sophie-ermellini/18345,,786
William & Mary,2025,,Lily Johnson,7,,,,,,,https://tribeathletics.com/sports/field-hockey/roster/lily-johnson/18370,,786
William & Mary,2025,,Arden Mankovich,8,,,,,,,https://tribeathletics.com/sports/field-hockey/roster/arden-mankovich/18371,,786
William & Mary,2025,,Erma Grey Bailey,9,,,,,,,https://tribeathletics.com/sports/field-hockey/roster/erma-grey-bailey/18364,,786
William & Mary,2025,,Bridget Lawn,10,,,,,,,https://tribeathletics.com/sports/field-hockey/roster/bridget-lawn/18349,,786
William & Mary,2025,,Amelia Morgan,11,,,,,,,https://tribeathletics.com/sports/field-hockey/roster/amelia-morgan/18350,,786
William & Mary,2025,,Ava Rossman,12,,,,,,,https://tribeathletics.com/sports/field-hockey/roster/ava-rossman/18351,,786
William & Mary,2025,,Anya Green,13,,,,,,,https://tribeathletics.com/sports/field-hockey/roster/anya-green/18368,,786
William & Mary,2025,,Alora Chappell,14,,,,,,,https://tribeathletics.com/sports/field-hockey/roster/alora-chappell/18365,,786
William & Mary,2025,,Eme Schmittel,15,,,,,,,https://tribeathletics.com/sports/field-hockey/roster/eme-schmittel/18352,,786
William & Mary,2025,,Gracie Clawson,16,,,,,,,https://tribeathletics.com/sports/field-hockey/roster/gracie-clawson/18366,,786
William & Mary,2025,,Sam Daly,17,,,,,,,https://tribeathletics.com/sports/field-hockey/roster/sam-daly/18367,,786
William & Mary,2025,,Ellen Ford,18,,,,,,,https://tribeathletics.com/sports/field-hockey/roster/ellen-ford/18369,,786
William & Mary,2025,,Natasha Browning,20,,,,,,,https://tribeathletics.com/sports/field-hockey/roster/natasha-browning/18341,,786
William & Mary,2025,,Josette DeGour,21,,,,,,,https://tribeathletics.com/sports/field-hockey/roster/josette-degour/18344,,786
William & Mary,2025,,Darcy Kopsinis,22,,,,,,,https://tribeathletics.com/sports/field-hockey/roster/darcy-kopsinis/18348,,786
William & Mary,2025,,Ellie Taylor,24,,,,,,,https://tribeathletics.com/sports/field-hockey/roster/ellie-taylor/18355,,786
William & Mary,2025,,Emily Bell,26,,,,,,,https://tribeathletics.com/sports/field-hockey/roster/emily-bell/18363,,786
William & Mary,2025,,Emme Schwartz,27,,,,,,,https://tribeathletics.com/sports/field-hockey/roster/emme-schwartz/18353,,786
William & Mary,2025,,Erin Griffin,28,,,,,,,https://tribeathletics.com/sports/field-hockey/roster/erin-griffin/18346,,786
William & Mary,2025,,Emma Cari,30,,,,,,,https://tribeathletics.com/sports/field-hockey/roster/emma-cari/18342,,786
William & Mary,2025,,Alexandra de Jesus,50,,,,,,,https://tribeathletics.com/sports/field-hockey/roster/alexandra-de-jesus/18343,,786
Yale,2025,,Kaitlyn Chang,1,,,,,,,https://yalebulldogs.com/sports/field-hockey/roster/kaitlyn-chang/21332,,813
Yale,2025,,Lore Laniyan,3,,,,,,,https://yalebulldogs.com/sports/field-hockey/roster/lore-laniyan/21410,,813
Yale,2025,,Hettie Whittington,4,,,,,,,https://yalebulldogs.com/sports/field-hockey/roster/hettie-whittington/21339,,813
Yale,2025,,Poppy Beales,5,,,,,,,https://yalebulldogs.com/sports/field-hockey/roster/poppy-beales/21330,,813
Yale,2025,,Carys Isherwood,6,,,,,,,https://yalebulldogs.com/sports/field-hockey/roster/carys-isherwood/21409,,813
Yale,2025,,Chiara Picciafuoco,7,,,,,,,https://yalebulldogs.com/sports/field-hockey/roster/chiara-picciafuoco/21336,,813
Yale,2025,,Carys Donahoe,8,,,,,,,https://yalebulldogs.com/sports/field-hockey/roster/carys-donahoe/21408,,813
Yale,2025,,Victoria Collee,9,,,,,,,https://yalebulldogs.com/sports/field-hockey/roster/victoria-collee/21333,,813
Yale,2025,,Emma Ramsey,10,,,,,,,https://yalebulldogs.com/sports/field-hockey/roster/emma-ramsey/21337,,813
Yale,2025,,Tabs Collier,11,,,,,,,https://yalebulldogs.com/sports/field-hockey/roster/tabs-collier/21334,,813
Yale,2025,,Issy Baileff,13,,,,,,,https://yalebulldogs.com/sports/field-hockey/roster/issy-baileff/21328,,813
Yale,2025,,Ymre Massée,14,,,,,,,https://yalebulldogs.com/sports/field-hockey/roster/ymre-mass-e/21335,,813
Yale,2025,,Emma Mueller,15,,,,,,,https://yalebulldogs.com/sports/field-hockey/roster/emma-mueller/21411,,813
Yale,2025,,Maddy Zavalick,17,,,,,,,https://yalebulldogs.com/sports/field-hockey/roster/maddy-zavalick/21341,,813
Yale,2025,,Ella Ou,19,,,,,,,https://yalebulldogs.com/sports/field-hockey/roster/ella-ou/21412,,813
Yale,2025,,Lauren Venter,20,,,,,,,https://yalebulldogs.com/sports/field-hockey/roster/lauren-venter/21338,,813
Yale,2025,,CC Wolf,21,,,,,,,https://yalebulldogs.com/sports/field-hockey/roster/cc-wolf/21340,,813
Yale,2025,,Gigi Caldero,28,,,,,,,https://yalebulldogs.com/sports/field-hockey/roster/gigi-caldero/21331,,813
Yale,2025,,Fev Barinova,33,,,,,,,https://yalebulldogs.com/sports/field-hockey/roster/fev-barinova/21329,,813
Yale,2025,,Amelie Schwarzkopf,42,,,,,,,https://yalebulldogs.com/sports/field-hockey/roster/amelie-schwarzkopf/21446,,813
Yale,2025,,Maddie Shepherd,90,,,,,,,https://yalebulldogs.com/sports/field-hockey/roster/maddie-shepherd/21413,,813
