team,season,division,name,jersey,position,height,major,hometown,high_school,previous_school,url,class,ncaa_id
American,2026,,Jordan Reicher,1,,,,,,,https://aueagles.com/sports/field-hockey/roster/jordan-reicher/7452,,23
American,2026,,Jill DuVarney,2,,,,,,,https://aueagles.com/sports/field-hockey/roster/jill-duvarney/7443,,23
American,2026,,Skylar Duffy,3,,,,,,,https://aueagles.com/sports/field-hockey/roster/skylar-duffy/7442,,23
American,2026,,Sophie Willemse,4,,,,,,,https://aueagles.com/sports/field-hockey/roster/sophie-willemse/7458,,23
American,2026,,Kaleigh Missimer,5,,,,,,,https://aueagles.com/sports/field-hockey/roster/kaleigh-missimer/7449,,23
American,2026,,Sarah Steinman,6,,,,,,,https://aueagles.com/sports/field-hockey/roster/sarah-steinman/7455,,23
American,2026,,Elle Ridge,7,,,,,,,https://aueagles.com/sports/field-hockey/roster/elle-ridge/7453,,23
American,2026,,Alyssa Freeman,8,,,,,,,https://aueagles.com/sports/field-hockey/roster/alyssa-freeman/7444,,23
American,2026,,Ashley Huddleston,9,,,,,,,https://aueagles.com/sports/field-hockey/roster/ashley-huddleston/7447,,23
American,2026,,Nora Tromble,11,,,,,,,https://aueagles.com/sports/field-hockey/roster/nora-tromble/7461,,23
American,2026,,Kylie Briggs,12,,,,,,,https://aueagles.com/sports/field-hockey/roster/kylie-briggs/7440,,23
American,2026,,Riley Clouse,13,,,,,,,https://aueagles.com/sports/field-hockey/roster/riley-clouse/7441,,23
American,2026,,Kendall Varty,14,,,,,,,https://aueagles.com/sports/field-hockey/roster/kendall-varty/7457,,23
American,2026,,Sydney Huddleston,15,,,,,,,https://aueagles.com/sports/field-hockey/roster/sydney-huddleston/7448,,23
American,2026,,Emilia Winkler,17,,,,,,,https://aueagles.com/sports/field-hockey/roster/emilia-winkler/7459,,23
American,2026,,Maura Read,18,,,,,,,https://aueagles.com/sports/field-hockey/roster/maura-read/7451,,23
American,2026,,Maddy Snyder,19,,,,,,,https://aueagles.com/sports/field-hockey/roster/maddy-snyder/7454,,23
American,2026,,Olivia Morraye,20,,,,,,,https://aueagles.com/sports/field-hockey/roster/olivia-morraye/7450,,23
American,2026,,Sienna Klein,21,,,,,,,https://aueagles.com/sports/field-hockey/roster/sienna-klein/7537,,23
American,2026,,Katelyn Dulin,22,,,,,,,https://aueagles.com/sports/field-hockey/roster/katelyn-dulin/7536,,23
American,2026,,Caroline Kantz,23,,,,,,,https://aueagles.com/sports/field-hockey/roster/caroline-kantz/7460,,23
American,2026,,Abby Perazzoli,24,,,,,,,https://aueagles.com/sports/field-hockey/roster/abby-perazzoli/7464,,23
American,2026,,Emma Guydish,26,,,,,,,https://aueagles.com/sports/field-hockey/roster/emma-guydish/7445,,23
American,2026,,Sam Kockx,27,,,,,,,https://aueagles.com/sports/field-hockey/roster/sam-kockx/7463,,23
American,2026,,Cate Jones,88,,,,,,,https://aueagles.com/sports/field-hockey/roster/cate-jones/7462,,23
American,2026,,Teagan Harmon,99,,,,,,,https://aueagles.com/sports/field-hockey/roster/teagan-harmon/7446,,23
App State,2026,,Emma Livingston,2,,,,,,,https://appstatesports.com/sports/field-hockey/roster/emma-livingston/11102,,27
App State,2026,,Darby Reyburn,3,,,,,,,https://appstatesports.com/sports/field-hockey/roster/darby-reyburn/11105,,27
App State,2026,,Baylie Phillips,4,,,,,,,https://appstatesports.com/sports/field-hockey/roster/baylie-phillips/11104,,27
App State,2026,,Rylie Novak,5,,,,,,,https://appstatesports.com/sports/field-hockey/roster/rylie-novak/11111,,27
App State,2026,,Sarah Callery,7,,,,,,,https://appstatesports.com/sports/field-hockey/roster/sarah-callery/11150,,27
App State,2026,,Ellie DeHart,9,,,,,,,https://appstatesports.com/sports/field-hockey/roster/ellie-dehart/11098,,27
App State,2026,,Reagan Bailey,10,,,,,,,https://appstatesports.com/sports/field-hockey/roster/reagan-bailey/11107,,27
App State,2026,,Carlotta Fabian,12,,,,,,,https://appstatesports.com/sports/field-hockey/roster/carlotta-fabian/11100,,27
App State,2026,,Chloe Hook,13,,,,,,,https://appstatesports.com/sports/field-hockey/roster/chloe-hook/11108,,27
App State,2026,,Madie Baker,14,,,,,,,https://appstatesports.com/sports/field-hockey/roster/madie-baker/11112,,27
App State,2026,,Kassie Paul,16,,,,,,,https://appstatesports.com/sports/field-hockey/roster/kassie-paul/11103,,27
App State,2026,,Amparo Figueroa,21,,,,,,,https://appstatesports.com/sports/field-hockey/roster/amparo-figueroa/11113,,27
App State,2026,,Brynn Shaffer,22,,,,,,,https://appstatesports.com/sports/field-hockey/roster/brynn-shaffer/11114,,27
App State,2026,,Sophia Baxter,24,,,,,,,https://appstatesports.com/sports/field-hockey/roster/sophia-baxter/11096,,27
App State,2026,,Mai Hattori,25,,,,,,,https://appstatesports.com/sports/field-hockey/roster/mai-hattori/11269,,27
App State,2026,,Jackie Kerner,27,,,,,,,https://appstatesports.com/sports/field-hockey/roster/jackie-kerner/11109,,27
App State,2026,,Morgan Hook,33,,,,,,,https://appstatesports.com/sports/field-hockey/roster/morgan-hook/11110,,27
App State,2026,,Calista Schwartz,34,,,,,,,https://appstatesports.com/sports/field-hockey/roster/calista-schwartz/11106,,27
App State,2026,,Dakota Anderson,77,,,,,,,https://appstatesports.com/sports/field-hockey/roster/dakota-anderson/11095,,27
App State,2026,,Grace Bramble,99,,,,,,,https://appstatesports.com/sports/field-hockey/roster/grace-bramble/11097,,27
Ball St.,2026,,Avery Lasky,2,M,,,"Flourtown, Pa.",,Mount St Joseph Academy,https://ballstatesports.com/sports/field-hockey/roster/avery-lasky/13525,Freshman,47
Ball St.,2026,,Emily Kate Covert,4,F,,,"Dexter, Mich.",,Dexter,https://ballstatesports.com/sports/field-hockey/roster/emily-kate-covert/13504,Junior,47
Ball St.,2026,,Jade Vandevoorde,5,F,,,Belgium,,,https://ballstatesports.com/sports/field-hockey/roster/jade-vandevoorde/13517,Sophomore,47
Ball St.,2026,,Caroline Massey,6,F,,,"Louisville, Ky.",,Ballard,https://ballstatesports.com/sports/field-hockey/roster/caroline-massey/13512,Junior,47
Ball St.,2026,,Ella Miller,7,M,,,"Louisville, Ky.",,Ballard,https://ballstatesports.com/sports/field-hockey/roster/ella-miller/13522,Freshman,47
Ball St.,2026,,Vivienne Quinn,8,M,,,"Downington, Pa.",,Downingtown West High,https://ballstatesports.com/sports/field-hockey/roster/vivienne-quinn/13521,Freshman,47
Ball St.,2026,,Caity McGough,9,M,,,"Millersville, Pa.",,Penn Manor,https://ballstatesports.com/sports/field-hockey/roster/caity-mcgough/13513,Senior,47
Ball St.,2026,,Emalene Harter,10,M,,,"Richmond, Va.",,St. Catherine's School,https://ballstatesports.com/sports/field-hockey/roster/emalene-harter/13507,Junior,47
Ball St.,2026,,Julia Verratti,11,F,,,"Williamstown, N.J.",,Williamstown,https://ballstatesports.com/sports/field-hockey/roster/julia-verratti/13518,Senior,47
Ball St.,2026,,Martina Pratt,12,M,,,"Barcelona, Spain",,Club Junior De Sant Cugat,https://ballstatesports.com/sports/field-hockey/roster/martina-pratt/13523,Freshman,47
Ball St.,2026,,Lauren Lewis,13,M,,,"Hull, England",,Hymers College,https://ballstatesports.com/sports/field-hockey/roster/lauren-lewis/13511,Junior,47
Ball St.,2026,,Lois van Wijk,14,D,,,"Naarden, Netherlands",,,https://ballstatesports.com/sports/field-hockey/roster/lois-van-wijk/13516,Sophomore,47
Ball St.,2026,,Ellie Francois,16,D,,,"Kirkwood, Mo.",,Kirkwood,https://ballstatesports.com/sports/field-hockey/roster/ellie-francois/13505,Senior,47
Ball St.,2026,,Chidochashe Munyonga,17,F,,,"Harare, Zimbabwe",,,https://ballstatesports.com/sports/field-hockey/roster/chidochashe-munyonga/13514,Sophomore,47
Ball St.,2026,,Sage Pilarski,18,D,,,"Macungie, Pa.",,Emmaus,https://ballstatesports.com/sports/field-hockey/roster/sage-pilarski/13526,Junior,47
Ball St.,2026,,Jemimah Kriechelberg,19,F,,,"Houthalen-Helchgeren, Belgium",,,https://ballstatesports.com/sports/field-hockey/roster/jemimah-kriechelberg/13510,Senior,47
Ball St.,2026,,Braiden Scheffler,20,M,,,"Chelsea, Mich.",,Chelsea High School,https://ballstatesports.com/sports/field-hockey/roster/braiden-scheffler/13515,Sophomore,47
Ball St.,2026,,GiGi Ranoldo,21,F,,,"Cheshire, Conn.",,Chesire,https://ballstatesports.com/sports/field-hockey/roster/gigi-ranoldo/13519,Junior,47
Ball St.,2026,,Kaitlyn Talley,22,F,,,"Woodbine, Md.",,Glenleg,https://ballstatesports.com/sports/field-hockey/roster/kaitlyn-talley/13520,Freshman,47
Ball St.,2026,,Isabella Fölster,23,F,,,"Hamburg, Germany",,Sophie-Barat-Schule,https://ballstatesports.com/sports/field-hockey/roster/isabella-flster/13527,Sophomore,47
Ball St.,2026,,Tayla Grabham,28,D,,,Australia,,NSW State U18 (and U21),https://ballstatesports.com/sports/field-hockey/roster/tayla-grabham/13524,Freshman,47
Ball St.,2026,,Cali Hyman,44,GK,,,"Chesapeake, Va.",,Grassfield High School,https://ballstatesports.com/sports/field-hockey/roster/cali-hyman/13509,Sophomore,47
Ball St.,2026,,Carleigh Hofelich,75,GK,,,"Louisville, Ky.",,Assumption,https://ballstatesports.com/sports/field-hockey/roster/carleigh-hofelich/13508,Senior,47
Bellarmine,2026,,Mia Booth,1,,,,,,,https://athletics.bellarmine.edu/sports/field-hockey/roster/mia-booth/10168,,52
Bellarmine,2026,,Reilly Casey,2,,,,,,,https://athletics.bellarmine.edu/sports/field-hockey/roster/reilly-casey/10170,,52
Bellarmine,2026,,Annie McCarthy,3,,,,,,,https://athletics.bellarmine.edu/sports/field-hockey/roster/annie-mccarthy/10177,,52
Bellarmine,2026,,Brooke Buchanan,4,,,,,,,https://athletics.bellarmine.edu/sports/field-hockey/roster/brooke-buchanan/10169,,52
Bellarmine,2026,,Anouk Richters,5,,,,,,,https://athletics.bellarmine.edu/sports/field-hockey/roster/anouk-richters/10180,,52
Bellarmine,2026,,Blair Bowman,6,,,,,,,https://athletics.bellarmine.edu/sports/field-hockey/roster/blair-bowman/10223,,52
Bellarmine,2026,,Dominique Hudson,7,,,,,,,https://athletics.bellarmine.edu/sports/field-hockey/roster/dominique-hudson/10173,,52
Bellarmine,2026,,Luna Tuncay,8,,,,,,,https://athletics.bellarmine.edu/sports/field-hockey/roster/luna-tuncay/10182,,52
Bellarmine,2026,,Wende de Witte,9,,,,,,,https://athletics.bellarmine.edu/sports/field-hockey/roster/wende-de-witte/10224,,52
Bellarmine,2026,,Lilli Vera,10,,,,,,,https://athletics.bellarmine.edu/sports/field-hockey/roster/lilli-vera/10183,,52
Bellarmine,2026,,Eve Gladys,11,,,,,,,https://athletics.bellarmine.edu/sports/field-hockey/roster/eve-gladys/10172,,52
Bellarmine,2026,,Mira Alcorn,12,,,,,,,https://athletics.bellarmine.edu/sports/field-hockey/roster/mira-alcorn/10166,,52
Bellarmine,2026,,Kaylah Eashoo,13,,,,,,,https://athletics.bellarmine.edu/sports/field-hockey/roster/kaylah-eashoo/10226,,52
Bellarmine,2026,,Mia Gladys,14,,,,,,,https://athletics.bellarmine.edu/sports/field-hockey/roster/mia-gladys/10227,,52
Bellarmine,2026,,Amy Stripling,15,,,,,,,https://athletics.bellarmine.edu/sports/field-hockey/roster/amy-stripling/10230,,52
Bellarmine,2026,,Amber Lacy,17,,,,,,,https://athletics.bellarmine.edu/sports/field-hockey/roster/amber-lacy/10175,,52
Bellarmine,2026,,Isabella Diaz,18,,,,,,,https://athletics.bellarmine.edu/sports/field-hockey/roster/isabella-diaz/10225,,52
Bellarmine,2026,,Cami Paris,21,,,,,,,https://athletics.bellarmine.edu/sports/field-hockey/roster/cami-paris/10178,,52
Bellarmine,2026,,Annie Malloy,22,,,,,,,https://athletics.bellarmine.edu/sports/field-hockey/roster/annie-malloy/10176,,52
Bellarmine,2026,,Lauren Shasteen,23,,,,,,,https://athletics.bellarmine.edu/sports/field-hockey/roster/lauren-shasteen/10229,,52
Bellarmine,2026,,Skylar Sokal,24,,,,,,,https://athletics.bellarmine.edu/sports/field-hockey/roster/skylar-sokal/10181,,52
Bellarmine,2026,,Yasmine Bounoua,25,,,,,,,https://athletics.bellarmine.edu/sports/field-hockey/roster/yasmine-bounoua/10222,,52
Bellarmine,2026,,Ella Bonnell,37,,,,,,,https://athletics.bellarmine.edu/sports/field-hockey/roster/ella-bonnell/10167,,52
Bellarmine,2026,,Megan Clauser,95,,,,,,,https://athletics.bellarmine.edu/sports/field-hockey/roster/megan-clauser/10171,,52
Bellarmine,2026,,Martha Hoefer,99,,,,,,,https://athletics.bellarmine.edu/sports/field-hockey/roster/martha-hoefer/10228,,52
Boston College,2026,,Sophia Sisco,1,M,5' 2'',,"Fairfield, N.J.",,West Essex Regional High School,https://bceagles.com/sports/field-hockey/roster/sophia-sisco/27004,Sophomore,67
Boston College,2026,,Klara Mueffelmann,2,F,5' 6'',,"Greenwich, Conn.",,Greenwich High School,https://bceagles.com/sports/field-hockey/roster/klara-mueffelmann/27032,Senior,67
Boston College,2026,,Alex De Cain,3,M,5' 6'',,"Brynn Mawr, Pa.",,Radnor High School,https://bceagles.com/sports/field-hockey/roster/alex-de-cain/27026,Sophomore,67
Boston College,2026,,Laila Rosenquest,4,M,5' 3'',,"Carmel, N.Y.",,Carmel High School,https://bceagles.com/sports/field-hockey/roster/laila-rosenquest/27019,Senior,67
Boston College,2026,,Regan Welsh,5,F,5' 2'',,"West Chester, Pa.",,Downingtown West High School,https://bceagles.com/sports/field-hockey/roster/regan-welsh/27041,Freshman,67
Boston College,2026,,Madeline Leigh,6,D,5' 9'',,"Auckland, New Zealand",,Saint Kentigern College,https://bceagles.com/sports/field-hockey/roster/madeline-leigh/27030,Senior,67
Boston College,2026,,Melea Weber,7,F,5' 6'',,"Macungie, Pa.",,Emmaus,https://bceagles.com/sports/field-hockey/roster/melea-weber/27023,Junior,67
Boston College,2026,,Maisy Ricciardelli,8,M,5' 7'',,"New Canaan, Conn.",,The Taft School,https://bceagles.com/sports/field-hockey/roster/maisy-ricciardelli/27001,Junior,67
Boston College,2026,,Caroline Chisholm,9,F,5' 7'',,"Villanova, Pa.",,Agnes Irwin High School,https://bceagles.com/sports/field-hockey/roster/caroline-chisholm/27008,Sophomore,67
Boston College,2026,,Lilly Pergola,10,D,5' 8'',,"Norfolk, Mass.",,Newton Country Day School,https://bceagles.com/sports/field-hockey/roster/lilly-pergola/27016,Sophomore,67
Boston College,2026,,Kate Bock,11,F,5' 5'',,"Darien, Conn.",,Darien High School,https://bceagles.com/sports/field-hockey/roster/kate-bock/27024,Sophomore,67
Boston College,2026,,Ike Jakobsen,12,M,5' 7'',,"The Hague, Netherlands",,Maerlant Lyceum,https://bceagles.com/sports/field-hockey/roster/ike-jakobsen/27042,Freshman,67
Boston College,2026,,Carmen Chiu,13,M,5' 4'',,"Hilversum, Netherlands",,Alberdingk Thijm College,https://bceagles.com/sports/field-hockey/roster/carmen-chiu/27043,Freshman,67
Boston College,2026,,Maeve Seeger,15,M,5' 5'',,"Bryn Mawr, Pa.",,Academy of Notre Dame de Namur,https://bceagles.com/sports/field-hockey/roster/maeve-seeger/27037,Junior,67
Boston College,2026,,Madelieve Drion,16,F,5' 7'',,"Amstelveen, Netherlands",,Keizer Karel College,https://bceagles.com/sports/field-hockey/roster/madelieve-drion/26993,Senior,67
Boston College,2026,,Lucy Parker,17,M,5' 3'',,"Andover, Mass.",,Phillips Academy Andover,https://bceagles.com/sports/field-hockey/roster/lucy-parker/27046,Freshman,67
Boston College,2026,,Ava Meehan,18,F,5' 2'',,"Norfolk, Mass.",,Bishop Feehan,https://bceagles.com/sports/field-hockey/roster/ava-meehan/26997,Junior,67
Boston College,2026,,Jo VanHoutan,20,D,5' 9'',,"Houston, Texas",,St. John's School,https://bceagles.com/sports/field-hockey/roster/jo-vanhoutan/27047,Freshman,67
Boston College,2026,,Caroline Powell,22,D,5' 5'',,"Phoenixville, Pa.",,Episcopal Academy,https://bceagles.com/sports/field-hockey/roster/caroline-powell/27034,Sophomore,67
Boston College,2026,,Milou Klein,23,M,5' 9'',,"The Hague, South-Holland",,"Maerlant-Lyceum, The Hague",https://bceagles.com/sports/field-hockey/roster/milou-klein/27049,Graduate,67
Boston College,2026,,Maren Boyle,24,F,5' 9'',,"Scituate, Mass.",,Phillips Academy,https://bceagles.com/sports/field-hockey/roster/maren-boyle/27051,Freshman,67
Boston College,2026,,Charlotte Kramer,33,GK,5' 7'',,"Severna Park, Md",,Severna Park,https://bceagles.com/sports/field-hockey/roster/charlotte-kramer/27012,Senior,67
Boston College,2026,,Arianna Fragomeni,99,GK,5' 4'',,"Mountain Lakes, N.J.",,Mountain Lakes,https://bceagles.com/sports/field-hockey/roster/arianna-fragomeni/27052,Freshman,67
Boston U.,2026,,Maddie Hudson,1,M,5' 7'',,"Palmyra, Pa.",,Palmyra Area,https://goterriers.com/sports/field-hockey/roster/maddie-hudson/27375,Graduate,68
Boston U.,2026,,Mallory Hudson,2,M,5' 7'',,"Palmyra, Pa.",,Palmyra Area,https://goterriers.com/sports/field-hockey/roster/mallory-hudson/27376,Sophomore,68
Boston U.,2026,,Bella Bergner,3,M,5' 3'',,"Louisville, Ky.",,Assumption,https://goterriers.com/sports/field-hockey/roster/bella-bergner/27369,Senior,68
Boston U.,2026,,Olivia Hammer,4,F,5' 4'',,"Newcastle, N.H.",,The Governor's Academy,https://goterriers.com/sports/field-hockey/roster/olivia-hammer/27374,Senior,68
Boston U.,2026,,Milena Franco Ferreiro,5,M,5' 8'',,"Buenos Aires, Argentina",,ORT Belgrano,https://goterriers.com/sports/field-hockey/roster/milena-franco-ferreiro/27386,Freshman,68
Boston U.,2026,,Nicole Lauro,6,M,5' 4'',,"Buenos Aires, Argentina",,Escuela Normal Superior en Lenguas Vivas,https://goterriers.com/sports/field-hockey/roster/nicole-lauro/27379,Senior,68
Boston U.,2026,,Lucy Johnson,7,F,5' 5'',,"Portland, Maine",,Cheverus,https://goterriers.com/sports/field-hockey/roster/lucy-johnson/27378,Sophomore,68
Boston U.,2026,,Tiger Fellner,8,M,5' 8'',,"London, England",,Latymer Upper School,https://goterriers.com/sports/field-hockey/roster/tiger-fellner/27385,Freshman,68
Boston U.,2026,,Jenna Park,9,M,5' 7'',,"Edinburgh, Scotland",,The Edinburgh Academy,https://goterriers.com/sports/field-hockey/roster/jenna-park/27389,Freshman,68
Boston U.,2026,,Shea Freda,10,D,5' 7'',,"Lexington, Mass.",,Phillips Academy Andover,https://goterriers.com/sports/field-hockey/roster/shea-freda/27373,Junior,68
Boston U.,2026,,Frederique van Beijma,11,M,5' 8'',,"Bloemendaal, The Netherlands",,Stedelijk Gymnasium Haarlem,https://goterriers.com/sports/field-hockey/roster/frederique-van-beijma/27388,Freshman,68
Boston U.,2026,,Maggie Driscoll,14,M,5' 5'',,"Watertown, Mass.",,Watertown,https://goterriers.com/sports/field-hockey/roster/maggie-driscoll/27371,Senior,68
Boston U.,2026,,Molly Driscoll,15,F,5' 4'',,"Watertown, Mass.",,Watertown,https://goterriers.com/sports/field-hockey/roster/molly-driscoll/27372,Sophomore,68
Boston U.,2026,,Bella Cloutier,16,F,5' 6'',,"South Portland, Maine",,Northfield Mount Hermon,https://goterriers.com/sports/field-hockey/roster/bella-cloutier/27370,Senior,68
Boston U.,2026,,Caroline O'Brien,20,F,5' 6'',,"Devon, Pa.",,Villa Maria Academy,https://goterriers.com/sports/field-hockey/roster/caroline-obrien/27380,Graduate,68
Boston U.,2026,,Ailsa Hemeon,21,F,5' 6'',,"Bethesda, Md.",,Connelly School of the Holy Child,https://goterriers.com/sports/field-hockey/roster/ailsa-hemeon/27387,Freshman,68
Boston U.,2026,,Alex Purcell,22,D,5' 5'',,"Dublin, Ireland",,Holy Child School Killiney,https://goterriers.com/sports/field-hockey/roster/alex-purcell/27382,Senior,68
Boston U.,2026,,Rachel Turer,24,D,5' 5'',,"South Windsor, Conn.",,The Taft School,https://goterriers.com/sports/field-hockey/roster/rachel-turer/27383,Sophomore,68
Boston U.,2026,,Lily Johnson,26,D,5' 7'',,"Portland, Maine",,Cheverus,https://goterriers.com/sports/field-hockey/roster/lily-johnson/27377,Junior,68
Boston U.,2026,,Sophie Ortyl,96,GK,5' 5'',,"Lexington, Mass.",,Lexington,https://goterriers.com/sports/field-hockey/roster/sophie-ortyl/27381,Senior,68
Boston U.,2026,,Anna Wilson,99,GK,5' 5'',,"Ballynure, Northern Ireland",,Methodist College,https://goterriers.com/sports/field-hockey/roster/anna-wilson/27384,Sophomore,68
Brown,2026,,Mia Karine Myklebust,1,M,5' 8'',,"Los Gatos, Calif.",,Leigh High School,https://brownbears.com/sports/field-hockey/roster/mia-karine-myklebust/23823,Senior,80
Brown,2026,,Kiersten Smith,2,F,5' 3'',,"Buffalo, N.Y.",,Nichols School,https://brownbears.com/sports/field-hockey/roster/kiersten-smith/23829,Junior,80
Brown,2026,,Zoe Lawrence,3,F,5' 6'',,"Oxshott, U.K.",,Wellington College,https://brownbears.com/sports/field-hockey/roster/zoe-lawrence/23818,Senior,80
Brown,2026,,Grace Almeida,4,F,5' 2'',,"New Canaan, Conn.",,Greens Farms Academy,https://brownbears.com/sports/field-hockey/roster/grace-almeida/23811,Sophomore,80
Brown,2026,,Julia Lattuada,5,M,5' 6'',,"Greenwich, Conn.",,Greenwich,https://brownbears.com/sports/field-hockey/roster/julia-lattuada/23834,Freshman,80
Brown,2026,,Ashley Paturzo,6,D,5' 6'',,"Harleysville, Pa.",,Souderton Area,https://brownbears.com/sports/field-hockey/roster/ashley-paturzo/23825,Junior,80
Brown,2026,,Sophia Clark,7,F,5' 6'',,"Tadworth, Surrey",,The Hun School of Princeton,https://brownbears.com/sports/field-hockey/roster/sophia-clark/23814,Sophomore,80
Brown,2026,,Kate Lahoti,8,M,5' 4'',,"Houston, Texas",,Episcopal High School,https://brownbears.com/sports/field-hockey/roster/kate-lahoti/23833,Freshman,80
Brown,2026,,Ellie Burger,9,F,5' 9'',,"Bellaire, Texas",,St. John's School,https://brownbears.com/sports/field-hockey/roster/ellie-burger/23813,Sophomore,80
Brown,2026,,Kate Siedem,10,M,5' 9'',,"Madison, N.J.",,Oak Knoll,https://brownbears.com/sports/field-hockey/roster/kate-siedem/23828,Senior,80
Brown,2026,,Claire McKnight,11,F,5' 2'',,"Fort Worth, Texas",,Trinity Valley School,https://brownbears.com/sports/field-hockey/roster/claire-mcknight/23832,Freshman,80
Brown,2026,,Estelle Ballet,12,M,5' 8'',,"St. Louis, Mo.",,John Burroughs School,https://brownbears.com/sports/field-hockey/roster/estelle-ballet/23812,Senior,80
Brown,2026,,Alexandra Madrid,13,M,5' 3'',,"Houston, Texas",,St. John’s School,https://brownbears.com/sports/field-hockey/roster/alexandra-madrid/23820,Junior,80
Brown,2026,,Juliette Meijaard,14,F,5' 5'',,"Rotterdam, Netherlands",,Erasmiaans Gymnasium Rotterdam,https://brownbears.com/sports/field-hockey/roster/juliette-meijaard/23821,Senior,80
Brown,2026,,Daisy Tuthill,15,D,5' 8'',,"Aberdovey, Wales",,Malvern College,https://brownbears.com/sports/field-hockey/roster/daisy-tuthill/23830,Sophomore,80
Brown,2026,,Emily Jury,16,M,5' 3'',,"Crediton, Devon, England",,Blundells School,https://brownbears.com/sports/field-hockey/roster/emily-jury/23817,Sophomore,80
Brown,2026,,Frances Moriniere,17,F,5' 7'',,"Houston, Texas",,St. John's School,https://brownbears.com/sports/field-hockey/roster/frances-moriniere/23822,Senior,80
Brown,2026,,Lizzie Loftus,18,D,5' 4'',,"Watertown, Mass.",,Watertown,https://brownbears.com/sports/field-hockey/roster/lizzie-loftus/23819,Senior,80
Brown,2026,,Sadie Schultz,21,M,5' 8'',,"Ann Arbor, Mich.",,Ann Arbor Skyline,https://brownbears.com/sports/field-hockey/roster/sadie-schultz/23826,Junior,80
Brown,2026,,Gretchen Scott,22,M,5' 6'',,"Norfolk, Va.",,Norfolk Academy,https://brownbears.com/sports/field-hockey/roster/gretchen-scott/23827,Junior,80
Brown,2026,,Mary Gilman,27,D,5' 9'',,"Lebanon, N.J.",,Episcopal Academy,https://brownbears.com/sports/field-hockey/roster/mary-gilman/23816,Senior,80
Brown,2026,,Kylee Del Monte,33,GK,5' 9'',,"San Diego, Calif.",,Scripps Ranch,https://brownbears.com/sports/field-hockey/roster/kylee-del-monte/23815,Senior,80
Brown,2026,,Ellie Parker,36,GK,5' 7'',,"Andover, Mass.",,Phillips Academy Andover,https://brownbears.com/sports/field-hockey/roster/ellie-parker/23824,Sophomore,80
Bryant,2026,,Megan Smith,1,,,,,,,https://bryantbulldogs.com/sports/field-hockey/roster/megan-smith/18458,,81
Bryant,2026,,Riley Morris,2,,,,,,,https://bryantbulldogs.com/sports/field-hockey/roster/riley-morris/18460,,81
Bryant,2026,,Elsa Bishop,3,,,,,,,https://bryantbulldogs.com/sports/field-hockey/roster/elsa-bishop/18443,,81
Bryant,2026,,Carly Dimock,4,,,,,,,https://bryantbulldogs.com/sports/field-hockey/roster/carly-dimock/18449,,81
Bryant,2026,,Jordi Higgins,5,,,,,,,https://bryantbulldogs.com/sports/field-hockey/roster/jordi-higgins/18461,,81
Bryant,2026,,Lucy Nissen,6,,,,,,,https://bryantbulldogs.com/sports/field-hockey/roster/lucy-nissen/18462,,81
Bryant,2026,,Jasmijn van Leeuwen,7,,,,,,,https://bryantbulldogs.com/sports/field-hockey/roster/jasmijn-van-leeuwen/18463,,81
Bryant,2026,,Kerin Birch,8,,,,,,,https://bryantbulldogs.com/sports/field-hockey/roster/kerin-birch/18442,,81
Bryant,2026,,India Hayes,9,,,,,,,https://bryantbulldogs.com/sports/field-hockey/roster/india-hayes/18451,,81
Bryant,2026,,Maddy DeFilippo,10,,,,,,,https://bryantbulldogs.com/sports/field-hockey/roster/maddy-defilippo/18446,,81
Bryant,2026,,Ellie Picard,11,,,,,,,https://bryantbulldogs.com/sports/field-hockey/roster/ellie-picard/18456,,81
Bryant,2026,,Elyse Bouchard,12,,,,,,,https://bryantbulldogs.com/sports/field-hockey/roster/elyse-bouchard/18444,,81
Bryant,2026,,Valentina Funes,13,,,,,,,https://bryantbulldogs.com/sports/field-hockey/roster/valentina-funes/18690,,81
Bryant,2026,,Ella Murphy,14,,,,,,,https://bryantbulldogs.com/sports/field-hockey/roster/ella-murphy/18455,,81
Bryant,2026,,Emerson Johnson,15,,,,,,,https://bryantbulldogs.com/sports/field-hockey/roster/emerson-johnson/18452,,81
Bryant,2026,,Ainara Xarau,17,,,,,,,https://bryantbulldogs.com/sports/field-hockey/roster/ainara-xarau/18464,,81
Bryant,2026,,Liv Martino,18,,,,,,,https://bryantbulldogs.com/sports/field-hockey/roster/liv-martino/18454,,81
Bryant,2026,,Sasha Hammomd,19,,,,,,,https://bryantbulldogs.com/sports/field-hockey/roster/sasha-hammomd/18465,,81
Bryant,2026,,Callie Caito,20,,,,,,,https://bryantbulldogs.com/sports/field-hockey/roster/callie-caito/18445,,81
Bryant,2026,,Julie Diderich,21,,,,,,,https://bryantbulldogs.com/sports/field-hockey/roster/julie-diderich/18448,,81
Bryant,2026,,Maud van Lierop,22,,,,,,,https://bryantbulldogs.com/sports/field-hockey/roster/maud-van-lierop/18459,,81
Bryant,2026,,Alexa Sedicino,24,,,,,,,https://bryantbulldogs.com/sports/field-hockey/roster/alexa-sedicino/18457,,81
Bryant,2026,,Claire Joss,25,,,,,,,https://bryantbulldogs.com/sports/field-hockey/roster/claire-joss/18453,,81
Bryant,2026,,Gabrielle Dwyer,27,,,,,,,https://bryantbulldogs.com/sports/field-hockey/roster/gabrielle-dwyer/18450,,81
Bryant,2026,,Moira Kenneally,33,,,,,,,https://bryantbulldogs.com/sports/field-hockey/roster/moira-kenneally/18466,,81
Bryant,2026,,Sara DeSousa,99,,,,,,,https://bryantbulldogs.com/sports/field-hockey/roster/sara-desousa/18447,,81
Bucknell,2026,,Ryane Fisahn,1,F,5' 7'',,"Point Pleasant, N.J.",,Point Pleasant Boro,https://bucknellbison.com/sports/field-hockey/roster/ryane-fisahn/13789,Senior,83
Bucknell,2026,,Sally Hunter,2,M,5' 3'',,"Beverly, Mass.",,Philips Exeter Academy,https://bucknellbison.com/sports/field-hockey/roster/sally-hunter/13790,Junior,83
Bucknell,2026,,Juliana Serafin,3,M,5' 5'',,"Camp Hill, Pa.",,Trinity,https://bucknellbison.com/sports/field-hockey/roster/juliana-serafin/14164,Freshman,83
Bucknell,2026,,Lauren Sanford,4,D,5' 3'',,"Virginia Beach, Va.",,Frank W. Cox,https://bucknellbison.com/sports/field-hockey/roster/lauren-sanford/13797,Senior,83
Bucknell,2026,,Gracie Kothari,5,M,5' 7'',,"Owings Mills, Md.",,Garrison Forest,https://bucknellbison.com/sports/field-hockey/roster/gracie-kothari/13791,Sophomore,83
Bucknell,2026,,Aubrey DelOrefice,6,D,5' 7'',,"Berwyn, Pa.",,Conestoga,https://bucknellbison.com/sports/field-hockey/roster/aubrey-delorefice/14157,Freshman,83
Bucknell,2026,,Julia Corropolese,7,D,5' 5'',,"Royersford, Pa.",,Springford,https://bucknellbison.com/sports/field-hockey/roster/julia-corropolese/13786,Senior,83
Bucknell,2026,,Franca Eigen,8,D,5' 7'',,"Mettmann, Germany",,Konrad Heresbach Gymnasium,https://bucknellbison.com/sports/field-hockey/roster/franca-eigen/14159,Freshman,83
Bucknell,2026,,Bella Notaro,9,F,5' 7'',,"Newtown Square, Pa.",,Episcopal Academy,https://bucknellbison.com/sports/field-hockey/roster/bella-notaro/13795,Junior,83
Bucknell,2026,,Carolyn Schiavo,10,F,5' 1'',,"Canton, Mass.",,Canton,https://bucknellbison.com/sports/field-hockey/roster/carolyn-schiavo/14162,Freshman,83
Bucknell,2026,,Elodie Nevitt,11,F,5' 7'',,"Brighton, England",,Roedean School,https://bucknellbison.com/sports/field-hockey/roster/elodie-nevitt/13794,Sophomore,83
Bucknell,2026,,Clara Espenshade,12,D,5' 8'',,"Baltimore, Md.",,Bryn Mawr School For Girls,https://bucknellbison.com/sports/field-hockey/roster/clara-espenshade/14160,Freshman,83
Bucknell,2026,,Paige McMeekin,13,M,5' 7'',,"Newtown Square, Pa.",,Episcopal Academy,https://bucknellbison.com/sports/field-hockey/roster/paige-mcmeekin/13793,Junior,83
Bucknell,2026,,Luci DiTosto,14,M,5' 7'',,"Short Hills, N.J.",,The Pingry School,https://bucknellbison.com/sports/field-hockey/roster/luci-ditosto/14158,Freshman,83
Bucknell,2026,,Alexis Schulz,18,M,5' 8'',,"Hummelstown, Pa.",,Hershey,https://bucknellbison.com/sports/field-hockey/roster/alexis-schulz/14163,Freshman,83
Bucknell,2026,,Brooke Parker,19,D,5' 8'',,"Havertown, Pa.",,Haverford High,https://bucknellbison.com/sports/field-hockey/roster/brooke-parker/13796,Sophomore,83
Bucknell,2026,,Sylvie McCarroll,20,M,5' 5'',,"Cardiff, Wales",,The Cathedral School,https://bucknellbison.com/sports/field-hockey/roster/sylvie-mccarroll/14161,Freshman,83
Bucknell,2026,,Katie Lintz,21,F,5' 5'',,"Palmyra, Pa.",,Palmyra,https://bucknellbison.com/sports/field-hockey/roster/katie-lintz/13792,Senior,83
Bucknell,2026,,McKenna Wilson,22,M,5' 6'',,"Clayton, Del.",,Smyrna,https://bucknellbison.com/sports/field-hockey/roster/mckenna-wilson/14165,Freshman,83
Bucknell,2026,,Sarah Althouse,24,GK,5' 6'',,"Reading, Pa.",,Muhlenburg,https://bucknellbison.com/sports/field-hockey/roster/sarah-althouse/13784,Senior,83
Bucknell,2026,,Abby Zanelli,99,GK,5' 7'',,"Caldwell, N.J.",,West Essex,https://bucknellbison.com/sports/field-hockey/roster/abby-zanelli/13799,Junior,83
California,2026,,Delphine Ayitey-Hammond,1,,,,,,,https://calbears.com/sports/field-hockey/roster/delphine-ayitey-hammond/27707,,107
California,2026,,Samantha Reder,2,,,,,,,https://calbears.com/sports/field-hockey/roster/samantha-reder/27728,,107
California,2026,,Cato Arlman,3,,,,,,,https://calbears.com/sports/field-hockey/roster/cato-arlman/27840,,107
California,2026,,Liz Klompmaker,4,,,,,,,https://calbears.com/sports/field-hockey/roster/liz-klompmaker/27719,,107
California,2026,,Holly Pears,6,,,,,,,https://calbears.com/sports/field-hockey/roster/holly-pears/27725,,107
California,2026,,Josefina Moyano,7,,,,,,,https://calbears.com/sports/field-hockey/roster/josefina-moyano/27723,,107
California,2026,,Maya Hoepfner,9,,,,,,,https://calbears.com/sports/field-hockey/roster/maya-hoepfner/27714,,107
California,2026,,Laura Becker,10,,,,,,,https://calbears.com/sports/field-hockey/roster/laura-becker/27837,,107
California,2026,,Agustina Daud,11,,,,,,,https://calbears.com/sports/field-hockey/roster/agustina-daud/27710,,107
California,2026,,Flore Uges,13,,,,,,,https://calbears.com/sports/field-hockey/roster/flore-uges/27839,,107
California,2026,,Anika Miedema,15,,,,,,,https://calbears.com/sports/field-hockey/roster/anika-miedema/27722,,107
California,2026,,Jaiya Labana,16,,,,,,,https://calbears.com/sports/field-hockey/roster/jaiya-labana/27720,,107
California,2026,,Mia DiGiulio,19,,,,,,,https://calbears.com/sports/field-hockey/roster/mia-digiulio/27711,,107
California,2026,,Jessica Lewis,21,,,,,,,https://calbears.com/sports/field-hockey/roster/jessica-lewis/27721,,107
California,2026,,Maria Scocco,23,,,,,,,https://calbears.com/sports/field-hockey/roster/maria-scocco/27838,,107
California,2026,,Adya Kadam,24,,,,,,,https://calbears.com/sports/field-hockey/roster/adya-kadam/27717,,107
California,2026,,Elizabeth Edmonston,26,,,,,,,https://calbears.com/sports/field-hockey/roster/elizabeth-edmonston/27712,,107
California,2026,,Hannah Ward,28,,,,,,,https://calbears.com/sports/field-hockey/roster/hannah-ward/27732,,107
California,2026,,Emma Becker,31,,,,,,,https://calbears.com/sports/field-hockey/roster/emma-becker/27708,,107
California,2026,,Carine Van Wiechen,36,,,,,,,https://calbears.com/sports/field-hockey/roster/carine-van-wiechen/27841,,107
California,2026,,Lauren Halenkamp,44,,,,,,,https://calbears.com/sports/field-hockey/roster/lauren-halenkamp/27713,,107
Central Mich.,2026,,Lotte Jacobs,1,M,5' 11'',,"Vilvoorde, Vlaams-Brabant, Belgium",,Sint-Romboutscollege,https://cmuchippewas.com/sports/field-hockey/roster/lotte-jacobs/7610,Freshman,129
Central Mich.,2026,,Bri Eckenroth,2,F,5' 0'',,"Palmyra, Pa.",,Palmyra,https://cmuchippewas.com/sports/field-hockey/roster/bri-eckenroth/7513,Sophomore,129
Central Mich.,2026,,Pleun Van Gent,3,D,5' 7'',,"The Hague, South-Holland, The Netherlands",,Sint-Maartenscollege,https://cmuchippewas.com/sports/field-hockey/roster/pleun-van-gent/7505,Sophomore,129
Central Mich.,2026,,Judith Van Aartsen,4,GK,5' 10'',,"Overschie, Rotterdam, The Netherlands",,Erasmiaans Gymnasium,https://cmuchippewas.com/sports/field-hockey/roster/judith-van-aartsen/7611,Freshman,129
Central Mich.,2026,,Hailey Bainer,5,D,5' 8'',,"San Marcos, Calif.",,San Marcos,https://cmuchippewas.com/sports/field-hockey/roster/hailey-bainer/7506,Senior,129
Central Mich.,2026,,Sophia Havrilla,6,F,5' 1'',,"Blue Bell, Pa.",,Wissahickon,https://cmuchippewas.com/sports/field-hockey/roster/sophia-havrilla/7515,Senior,129
Central Mich.,2026,,Emma Olsen,7,M,5' 4'',,"Hakettstown, N.J.",,,https://cmuchippewas.com/sports/field-hockey/roster/emma-olsen/7528,Freshman,129
Central Mich.,2026,,Cato Baars,8,M,5' 5'',,"Nieuwegein, Utrecht, The Netherlands",,Oosterlicht College Nieuwegein,https://cmuchippewas.com/sports/field-hockey/roster/cato-baars/7612,Freshman,129
Central Mich.,2026,,Carolena Ryon,9,F,5' 4'',,"Factoryville, Pa.",,Lackawanna Trail,https://cmuchippewas.com/sports/field-hockey/roster/carolena-ryon/7523,Junior,129
Central Mich.,2026,,Violet Barton,10,M,5' 5'',,"Swathmore, Pa.",,Strath Haven,https://cmuchippewas.com/sports/field-hockey/roster/violet-barton/7507,Junior,129
Central Mich.,2026,,Annabelle Cotroneo,11,M,5' 2'',,"Pittsford, N.Y.",,Pittsford,https://cmuchippewas.com/sports/field-hockey/roster/annabelle-cotroneo/7512,Senior,129
Central Mich.,2026,,Teah Savignano,12,M,5' 3'',,"San Diego, Calif.",,Canyon Hills,https://cmuchippewas.com/sports/field-hockey/roster/teah-savignano/7503,Sophomore,129
Central Mich.,2026,,Ava Walters,13,M,5' 3'',,"Oley Valley, Pa.",,Oley Valley,https://cmuchippewas.com/sports/field-hockey/roster/ava-walters/7613,Freshman,129
Central Mich.,2026,,Mora Rulli,14,M,5' 6'',,"Cardales, Buenos Aires, Argentina",,Austin Eco Bilingual,https://cmuchippewas.com/sports/field-hockey/roster/mora-rulli/7501,Sophomore,129
Central Mich.,2026,,Madeline Wagner,15,D,5' 8'',,"Winthrop, Maine",,Winthrop,https://cmuchippewas.com/sports/field-hockey/roster/madeline-wagner/7614,Sophomore,129
Central Mich.,2026,,Madeleine Krewet,17,F,5' 5'',,"Kirkwood, Mo.",,Kirkwood,https://cmuchippewas.com/sports/field-hockey/roster/madeleine-krewet/7517,Sophomore,129
Central Mich.,2026,,Paige Stephenson,18,M,5' 4'',,"Waterboro, Maine",,Massabesic,https://cmuchippewas.com/sports/field-hockey/roster/paige-stephenson/7615,Freshman,129
Central Mich.,2026,,Ellie Mullins,21,F,,,"Marlborough, England",,Millifield,https://cmuchippewas.com/sports/field-hockey/roster/ellie-mullins/7616,Freshman,129
Central Mich.,2026,,Peyton Pallman,22,M,5' 7'',,"Clarks Summit, Pa.",,Abington Heights,https://cmuchippewas.com/sports/field-hockey/roster/peyton-pallman/7527,Junior,129
Central Mich.,2026,,Lola Pardo,23,D,5' 3'',,"Buenos Aires, Buenos Aires, Argentina",,Del Viso Day,https://cmuchippewas.com/sports/field-hockey/roster/lola-pardo/7498,Sophomore,129
Central Mich.,2026,,Molly Claus,24,D,5' 7'',,"Lambertville, N.J.",,North Hunterdon,https://cmuchippewas.com/sports/field-hockey/roster/molly-claus/7511,Junior,129
Central Mich.,2026,,AJ Walker,25,D,5' 6'',,"Palmyra, Pa.",,Palmyra,https://cmuchippewas.com/sports/field-hockey/roster/aj-walker/7617,Freshman,129
Central Mich.,2026,,Claire Dubuque,26,M,5' 3'',,"Dexter, Mich.",,Dexter,https://cmuchippewas.com/sports/field-hockey/roster/claire-dubuque/7618,Freshman,129
Central Mich.,2026,,Juana Galli,27,M,5' 8'',,"Paraná, Entre Ríos, Argentina",,Escuela del Cae,https://cmuchippewas.com/sports/field-hockey/roster/juana-galli/7619,Freshman,129
Central Mich.,2026,,Cameron Pluciennik,28,F,5' 6'',,"Antioch, Ill.",,Antioch Community,https://cmuchippewas.com/sports/field-hockey/roster/cameron-pluciennik/7520,Senior,129
Central Mich.,2026,,Jenna Billig,74,GK,5' 8'',,"Elysburg, Pa.",,Southern Columbia,https://cmuchippewas.com/sports/field-hockey/roster/jenna-billig/7508,Junior,129
Central Mich.,2026,,Anna Ruhno,92,GK,5' 5'',,"West Chester, Pa.",,Bishop Shanahan,https://cmuchippewas.com/sports/field-hockey/roster/anna-ruhno/7521,Sophomore,129
Colgate,2026,,Olivia Milia,2,,,,,,,https://colgateathletics.com/sports/field-hockey/roster/olivia-milia/23713,,153
Colgate,2026,,Georgia Lochhead,4,,,,,,,https://colgateathletics.com/sports/field-hockey/roster/georgia-lochhead/23718,,153
Colgate,2026,,Aiden Cronk,5,,,,,,,https://colgateathletics.com/sports/field-hockey/roster/aiden-cronk/23716,,153
Colgate,2026,,Maddie Rohlfing,6,,,,,,,https://colgateathletics.com/sports/field-hockey/roster/maddie-rohlfing/22017,,153
Colgate,2026,,Alli Troth,7,,,,,,,https://colgateathletics.com/sports/field-hockey/roster/alli-troth/22021,,153
Colgate,2026,,Morgan Willis,8,,,,,,,https://colgateathletics.com/sports/field-hockey/roster/morgan-willis/22025,,153
Colgate,2026,,Minah Cho,9,,,,,,,https://colgateathletics.com/sports/field-hockey/roster/minah-cho/22008,,153
Colgate,2026,,Annie Lake,10,,,,,,,https://colgateathletics.com/sports/field-hockey/roster/annie-lake/22012,,153
Colgate,2026,,Macy Rehak,11,,,,,,,https://colgateathletics.com/sports/field-hockey/roster/macy-rehak/23717,,153
Colgate,2026,,Emma Shushansky,13,,,,,,,https://colgateathletics.com/sports/field-hockey/roster/emma-shushansky/23715,,153
Colgate,2026,,Lauren Widdowson,15,,,,,,,https://colgateathletics.com/sports/field-hockey/roster/lauren-widdowson/22023,,153
Colgate,2026,,Augusta Santarelli,16,,,,,,,https://colgateathletics.com/sports/field-hockey/roster/augusta-santarelli/22020,,153
Colgate,2026,,Kate Rose,19,,,,,,,https://colgateathletics.com/sports/field-hockey/roster/kate-rose/22018,,153
Colgate,2026,,Elicia Bikhazi-Green,20,,,,,,,https://colgateathletics.com/sports/field-hockey/roster/elicia-bikhazi-green/22005,,153
Colgate,2026,,Caroline Rotteveel,22,,,,,,,https://colgateathletics.com/sports/field-hockey/roster/caroline-rotteveel/22019,,153
Colgate,2026,,Liza Rogers,25,,,,,,,https://colgateathletics.com/sports/field-hockey/roster/liza-rogers/22016,,153
Colgate,2026,,Kyleigh Welusz,27,,,,,,,https://colgateathletics.com/sports/field-hockey/roster/kyleigh-welusz/22022,,153
Colgate,2026,,Ava Poliafico,29,,,,,,,https://colgateathletics.com/sports/field-hockey/roster/ava-poliafico/22015,,153
Colgate,2026,,Kennedy Glinn,88,,,,,,,https://colgateathletics.com/sports/field-hockey/roster/kennedy-glinn/22010,,153
Colgate,2026,,Marissa Buck,96,,,,,,,https://colgateathletics.com/sports/field-hockey/roster/marissa-buck/23714,,153
Columbia,2026,,Kate Consoli,1,D,5' 2'',,"Houston, Texas",,The Kinkaid School,https://gocolumbialions.com/sports/field-hockey/roster/kate-consoli/22593,Senior,158
Columbia,2026,,Madison Kim,2,M,5' 4'',,"Bellaire, Texas",,St. John's School,https://gocolumbialions.com/sports/field-hockey/roster/madison-kim/22601,Senior,158
Columbia,2026,,Emma Reilly,3,D,5' 6'',,"Andover, Mass.",,Andover,https://gocolumbialions.com/sports/field-hockey/roster/emma-reilly/22607,Senior,158
Columbia,2026,,Sophie Green,4,F,5' 2'',,"Bryn Mawr, Pa.",,Radnor,https://gocolumbialions.com/sports/field-hockey/roster/sophie-green/22596,Sophomore,158
Columbia,2026,,Georgia Schmitz,5,M,5' 7'',,"Greenwich, Conn.",,Greenwich Academy,https://gocolumbialions.com/sports/field-hockey/roster/georgia-schmitz/22615,FY,158
Columbia,2026,,Agustina Solari Etcheberry,6,D,5' 10'',,"Santiago, Chile",,The Grange School,https://gocolumbialions.com/sports/field-hockey/roster/agustina-solari-etcheberry/22608,Sophomore,158
Columbia,2026,,Lizzie Adams,7,D,5' 9'',,"Virginia Beach, Va.",,Norfolk Academy,https://gocolumbialions.com/sports/field-hockey/roster/lizzie-adams/22590,Junior,158
Columbia,2026,,Jacinta Solari Etcheberry,8,F,5' 8'',,"Santiago, Chile",,The Grange School,https://gocolumbialions.com/sports/field-hockey/roster/jacinta-solari-etcheberry/22609,Junior,158
Columbia,2026,,Morgan Dwyer,9,M,5' 7'',,"Basking Ridge, N.J.",,The Pingry School,https://gocolumbialions.com/sports/field-hockey/roster/morgan-dwyer/22594,Sophomore,158
Columbia,2026,,Kate Kim,10,F,5' 3'',,"Glenelg, Md.",,Glenelg,https://gocolumbialions.com/sports/field-hockey/roster/kate-kim/22600,Junior,158
Columbia,2026,,Delfina Gonzalez Lobo,11,D,5' 3'',,"Greenwich, Conn.",,Sacred Heart Greenwich,https://gocolumbialions.com/sports/field-hockey/roster/delfina-gonzalez-lobo/22595,Senior,158
Columbia,2026,,Nadia Gross,12,D,5' 9'',,"Blue Bell, Pa.",,Springside Chestnut Hill Academy,https://gocolumbialions.com/sports/field-hockey/roster/nadia-gross/22612,FY,158
Columbia,2026,,Sophie Lawrence,13,M,5' 7'',,"Edinburgh, Scotland",,The Mary Erskine School,https://gocolumbialions.com/sports/field-hockey/roster/sophie-lawrence/22602,Junior,158
Columbia,2026,,Izzy Kaczor,14,F,5' 3'',,"Fair Haven, N.J.",,Rumson-Fair Haven Regional,https://gocolumbialions.com/sports/field-hockey/roster/izzy-kaczor/22598,Sophomore,158
Columbia,2026,,Nicole Campolattaro,15,F,5' 5'',,"North Caldwell, N.J.",,West Essex Regional,https://gocolumbialions.com/sports/field-hockey/roster/nicole-campolattaro/22592,Junior,158
Columbia,2026,,Brooke Liddell,16,M,5' 8'',,"Darien, Conn.",,Darien,https://gocolumbialions.com/sports/field-hockey/roster/brooke-liddell/22603,Sophomore,158
Columbia,2026,,Mckenzie Bloom,17,F,5' 6'',,"West Hartford, Conn.",,Westminster School,https://gocolumbialions.com/sports/field-hockey/roster/mckenzie-bloom/22591,Senior,158
Columbia,2026,,Kiley Liddell,19,D,5' 8'',,"Darien, Conn.",,Darien,https://gocolumbialions.com/sports/field-hockey/roster/kiley-liddell/22604,Sophomore,158
Columbia,2026,,Ashley Kim,20,F,5' 3'',,"Glenelg, Md.",,Glenelg,https://gocolumbialions.com/sports/field-hockey/roster/ashley-kim/22599,Junior,158
Columbia,2026,,Norah Veldhuizen,21,M,5' 6'',,"Amersfoort, The Netherlands",,Corderius College,https://gocolumbialions.com/sports/field-hockey/roster/norah-veldhuizen/22616,FY,158
Columbia,2026,,Maya Raphael,22,D,5' 6'',,"Bethesda, Md.",,Walt Whitman,https://gocolumbialions.com/sports/field-hockey/roster/maya-raphael/22606,Sophomore,158
Columbia,2026,,Avery Burnett,23,M,5' 5'',,"Zionsville, Pa.",,Emmaus,https://gocolumbialions.com/sports/field-hockey/roster/avery-burnett/22610,FY,158
Columbia,2026,,Marisa Rubano,24,D,5' 6'',,"Oakton, Va.",,Oakton,https://gocolumbialions.com/sports/field-hockey/roster/marisa-rubano/22614,FY,158
Columbia,2026,,Veera Chidanandan,25,F,5' 8'',,"Centreville, Va.",,Westfield,https://gocolumbialions.com/sports/field-hockey/roster/veera-chidanandan/22611,FY,158
Columbia,2026,,Ainsley Pearce,33,GK,5' 6'',,"Riva, Md.",,Archbishop Spalding,https://gocolumbialions.com/sports/field-hockey/roster/ainsley-pearce/22605,Sophomore,158
Columbia,2026,,Margot Houle,73,GK,5' 8'',,"Potomac, Md.",,Brookewood School,https://gocolumbialions.com/sports/field-hockey/roster/margot-houle/22597,Junior,158
Columbia,2026,,Audrey Owen-Smith,88,GK,5' 7'',,"Dexter, Mich.",,Dexter,https://gocolumbialions.com/sports/field-hockey/roster/audrey-owensmith/22613,FY,158
Cornell,2026,,Martha Broderick,1,,,,,,,https://cornellbigred.com/sports/field-hockey/roster/martha-broderick/84911,,167
Cornell,2026,,Emma Poplyk,3,,,,,,,https://cornellbigred.com/sports/field-hockey/roster/emma-poplyk/84925,,167
Cornell,2026,,Shea Larkee,4,,,,,,,https://cornellbigred.com/sports/field-hockey/roster/shea-larkee/84921,,167
Cornell,2026,,Rease Coleman,6,,,,,,,https://cornellbigred.com/sports/field-hockey/roster/rease-coleman/84914,,167
Cornell,2026,,Allison Plzak,7,,,,,,,https://cornellbigred.com/sports/field-hockey/roster/allison-plzak/85108,,167
Cornell,2026,,Ashley Plzak,8,,,,,,,https://cornellbigred.com/sports/field-hockey/roster/ashley-plzak/84924,,167
Cornell,2026,,Colomba Infante,9,,,,,,,https://cornellbigred.com/sports/field-hockey/roster/colomba-infante/84917,,167
Cornell,2026,,Polly Parsons,10,,,,,,,https://cornellbigred.com/sports/field-hockey/roster/polly-parsons/84923,,167
Cornell,2026,,Annabel Cheveley,12,,,,,,,https://cornellbigred.com/sports/field-hockey/roster/annabel-cheveley/84913,,167
Cornell,2026,,Clara Rogers,13,,,,,,,https://cornellbigred.com/sports/field-hockey/roster/clara-rogers/84927,,167
Cornell,2026,,Megan Devletian,15,,,,,,,https://cornellbigred.com/sports/field-hockey/roster/megan-devletian/85111,,167
Cornell,2026,,Emmy Horner,16,,,,,,,https://cornellbigred.com/sports/field-hockey/roster/emmy-horner/84916,,167
Cornell,2026,,Rebecca Block,17,,,,,,,https://cornellbigred.com/sports/field-hockey/roster/rebecca-block/85107,,167
Cornell,2026,,Amanda Park,18,,,,,,,https://cornellbigred.com/sports/field-hockey/roster/amanda-park/84922,,167
Cornell,2026,,Delaney Keegan,19,,,,,,,https://cornellbigred.com/sports/field-hockey/roster/delaney-keegan/84920,,167
Cornell,2026,,Julia Ramsey,20,,,,,,,https://cornellbigred.com/sports/field-hockey/roster/julia-ramsey/84926,,167
Cornell,2026,,Sophia Grimm,21,,,,,,,https://cornellbigred.com/sports/field-hockey/roster/sophia-grimm/84915,,167
Cornell,2026,,Gracie Buxton,22,,,,,,,https://cornellbigred.com/sports/field-hockey/roster/gracie-buxton/85112,,167
Cornell,2026,,Blake Wilks,23,,,,,,,https://cornellbigred.com/sports/field-hockey/roster/blake-wilks/84930,,167
Cornell,2026,,Chloe West,24,,,,,,,https://cornellbigred.com/sports/field-hockey/roster/chloe-west/84929,,167
Cornell,2026,,Mallory Walker,25,,,,,,,https://cornellbigred.com/sports/field-hockey/roster/mallory-walker/85110,,167
Cornell,2026,,Stella Thibeault,26,,,,,,,https://cornellbigred.com/sports/field-hockey/roster/stella-thibeault/84928,,167
Cornell,2026,,Sarah Burns,27,,,,,,,https://cornellbigred.com/sports/field-hockey/roster/sarah-burns/84912,,167
Cornell,2026,,Uma Käding,28,,,,,,,https://cornellbigred.com/sports/field-hockey/roster/uma-k-ding/84918,,167
Cornell,2026,,Claire Pausz,44,,,,,,,https://cornellbigred.com/sports/field-hockey/roster/claire-pausz/85109,,167
Cornell,2026,,Tayla Williams,88,,,,,,,https://cornellbigred.com/sports/field-hockey/roster/tayla-williams/84931,,167
Dartmouth,2026,,Kylie McKinley,1,GK,5' 10'',,"Great Falls, Va.",,Potomac School,https://dartmouthsports.com/sports/field-hockey/roster/kylie-mckinley/41630,Senior,172
Dartmouth,2026,,Raina Johns,2,D,5' 10'',,"Darien, Conn.",,Darien,https://dartmouthsports.com/sports/field-hockey/roster/raina-johns/41645,Senior,172
Dartmouth,2026,,Gemma Franco,4,F,5' 4'',,"Chicago, Ill.",,Francis W. Parker,https://dartmouthsports.com/sports/field-hockey/roster/gemma-franco/41644,Sophomore,172
Dartmouth,2026,,Ally Brosie,5,M,5' 7'',,"New Vernon, N.J.",,Madison,https://dartmouthsports.com/sports/field-hockey/roster/ally-brosie/41622,Junior,172
Dartmouth,2026,,Lilly Venezia,6,F,5' 10'',,"North Caldwell, N.J.",,Oak Knoll School,https://dartmouthsports.com/sports/field-hockey/roster/lilly-venezia/41652,Sophomore,172
Dartmouth,2026,,Riley Dumigan,7,F,5' 6'',,"Oklahoma City, Okla.",,Casady School,https://dartmouthsports.com/sports/field-hockey/roster/riley-dumigan/41643,Senior,172
Dartmouth,2026,,Amelie Luessmann,8,F,5' 6'',,"Frankfurt, Germany",,Anna-Schmidt-Schule,https://dartmouthsports.com/sports/field-hockey/roster/amelie-luessmann/41647,Junior,172
Dartmouth,2026,,Georgia Thornton,9,M,5' 7'',,"Belfast, Northern Ireland",,Strathearn School,https://dartmouthsports.com/sports/field-hockey/roster/georgia-thornton/41633,Sophomore,172
Dartmouth,2026,,Clara Fonseca,10,D,5' 3'',,"Santiago, Chile",,International School Nido de Aguilas,https://dartmouthsports.com/sports/field-hockey/roster/clara-fonseca/41655,Fy.,172
Dartmouth,2026,,Katherina Cohen,11,D,5' 5'',,"Bueno Aires, Argentina",,Colegio Tarbut,https://dartmouthsports.com/sports/field-hockey/roster/katherina-cohen/41642,Junior,172
Dartmouth,2026,,Eliza Martin,12,M,5' 6'',,"Louisville, Ky.",,Louisville Collegiate School,https://dartmouthsports.com/sports/field-hockey/roster/eliza-martin/41657,Fy.,172
Dartmouth,2026,,Lucy Langlands,13,F,5' 7'',,"Glasglow, Scotland",,The Glasglow Academy,https://dartmouthsports.com/sports/field-hockey/roster/lucy-langlands/41656,Fy.,172
Dartmouth,2026,,Ella Bowman,14,D,5' 8'',,"Aldeburgh, England",,Repton School,https://dartmouthsports.com/sports/field-hockey/roster/ella-bowman/41621,Senior,172
Dartmouth,2026,,Mackenzie Motroni,16,D,5' 3'',,"Short Hills, N.J.",,Oak Knoll School,https://dartmouthsports.com/sports/field-hockey/roster/mackenzie-motroni/41658,Fy.,172
Dartmouth,2026,,Lucia Campaño,17,M,5' 8'',,"Buenos Aires, Argentina",,St. Matthew’s College North,https://dartmouthsports.com/sports/field-hockey/roster/lucia-campao/41641,Senior,172
Dartmouth,2026,,Madeline Windsor,18,D,5' 5'',,"Hobart, Australia",,The Friends' School,https://dartmouthsports.com/sports/field-hockey/roster/madeline-windsor/41654,Sophomore,172
Dartmouth,2026,,Isabel Andrews,19,GK,5' 6'',,"Malvern, Pa.",,Episcopal Academy,https://dartmouthsports.com/sports/field-hockey/roster/isabel-andrews/41619,Junior,172
Dartmouth,2026,,Ruby Walsh,20,D,5' 7'',,"Cork, Ireland",,"Scoil Mhuire College, Cork",https://dartmouthsports.com/sports/field-hockey/roster/ruby-walsh/41635,Junior,172
Dartmouth,2026,,Ava Russo,23,D,5' 6'',,"Roseland, N.J.",,West Essex Regional,https://dartmouthsports.com/sports/field-hockey/roster/ava-russo/41631,Sophomore,172
Dartmouth,2026,,Alex Sewell,24,F,5' 10'',,"London, England",,Woldingham,https://dartmouthsports.com/sports/field-hockey/roster/alex-sewell/41650,Senior,172
Dartmouth,2026,,Julie Seth,28,GK,5' 8'',,"Washington, D.C.",,Bullis School,https://dartmouthsports.com/sports/field-hockey/roster/julie-seth/41659,Fy.,172
Dartmouth,2026,,Maria Ariza Solans,29,F,5' 3'',,"Castelldefels, Spain",,Charterhouse School,https://dartmouthsports.com/sports/field-hockey/roster/maria-ariza-solans/41620,Sophomore,172
Dartmouth,2026,,McLaine Leik,30,D,5' 10'',,"Chicago, Ill.",,Latin School of Chicago,https://dartmouthsports.com/sports/field-hockey/roster/mclaine-leik/41628,Senior,172
Davidson,2026,,Eliza Agan,2,M,,,"Louisville, Ky.",,Assumption,https://davidsonwildcats.com/sports/field-hockey/roster/eliza-agan/12433,Sophomore,173
Davidson,2026,,Elyse Unger,3,M,,,"Virginia Beach, Va.",,Frank W. Cox,https://davidsonwildcats.com/sports/field-hockey/roster/elyse-unger/12449,Senior,173
Davidson,2026,,Ellie Johnson,4,F,,,"Henrico, Va.",,Trinity Episcopal,https://davidsonwildcats.com/sports/field-hockey/roster/ellie-johnson/12441,Junior,173
Davidson,2026,,Emilia Ostos,5,M,,,"Louisville, Ky.",,Sacred Heart Academy,https://davidsonwildcats.com/sports/field-hockey/roster/emilia-ostos/12445,Sophomore,173
Davidson,2026,,Madi Sullivan,6,M,,,"Arlington, Va.",,Bishop O'Connell,https://davidsonwildcats.com/sports/field-hockey/roster/madi-sullivan/12448,Sophomore,173
Davidson,2026,,Rebecca Bustos,7,D,,,"Dallas, Texas",,Highland Park,https://davidsonwildcats.com/sports/field-hockey/roster/rebecca-bustos/12435,Senior,173
Davidson,2026,,Ava Perkins,8,D,,,"Cary, N.C.",,,https://davidsonwildcats.com/sports/field-hockey/roster/ava-perkins/12453,Freshman,173
Davidson,2026,,Eva van der Kooi,9,M,,,"Groningen, Netherlands",,Praedinius Gymnasium,https://davidsonwildcats.com/sports/field-hockey/roster/eva-van-der-kooi/12450,Junior,173
Davidson,2026,,Eva Eijsermans,10,M,,,"Goirle, Netherlands",,,https://davidsonwildcats.com/sports/field-hockey/roster/eva-eijsermans/12455,Freshman,173
Davidson,2026,,Harper Brown,11,D,,,"Houston, Texas",,,https://davidsonwildcats.com/sports/field-hockey/roster/harper-brown/12456,Freshman,173
Davidson,2026,,Ise Adams,12,M,,,"Goirle, Netherlands",,,https://davidsonwildcats.com/sports/field-hockey/roster/ise-adams/12457,Freshman,173
Davidson,2026,,Emily Najarian,13,F,,,"Crofton, Md.",,Crofton,https://davidsonwildcats.com/sports/field-hockey/roster/emily-najarian/12444,Junior,173
Davidson,2026,,Anna Daly,14,M,,,"Doylestown, Pa.",,Central Bucks East,https://davidsonwildcats.com/sports/field-hockey/roster/anna-daly/12437,Sophomore,173
Davidson,2026,,Sophie Rousseau,15,F,,,"Louisville, Ky.",,,https://davidsonwildcats.com/sports/field-hockey/roster/sophie-rousseau/12458,Freshman,173
Davidson,2026,,Liv Goeke,16,M,,,"St. Louis, Mo.",,Ladue Horton Watkins,https://davidsonwildcats.com/sports/field-hockey/roster/liv-goeke/12440,Senior,173
Davidson,2026,,Addison Zogaib,17,F,,,"Dexter, Mich.",,,https://davidsonwildcats.com/sports/field-hockey/roster/addison-zogaib/12452,Freshman,173
Davidson,2026,,Maren Brady,18,M,,,"Ann Arbor, Mich.",,,https://davidsonwildcats.com/sports/field-hockey/roster/maren-brady/12459,Redshirt Freshman,173
Davidson,2026,,Lourdes Wolf,20,F,,,"Hamburg, Germany",,Rudolf-Steiner-Schule Bergstedt,https://davidsonwildcats.com/sports/field-hockey/roster/lourdes-wolf/12451,Sophomore,173
Davidson,2026,,Maia Macaloney,21,M,,,"Glasgow, Scotland",,Glasgow Academy,https://davidsonwildcats.com/sports/field-hockey/roster/maia-macaloney/11296,Rf.,173
Davidson,2026,,Hallie Slidell,22,M,,,"Chevy Chase, Md.",,Stone Ridge,https://davidsonwildcats.com/sports/field-hockey/roster/hallie-slidell/12446,Junior,173
Davidson,2026,,Emma Stevens,23,M,,,"Richmond, Va.",,St. Catherine's,https://davidsonwildcats.com/sports/field-hockey/roster/emma-stevens/12447,Senior,173
Davidson,2026,,Caroline King,24,M,,,"Fort Worth, Texas",,,https://davidsonwildcats.com/sports/field-hockey/roster/caroline-king/12454,Freshman,173
Davidson,2026,,Emma Datch,25,M,,,"Bethesda, Md.",,Churchill,https://davidsonwildcats.com/sports/field-hockey/roster/emma-datch/12438,Junior,173
Davidson,2026,,Matilda Collins,30,M,,,"Willingdon, England",,Bede's Senior,https://davidsonwildcats.com/sports/field-hockey/roster/matilda-collins/12436,Senior,173
Davidson,2026,,Eleanor Larsen,44,GK,,,"Lake Bluff, Ill.",,Loyola Academy,https://davidsonwildcats.com/sports/field-hockey/roster/eleanor-larsen/12442,Junior,173
Davidson,2026,,Avery Foster,97,GK,,,"Cary, N.C.",,Cary Academy,https://davidsonwildcats.com/sports/field-hockey/roster/avery-foster/12439,Sophomore,173
Delaware,2026,,Lily Cosner,1,D,5' 2'',Health Behavior Science,"Doylestown, Pa.",,Central Bucks West,https://bluehens.com/sports/field-hockey/roster/lily-cosner/32204,Junior,180
Delaware,2026,,Penelope Kousouris,2,M,5' 2'',Global Business,"Baltimore, Md.",,Bryn Mawr School,https://bluehens.com/sports/field-hockey/roster/penelope-kousouris/32239,Sophomore,180
Delaware,2026,,Kate Judy,3,M,5' 8'',,"Newark, Del.",,Caravel Academy,https://bluehens.com/sports/field-hockey/roster/kate-judy/32220,Freshman,180
Delaware,2026,,Avary Miller,4,M,5' 2'',,"Lewes, Del.",,Cape Henlopen,https://bluehens.com/sports/field-hockey/roster/avary-miller/32228,Freshman,180
Delaware,2026,,Amanda Rattay,5,F,5' 6'',Health Behavior Science,"Newark, Del.",,Newark Charter,https://bluehens.com/sports/field-hockey/roster/amanda-rattay/32210,Sophomore,180
Delaware,2026,,Tetje Williamson,6,M,5' 4'',Biomedical Engineering,"Oley, Pa.",,Oley Valley,https://bluehens.com/sports/field-hockey/roster/tetje-williamson/32216,Senior,180
Delaware,2026,,Linde van Leeuwen,7,D,5' 6'',Psychology,"Heemstede, The Netherlands",,Lyceum Sancta Maria,https://bluehens.com/sports/field-hockey/roster/linde-van-leeuwen/32214,Junior,180
Delaware,2026,,Lexi Causa,9,M,5' 8'',Sport Management,"Easton, Pa.",,Easton Area,https://bluehens.com/sports/field-hockey/roster/lexi-causa/32238,Junior,180
Delaware,2026,,Ella Cellini,10,M,5' 5'',Kinesiology,"Phoenixville, Pa.",,Villa Maria Academy,https://bluehens.com/sports/field-hockey/roster/ella-cellini/32202,Sophomore,180
Delaware,2026,,Elle Patterson,11,D,5' 7'',Communication,"Ashburn, Va.",,Independence,https://bluehens.com/sports/field-hockey/roster/elle-patterson/32208,Senior,180
Delaware,2026,,Charlotte Robertson,12,M,5' 6'',University Studies,"Edinburgh, Scotland",,Millfield School,https://bluehens.com/sports/field-hockey/roster/charlotte-robertson/32212,Sophomore,180
Delaware,2026,,Saar de Boer,13,M,5' 7'',,"Amersfoort, The Netherlands",,Vathorst College,https://bluehens.com/sports/field-hockey/roster/saar-de-boer/32218,Freshman,180
Delaware,2026,,Brynn String,14,M,5' 7'',Kinesiology,"Felton, Del.",,Lake Forest,https://bluehens.com/sports/field-hockey/roster/brynn-string/32213,Sophomore,180
Delaware,2026,,Sarah Rigual,15,M,5' 3'',Kinesiology,"Fredericksburg, Va.",,James Monroe,https://bluehens.com/sports/field-hockey/roster/sarah-rigual/32211,Senior,180
Delaware,2026,,Kate Fiest,17,M,5' 6'',Communication,"Yorktown, Va.",,Tabb,https://bluehens.com/sports/field-hockey/roster/kate-fiest/32205,Senior,180
Delaware,2026,,Livia van't Hek,18,F,5' 8'',Political Science,"Amsterdam, the Netherlands",,St. Nicolaaslyceum,https://bluehens.com/sports/field-hockey/roster/livia-vant-hek/32215,Sophomore,180
Delaware,2026,,Carmella Gannon,19,M,5' 9'',Psychology,"Felton, Del.",,Lake Forest,https://bluehens.com/sports/field-hockey/roster/carmella-gannon/32206,Sophomore,180
Delaware,2026,,Kate Klesel,20,F,5' 5'',,"Houston, Texas",,Episcopal,https://bluehens.com/sports/field-hockey/roster/kate-klesel/32528,Freshman,180
Delaware,2026,,Alexa Michielsen,21,M,5' 4'',International Business,"Bloemendaal, the Netherlands",,International School of Amsterdam,https://bluehens.com/sports/field-hockey/roster/alexa-michielsen/30178,Graduate,180
Delaware,2026,,Claire O'Connor,22,M,5' 6'',Business Undeclared,"Narberth, Pa.",,Lower Merion,https://bluehens.com/sports/field-hockey/roster/claire-oconnor/32240,Freshman,180
Delaware,2026,,Katie Clarke,24,M,5' 8'',Biological Sciences,"Purcellville, Va.",,Loudoun Valley,https://bluehens.com/sports/field-hockey/roster/katie-clarke/32203,Sophomore,180
Delaware,2026,,Josefina D'Alessandro,26,F,5' 6'',,"Buenos Aires, Argentina",,United,https://bluehens.com/sports/field-hockey/roster/josefina-dalessandro/32219,Graduate,180
Delaware,2026,,Juulke Zanders,28,M,5' 5'',,"Venlo, The Netherlands",,"Wings Agora, Roermond",https://bluehens.com/sports/field-hockey/roster/juulke-zanders/32229,Freshman,180
Delaware,2026,,Gabby Prentice,86,GK,5' 8'',Nutrition and Dietetics,"Arnold, Md.",,Archbishop Spalding,https://bluehens.com/sports/field-hockey/roster/gabby-prentice/32209,Sophomore,180
Delaware,2026,,Jane Baldy,99,GK,5' 7'',,"Ellicott City, Md.",,Centennial,https://bluehens.com/sports/field-hockey/roster/jane-baldy/32217,Freshman,180
Drexel,2026,,Ryan Hickey,1,M,5' 4'',,"Coatesville, Pa.",,Villa Maria,https://drexeldragons.com/sports/field-hockey/roster/ryan-hickey/11631,Graduate,191
Drexel,2026,,Maya Williams,2,F,5' 8'',,"Harrisburg, Pa.",,Central Dauphin,https://drexeldragons.com/sports/field-hockey/roster/maya-williams/11640,Senior,191
Drexel,2026,,Valentine Van Hellemont,3,M,5' 4'',,"Lier, Belgium",,Sint-Aloysius Institute,https://drexeldragons.com/sports/field-hockey/roster/valentine-van-hellemont/11639,Senior,191
Drexel,2026,,Callen Todd,4,D,5' 4'',,"Chester Springs, Pa.",,Villa Maria Academy,https://drexeldragons.com/sports/field-hockey/roster/callen-todd/11645,Junior,191
Drexel,2026,,Paige Hoyer,5,M,5' 9'',,"Louisville, Ky.",,North Oldham,https://drexeldragons.com/sports/field-hockey/roster/paige-hoyer/11632,Senior,191
Drexel,2026,,Florienne Bosdijk,6,M,5' 7'',,"Eindhoven, Netherlands",,Summa College,https://drexeldragons.com/sports/field-hockey/roster/florienne-bosdijk/11622,Sophomore,191
Drexel,2026,,Phoebe Thielmann,7,M,5' 8'',,"Pennington, NJ",,The Hun School of Princeton,https://drexeldragons.com/sports/field-hockey/roster/phoebe-thielmann/11638,Sophomore,191
Drexel,2026,,Lauren Kushma,8,F,5' 6'',,"Macungie, Pa.",,Allentown Central Catholic,https://drexeldragons.com/sports/field-hockey/roster/lauren-kushma/11634,Sophomore,191
Drexel,2026,,Izzy Hendricks,9,D,5' 6'',,"Houston, Texas",,The Kinkaid School,https://drexeldragons.com/sports/field-hockey/roster/izzy-hendricks/11628,Junior,191
Drexel,2026,,Fleur Hamers,10,M,5' 5'',,"Enschede, Netherlands",,Het Stedelijk Kottenpark,https://drexeldragons.com/sports/field-hockey/roster/fleur-hamers/11627,Sophomore,191
Drexel,2026,,Ava Trexler,11,M,5' 2'',,"Pittsgrove, N.J.",,Arthur P. Schalick,https://drexeldragons.com/sports/field-hockey/roster/ava-trexler/11689,Graduate,191
Drexel,2026,,Ludy Holst,12,D,6' 0'',,"Wassenaar, Netherlands",,Rijnlands Lyceum Wassenaar,https://drexeldragons.com/sports/field-hockey/roster/ludy-holst/11643,Freshman,191
Drexel,2026,,Julia Sarkissian,13,F,5' 6'',,"Avondale, Pa.",,Avon Grove,https://drexeldragons.com/sports/field-hockey/roster/julia-sarkissian/11644,Freshman,191
Drexel,2026,,Phebe Herlocher,14,D,5' 6'',,"State College, Pa.",,State College,https://drexeldragons.com/sports/field-hockey/roster/phebe-herlocher/11630,Graduate,191
Drexel,2026,,Nicole Enslin,15,D,5' 10'',,"Perth, Australia",,Presbyterian Ladies College,https://drexeldragons.com/sports/field-hockey/roster/nicole-enslin/11623,Senior,191
Drexel,2026,,Morgan Herceg,16,M,5' 1'',,"Nazareth, Pa.",,Nazareth Area,https://drexeldragons.com/sports/field-hockey/roster/morgan-herceg/11629,Junior,191
Drexel,2026,,Mikayla Appel,17,F,5' 2'',,"Manheim, Pa.",,Manheim Central,https://drexeldragons.com/sports/field-hockey/roster/mikayla-appel/11621,Junior,191
Drexel,2026,,Cato Nackaerts,18,M,5' 7'',,"Antwerp, Belgium",,Sint Gabriel College,https://drexeldragons.com/sports/field-hockey/roster/cato-nackaerts/11642,Freshman,191
Drexel,2026,,Kylah Kelly,20,D,5' 5'',,"Mountain Top, Pa.",,Crestwood,https://drexeldragons.com/sports/field-hockey/roster/kylah-kelly/11633,Sophomore,191
Drexel,2026,,Pili Lemoine,24,F,5' 4'',,"Montevideo, Uruguay",,Preuniversitario Juan XXIII,https://drexeldragons.com/sports/field-hockey/roster/pili-lemoine/11635,Senior,191
Drexel,2026,,Sadie Schultz,30,F,5' 7'',,Radnor Senior High School,,"Bryn Mawr, Pa.",https://drexeldragons.com/sports/field-hockey/roster/sadie-schultz/11637,Junior,191
Drexel,2026,,Lily Haag,33,F,5' 6'',,"Chalfont, Pa.",,Central Bucks South,https://drexeldragons.com/sports/field-hockey/roster/lily-haag/11626,Senior,191
Drexel,2026,,Ella Haag,34,D,5' 5'',,"Chalfont, Pa.",,Central Bucks South,https://drexeldragons.com/sports/field-hockey/roster/ella-haag/11625,Sophomore,191
Drexel,2026,,Halle Geiger,66,GK,5' 8'',,"Townsend, Del.",,Smyrna,https://drexeldragons.com/sports/field-hockey/roster/halle-geiger/11624,Junior,191
Drexel,2026,,Sanne Smits,77,GK,5' 2'',,"Malvern, Pa.",,Great Valley,https://drexeldragons.com/sports/field-hockey/roster/sanne-smits/11641,Freshman,191
Drexel,2026,,Alana Poole,88,GK,5' 5'',,"Glen Mills, Pa.",,Garnet Valley,https://drexeldragons.com/sports/field-hockey/roster/alana-poole/11636,Senior,191
Duke,2026,,Alessia Cicuto,00,GK,5' 8'',,"Raleigh, N.C.",,Cary Academy,https://goduke.com/sports/field-hockey/roster/alessia-cicuto/24481,Junior,193
Duke,2026,,Abigail Gerdeman,1,M,5' 5'',,"Chester Springs, Pa.",,The Hill School,https://goduke.com/sports/field-hockey/roster/abigail-gerdeman/24797,Freshman,193
Duke,2026,,Madison Beach,2,M,5' 7'',,"Northbrook, Ill.",,Glenbrook North HS,https://goduke.com/sports/field-hockey/roster/madison-beach/24133,Junior,193
Duke,2026,,Juliette Schulten,3,D,5' 7'',,"Rotterdam, The Netherlands",,Scarborough College,https://goduke.com/sports/field-hockey/roster/juliette-schulten/24148,Sophomore,193
Duke,2026,,Callie Rogers,4,M,5' 3'',,"Richmond, Va.",,Collegiate School,https://goduke.com/sports/field-hockey/roster/callie-rogers/24482,Junior,193
Duke,2026,,Sydney Beare,5,M,5' 6'',,"London, England",,Mill Hill County HS,https://goduke.com/sports/field-hockey/roster/sydney-beare/24134,Sophomore,193
Duke,2026,,Floor Hoogendoorn,6,M,5' 8'',,"Bloemendaal, The Netherlands",,The International School,https://goduke.com/sports/field-hockey/roster/floor-hoogendoorn/24799,Freshman,193
Duke,2026,,Kyle Massey,7,F,5' 4'',,"Houston, Texas",,The Kinkaid School,https://goduke.com/sports/field-hockey/roster/kyle-massey/24145,Senior,193
Duke,2026,,Juliette Gatsonides,8,M,5' 7'',,"Aerdenhout, The Netherlands",,Atheneum College Hageveld,https://goduke.com/sports/field-hockey/roster/juliette-gatsonides/24143,Sophomore,193
Duke,2026,,Sofia Fidalgo Schioppa,9,M,5' 6'',,"Westport, Conn.",,Staples HS,https://goduke.com/sports/field-hockey/roster/sofia-fidalgo-schioppa/24142,Sophomore,193
Duke,2026,,Shae Wozniak,10,M,5' 6'',,"Wayne, Pa.",,Conestoga HS,https://goduke.com/sports/field-hockey/roster/shae-wozniak/24152,Sophomore,193
Duke,2026,,Lily Soldan,11,F,5' 7'',,"Ann Arbor, Mich.",,Pioneer HS,https://goduke.com/sports/field-hockey/roster/lily-soldan/24149,Sophomore,193
Duke,2026,,Maggie Kondrath,12,F,5' 6'',,"Downingtown, Pa.",,The Hill School,https://goduke.com/sports/field-hockey/roster/maggie-kondrath/24144,Senior,193
Duke,2026,,Ashley Stockdale,13,F,5' 7'',,"Darien, Conn.",,Darien HS,https://goduke.com/sports/field-hockey/roster/ashley-stockdale/24150,Junior,193
Duke,2026,,Alaina McVeigh,14,F,5' 10'',,"Lansdale, Pa.",,Gwynedd Mercy Academy,https://goduke.com/sports/field-hockey/roster/alaina-mcveigh/24146,Graduate,193
Duke,2026,,Adriana Ensani,15,M,5' 5'',,"Pittsboro, N.C.",,Cardinal Gibbons HS,https://goduke.com/sports/field-hockey/roster/adriana-ensani/24800,Freshman,193
Duke,2026,,Kate Donnellan,16,F,5' 3'',,"Riverside, Conn.",,Greenwich HS,https://goduke.com/sports/field-hockey/roster/kate-donnellan/24141,Sophomore,193
Duke,2026,,Gracie Butler,17,F,5' 9'',,"Oxshott, England",,Wellington College,https://goduke.com/sports/field-hockey/roster/gracie-butler/24137,Junior,193
Duke,2026,,Julia Boehringer,18,M,5' 6'',,"Munich, Germany",,Gymnasium München-Nord Elite Schule des Sports,https://goduke.com/sports/field-hockey/roster/julia-boehringer/24135,Junior,193
Duke,2026,,Callie McCarron,19,M,5' 6'',,"Raleigh, N.C.",,Cary Academy,https://goduke.com/sports/field-hockey/roster/callie-mccarron/24801,Freshman,193
Duke,2026,,Philine Klas,20,D,5' 9'',,"Bonn, Germany",,Torrey Pines HS,https://goduke.com/sports/field-hockey/roster/philine-klas/24802,Graduate,193
Duke,2026,,Catherine Rosser,21,GK,5' 5'',,"Houston, Texas",,Kincaid School,https://goduke.com/sports/field-hockey/roster/catherine-rosser/24804,Freshman,193
Duke,2026,,Stella Bumgarner,22,D,5' 7'',,"Pasadena, Md.",,Archbishop Spalding HS,https://goduke.com/sports/field-hockey/roster/stella-bumgarner/24136,Sophomore,193
Duke,2026,,Sophia Miller,27,D,5' 11'',,"Far Hills, N.J.",,Kent Place School,https://goduke.com/sports/field-hockey/roster/sophia-miller/24147,Senior,193
Duke,2026,,Kaiya Chepow,55,GK,5' 6'',,"Downingtown, Pa.",,Downingtown West HS,https://goduke.com/sports/field-hockey/roster/kaiya-chepow/24138,Junior,193
Fairfield,2026,,Paige Jackson,0,,,,,,,https://fairfieldstags.com/sports/field-hockey/roster/paige-jackson/8167,,220
Fairfield,2026,,Bryn Andres,1,,,,,,,https://fairfieldstags.com/sports/field-hockey/roster/bryn-andres/8178,,220
Fairfield,2026,,Amanda Dressel,2,,,,,,,https://fairfieldstags.com/sports/field-hockey/roster/amanda-dressel/8162,,220
Fairfield,2026,,Rory Saxon,3,,,,,,,https://fairfieldstags.com/sports/field-hockey/roster/rory-saxon/8174,,220
Fairfield,2026,,Madeline Harrington,4,,,,,,,https://fairfieldstags.com/sports/field-hockey/roster/madeline-harrington/8179,,220
Fairfield,2026,,Rylee LaLoup,5,,,,,,,https://fairfieldstags.com/sports/field-hockey/roster/rylee-laloup/8168,,220
Fairfield,2026,,Alexa Clark,6,,,,,,,https://fairfieldstags.com/sports/field-hockey/roster/alexa-clark/8180,,220
Fairfield,2026,,Emily Carney,7,,,,,,,https://fairfieldstags.com/sports/field-hockey/roster/emily-carney/8159,,220
Fairfield,2026,,Grace Camera,8,,,,,,,https://fairfieldstags.com/sports/field-hockey/roster/grace-camera/8158,,220
Fairfield,2026,,Maggie Dowd,9,,,,,,,https://fairfieldstags.com/sports/field-hockey/roster/maggie-dowd/8161,,220
Fairfield,2026,,Camille Perlov,10,,,,,,,https://fairfieldstags.com/sports/field-hockey/roster/camille-perlov/8172,,220
Fairfield,2026,,Alyse Wanchisen,11,,,,,,,https://fairfieldstags.com/sports/field-hockey/roster/alyse-wanchisen/8176,,220
Fairfield,2026,,Noor Hellemans,12,,,,,,,https://fairfieldstags.com/sports/field-hockey/roster/noor-hellemans/8165,,220
Fairfield,2026,,Kylie Corcoran,13,,,,,,,https://fairfieldstags.com/sports/field-hockey/roster/kylie-corcoran/8160,,220
Fairfield,2026,,Catherine Fitzgerald,14,,,,,,,https://fairfieldstags.com/sports/field-hockey/roster/catherine-fitzgerald/8163,,220
Fairfield,2026,,Katie Craine,15,,,,,,,https://fairfieldstags.com/sports/field-hockey/roster/katie-craine/8181,,220
Fairfield,2026,,Catalina Ness,16,,,,,,,https://fairfieldstags.com/sports/field-hockey/roster/catalina-ness/8171,,220
Fairfield,2026,,Konni Hofmann,17,,,,,,,https://fairfieldstags.com/sports/field-hockey/roster/konni-hofmann/8166,,220
Fairfield,2026,,Kaelyn Fogelson,18,,,,,,,https://fairfieldstags.com/sports/field-hockey/roster/kaelyn-fogelson/8164,,220
Fairfield,2026,,KK Dooley,19,,,,,,,https://fairfieldstags.com/sports/field-hockey/roster/kk-dooley/8182,,220
Fairfield,2026,,Kelley Monahan,20,,,,,,,https://fairfieldstags.com/sports/field-hockey/roster/kelley-monahan/8170,,220
Fairfield,2026,,Alice Pifferi,21,,,,,,,https://fairfieldstags.com/sports/field-hockey/roster/alice-pifferi/8173,,220
Fairfield,2026,,Courtland Schumacher,24,,,,,,,https://fairfieldstags.com/sports/field-hockey/roster/courtland-schumacher/8175,,220
Fairfield,2026,,Caroline Brickley,27,,,,,,,https://fairfieldstags.com/sports/field-hockey/roster/caroline-brickley/8183,,220
Fairfield,2026,,Stevie Zonarich,28,,,,,,,https://fairfieldstags.com/sports/field-hockey/roster/stevie-zonarich/8177,,220
Fairfield,2026,,Hadley Hoffsmith,29,,,,,,,https://fairfieldstags.com/sports/field-hockey/roster/hadley-hoffsmith/8184,,220
Fairfield,2026,,Georgia McDade,44,,,,,,,https://fairfieldstags.com/sports/field-hockey/roster/georgia-mcdade/8169,,220
Georgetown,2026,,Lexi Burger,1,,,,,,,https://guhoyas.com/sports/field-hockey/roster/lexi-burger/17982,,251
Georgetown,2026,,Katherine Malloy,3,,,,,,,https://guhoyas.com/sports/field-hockey/roster/katherine-malloy/17991,,251
Georgetown,2026,,Nina Mayro,4,,,,,,,https://guhoyas.com/sports/field-hockey/roster/nina-mayro/17993,,251
Georgetown,2026,,Colleen Maloney,5,,,,,,,https://guhoyas.com/sports/field-hockey/roster/colleen-maloney/17992,,251
Georgetown,2026,,Riley Fitzgerald,6,,,,,,,https://guhoyas.com/sports/field-hockey/roster/riley-fitzgerald/17987,,251
Georgetown,2026,,Elena Perez Alejandro,7,,,,,,,https://guhoyas.com/sports/field-hockey/roster/elena-perez-alejandro/17996,,251
Georgetown,2026,,Laney Reiser,8,,,,,,,https://guhoyas.com/sports/field-hockey/roster/laney-reiser/17997,,251
Georgetown,2026,,Mary Stevens,9,,,,,,,https://guhoyas.com/sports/field-hockey/roster/mary-stevens/18010,,251
Georgetown,2026,,Kerry Elliott,10,,,,,,,https://guhoyas.com/sports/field-hockey/roster/kerry-elliott/17985,,251
Georgetown,2026,,Adelae Chierici,11,,,,,,,https://guhoyas.com/sports/field-hockey/roster/adelae-chierici/17983,,251
Georgetown,2026,,Elizabeth Rossotti,12,,,,,,,https://guhoyas.com/sports/field-hockey/roster/elizabeth-rossotti/17998,,251
Georgetown,2026,,Izzy Sutton,13,,,,,,,https://guhoyas.com/sports/field-hockey/roster/izzy-sutton/18009,,251
Georgetown,2026,,Nicole Subiela,14,,,,,,,https://guhoyas.com/sports/field-hockey/roster/nicole-subiela/18008,,251
Georgetown,2026,,Caroline Suko,15,,,,,,,https://guhoyas.com/sports/field-hockey/roster/caroline-suko/18000,,251
Georgetown,2026,,Lindsay Morin,17,,,,,,,https://guhoyas.com/sports/field-hockey/roster/lindsay-morin/17995,,251
Georgetown,2026,,Kaitlin Brice,18,,,,,,,https://guhoyas.com/sports/field-hockey/roster/kaitlin-brice/17981,,251
Georgetown,2026,,Ireland Donahue,19,,,,,,,https://guhoyas.com/sports/field-hockey/roster/ireland-donahue/18007,,251
Georgetown,2026,,Izzy Lee,20,,,,,,,https://guhoyas.com/sports/field-hockey/roster/izzy-lee/17990,,251
Georgetown,2026,,Kate McManaman,21,,,,,,,https://guhoyas.com/sports/field-hockey/roster/kate-mcmanaman/17994,,251
Georgetown,2026,,Tatum Johnson,22,,,,,,,https://guhoyas.com/sports/field-hockey/roster/tatum-johnson/18006,,251
Georgetown,2026,,Anna Krebs,23,,,,,,,https://guhoyas.com/sports/field-hockey/roster/anna-krebs/17989,,251
Georgetown,2026,,Ava Tilger,24,,,,,,,https://guhoyas.com/sports/field-hockey/roster/ava-tilger/18001,,251
Georgetown,2026,,Anna Gill,27,,,,,,,https://guhoyas.com/sports/field-hockey/roster/anna-gill/17988,,251
Georgetown,2026,,Lily Saal,28,,,,,,,https://guhoyas.com/sports/field-hockey/roster/lily-saal/17999,,251
Georgetown,2026,,Alex Duff,29,,,,,,,https://guhoyas.com/sports/field-hockey/roster/alex-duff/17984,,251
Georgetown,2026,,Ella Fahey,33,,,,,,,https://guhoyas.com/sports/field-hockey/roster/ella-fahey/17986,,251
Harvard,2026,,Sage Piekarski,0,,,,,,,https://gocrimson.com/sports/field-hockey/roster/sage-piekarski/33061,,275
Harvard,2026,,Jenny Lee,1,,,,,,,https://gocrimson.com/sports/field-hockey/roster/jenny-lee/33063,,275
Harvard,2026,,Martha le Huray,2,,,,,,,https://gocrimson.com/sports/field-hockey/roster/martha-le-huray/33059,,275
Harvard,2026,,Holly Hartley,4,,,,,,,https://gocrimson.com/sports/field-hockey/roster/holly-hartley/33062,,275
Harvard,2026,,Lucy Barker,5,,,,,,,https://gocrimson.com/sports/field-hockey/roster/lucy-barker/33046,,275
Harvard,2026,,Evie Smith,6,,,,,,,https://gocrimson.com/sports/field-hockey/roster/evie-smith/33066,,275
Harvard,2026,,Rosa Kooijmans,7,,,,,,,https://gocrimson.com/sports/field-hockey/roster/rosa-kooijmans/33058,,275
Harvard,2026,,Elin van Sante,8,,,,,,,https://gocrimson.com/sports/field-hockey/roster/elin-van-sante/33065,,275
Harvard,2026,,Tilly Butterworth,9,,,,,,,https://gocrimson.com/sports/field-hockey/roster/tilly-butterworth/33050,,275
Harvard,2026,,Josephine Carollo,10,,,,,,,https://gocrimson.com/sports/field-hockey/roster/josephine-carollo/33051,,275
Harvard,2026,,Caroline Morris,11,,,,,,,https://gocrimson.com/sports/field-hockey/roster/caroline-morris/33060,,275
Harvard,2026,,Brooke Chandler,13,,,,,,,https://gocrimson.com/sports/field-hockey/roster/brooke-chandler/33053,,275
Harvard,2026,,Charlotte Casiraghi,15,,,,,,,https://gocrimson.com/sports/field-hockey/roster/charlotte-casiraghi/33052,,275
Harvard,2026,,Emily Bronckers,16,,,,,,,https://gocrimson.com/sports/field-hockey/roster/emily-bronckers/33048,,275
Harvard,2026,,Lilly Oliver,17,,,,,,,https://gocrimson.com/sports/field-hockey/roster/lilly-oliver/33064,,275
Harvard,2026,,Lara Beekhuis,18,,,,,,,https://gocrimson.com/sports/field-hockey/roster/lara-beekhuis/33047,,275
Harvard,2026,,Paige Cornelius,19,,,,,,,https://gocrimson.com/sports/field-hockey/roster/paige-cornelius/33054,,275
Harvard,2026,,Smilla Klas,20,,,,,,,https://gocrimson.com/sports/field-hockey/roster/smilla-klas/33057,,275
Harvard,2026,,Cara Cronin,22,,,,,,,https://gocrimson.com/sports/field-hockey/roster/cara-cronin/33055,,275
Harvard,2026,,Linde Burger,24,,,,,,,https://gocrimson.com/sports/field-hockey/roster/linde-burger/33049,,275
Hofstra,2026,,Kalyn Fluker,3,F,5-3,,"Chesapeake, VA",Grassfield,,https://gohofstra.com/sports/field-hockey/roster/kalyn-fluker/17180,Sophomore,283
Hofstra,2026,,Hannah Garzancich,4,M,5-8,,"Norwalk, CT",Brien McMahon,,https://gohofstra.com/sports/field-hockey/roster/hannah-garzancich/17181,Sophomore,283
Hofstra,2026,,Greta Krimmel,5,M,5-5,,"Factoryville, PA",Lackawanna Trail,,https://gohofstra.com/sports/field-hockey/roster/greta-krimmel/17222,Freshman,283
Hofstra,2026,,Sophia Gahagan,6,M,5-3,,"Point Pleasant, NJ",Point Pleasant Borough,,https://gohofstra.com/sports/field-hockey/roster/sophia-gahagan/17268,Freshman,283
Hofstra,2026,,Rosalie Hoekstra,7,D,5-6,,"Lunteren, The Netherlands",Marnix College,,https://gohofstra.com/sports/field-hockey/roster/rosalie-hoekstra/17223,Freshman,283
Hofstra,2026,,Malena Bertone,8,D,5-8,,"Santa Fe, Argentina",La Salle Jobson,,https://gohofstra.com/sports/field-hockey/roster/malena-bertone/17224,Freshman,283
Hofstra,2026,,Kesia Richardson,9,D,5-5,,"Marlow, England",Great Marlow School,,https://gohofstra.com/sports/field-hockey/roster/kesia-richardson/17187,Senior,283
Hofstra,2026,,Gabriella Seifert,10,F,5-5,,"Virginia Beach, VA",Cape Henry Collegiate,,https://gohofstra.com/sports/field-hockey/roster/gabriella-seifert/17189,Sophomore,283
Hofstra,2026,,Tess Satterfield,11,F,5-5,,"Vienna, VA",James Madison,,https://gohofstra.com/sports/field-hockey/roster/tess-satterfield/17188,Senior,283
Hofstra,2026,,Julia Böcker,12,F,5-10,,"Utrecht, The Netherlands",St. Bonifatius College,,https://gohofstra.com/sports/field-hockey/roster/julia-b-cker/17178,Junior,283
Hofstra,2026,,Lisa Ebbinkhuijsen,13,F,5-5,,"Landsmeer, The Netherlands",Bernard Nieuwentijt College,,https://gohofstra.com/sports/field-hockey/roster/lisa-ebbinkhuijsen/17225,Freshman,283
Hofstra,2026,,Sarah Smalley,14,F,5-1,,"East Islip, NY",East Islip,,https://gohofstra.com/sports/field-hockey/roster/sarah-smalley/17221,Senior,283
Hofstra,2026,,Cara Zapach,15,F,5-5,,"New Freedom, PA",Susquehannock,,https://gohofstra.com/sports/field-hockey/roster/cara-zapach/17226,Freshman,283
Hofstra,2026,,Alexandra Geiger,16,M,5-8,,"Mountain Top, PA",Crestwood,,https://gohofstra.com/sports/field-hockey/roster/alexandra-geiger/17227,Freshman,283
Hofstra,2026,,Camryn Stewart,17,M,5-9,,"Abington, PA",Abington Senior,,https://gohofstra.com/sports/field-hockey/roster/camryn-stewart/17190,Senior,283
Hofstra,2026,,Gwenn van Dijk,18,M,5-7,,"Almere, The Netherlands",Helen Parkhurst Almere,,https://gohofstra.com/sports/field-hockey/roster/gwenn-van-dijk/17191,Sophomore,283
Hofstra,2026,,Caitlin Lozano,21,M,5-2,,"Dresher, PA",Germantown Academy,,https://gohofstra.com/sports/field-hockey/roster/caitlin-lozano/17186,Junior,283
Hofstra,2026,,Juana Laskowski,22,M,5-6,,"Buenos Aires, Argentina",United,,https://gohofstra.com/sports/field-hockey/roster/juana-laskowski/17228,Graduate,283
Hofstra,2026,,Tati Boyd,23,F,5-4,,"Chula Vista, CA",Olympian,,https://gohofstra.com/sports/field-hockey/roster/tati-boyd/17179,Senior,283
Hofstra,2026,,Kelly Levengood,24,F,5-3,,"West Deptford, NJ",West Deptford,,https://gohofstra.com/sports/field-hockey/roster/kelly-levengood/17185,Senior,283
Hofstra,2026,,Alex Gordon,25,D,5-0,,"Virginia Beach, VA",Cape Henry Collegiate,,https://gohofstra.com/sports/field-hockey/roster/alex-gordon/17182,Senior,283
Hofstra,2026,,Clara Cañas,26,D,5-8,,"Entre Rios, Argentina",Escuela de C.A.E,,https://gohofstra.com/sports/field-hockey/roster/clara-ca-as/17229,Freshman,283
Hofstra,2026,,Victoria Nazar,27,M,5-4,,"Yerba Buena, Argentina",Los Cerros,,https://gohofstra.com/sports/field-hockey/roster/victoria-nazar/17230,Graduate,283
Hofstra,2026,,Luci Hollister,30,GK,5-4,,"Auckland, New Zealand",St. Cuthbert's College,,https://gohofstra.com/sports/field-hockey/roster/luci-hollister/17183,Sophomore,283
Hofstra,2026,,Madison Geiger,33,GK,5-7,,"Mountain Top, PA",Crestwood,,https://gohofstra.com/sports/field-hockey/roster/madison-geiger/17231,Freshman,283
Hofstra,2026,,Tessa Lambright,34,GK,5-11,,"Mission Hills, KS",Pembroke Hill School,,https://gohofstra.com/sports/field-hockey/roster/tessa-lambright/17184,Junior,283
Holy Cross,2026,,Ava Huntley,1,,,,,,,https://goholycross.com/sports/field-hockey/roster/ava-huntley/17160,,285
Holy Cross,2026,,Kate Burke,2,,,,,,,https://goholycross.com/sports/field-hockey/roster/kate-burke/17295,,285
Holy Cross,2026,,Saskia Williams,3,,,,,,,https://goholycross.com/sports/field-hockey/roster/saskia-williams/17170,,285
Holy Cross,2026,,Maya Zahlan,4,,,,,,,https://goholycross.com/sports/field-hockey/roster/maya-zahlan/17171,,285
Holy Cross,2026,,Izzy McElgunn,5,,,,,,,https://goholycross.com/sports/field-hockey/roster/izzy-mcelgunn/17215,,285
Holy Cross,2026,,Maguire Sturgis,6,,,,,,,https://goholycross.com/sports/field-hockey/roster/maguire-sturgis/17169,,285
Holy Cross,2026,,Meredith Schepens,7,,,,,,,https://goholycross.com/sports/field-hockey/roster/meredith-schepens/17168,,285
Holy Cross,2026,,Marianna MacLean,8,,,,,,,https://goholycross.com/sports/field-hockey/roster/marianna-maclean/17318,,285
Holy Cross,2026,,Maeve Kiernan,9,,,,,,,https://goholycross.com/sports/field-hockey/roster/maeve-kiernan/17161,,285
Holy Cross,2026,,Julia McCusker,10,,,,,,,https://goholycross.com/sports/field-hockey/roster/julia-mccusker/17214,,285
Holy Cross,2026,,Ainsley Clough,12,,,,,,,https://goholycross.com/sports/field-hockey/roster/ainsley-clough/17156,,285
Holy Cross,2026,,Mia McCloskey,13,,,,,,,https://goholycross.com/sports/field-hockey/roster/mia-mccloskey/17163,,285
Holy Cross,2026,,Carolina di Gregorio Giralt,14,,,,,,,https://goholycross.com/sports/field-hockey/roster/carolina-di-gregorio-giralt/17157,,285
Holy Cross,2026,,Judy Rodolakis,15,,,,,,,https://goholycross.com/sports/field-hockey/roster/judy-rodolakis/17167,,285
Holy Cross,2026,,Charlotte Powers,16,,,,,,,https://goholycross.com/sports/field-hockey/roster/charlotte-powers/17165,,285
Holy Cross,2026,,CeCe Honeker,17,,,,,,,https://goholycross.com/sports/field-hockey/roster/cece-honeker/17173,,285
Holy Cross,2026,,Rachel Egan,18,,,,,,,https://goholycross.com/sports/field-hockey/roster/rachel-egan/17159,,285
Holy Cross,2026,,Martina di Gregorio Giralt,19,,,,,,,https://goholycross.com/sports/field-hockey/roster/martina-di-gregorio-giralt/17158,,285
Holy Cross,2026,,Abby Kent,20,,,,,,,https://goholycross.com/sports/field-hockey/roster/abby-kent/17294,,285
Holy Cross,2026,,Marissa MacLean,21,,,,,,,https://goholycross.com/sports/field-hockey/roster/marissa-maclean/17162,,285
Holy Cross,2026,,Kendall Brady,22,,,,,,,https://goholycross.com/sports/field-hockey/roster/kendall-brady/17154,,285
Holy Cross,2026,,Jocelyn Monti,23,,,,,,,https://goholycross.com/sports/field-hockey/roster/jocelyn-monti/17164,,285
Holy Cross,2026,,Hadley Rand,24,,,,,,,https://goholycross.com/sports/field-hockey/roster/hadley-rand/17166,,285
Holy Cross,2026,,Alexa Birch,25,,,,,,,https://goholycross.com/sports/field-hockey/roster/alexa-birch/17153,,285
Holy Cross,2026,,Madison Clark,32,,,,,,,https://goholycross.com/sports/field-hockey/roster/madison-clark/17155,,285
Holy Cross,2026,,Julia Okenquist,88,,,,,,,https://goholycross.com/sports/field-hockey/roster/julia-okenquist/17172,,285
Indiana,2026,,Karly Redman,1,F,,,"La Verne, Calif.",,Bonita,https://iuhoosiers.com/sports/field-hockey/roster/karly-redman/21263,Graduate,306
Indiana,2026,,Jessie Mauro,2,D,,,"Nottingham, England",,Trent College,https://iuhoosiers.com/sports/field-hockey/roster/jessie-mauro/21259,Freshman,306
Indiana,2026,,Elise Eves,3,M,,,"Schwenksville, Pa.",,Boyertown Area,https://iuhoosiers.com/sports/field-hockey/roster/elise-eves/21260,Freshman,306
Indiana,2026,,Lily Freeman,4,D,,,"London, England",,Finchley Catholic,https://iuhoosiers.com/sports/field-hockey/roster/lily-freeman/21001,Sophomore,306
Indiana,2026,,Keke Sluiter,5,M,5' 2'',,"Nieuw-Vennep, Netherlands",,Haarlemmerlyceum TTO,https://iuhoosiers.com/sports/field-hockey/roster/keke-sluiter/21012,Junior,306
Indiana,2026,,Georgia Rottinghaus,6,M,,,"Pittsburgh, Pa.",,Pine-Richland,https://iuhoosiers.com/sports/field-hockey/roster/georgia-rottinghaus/21011,Sophomore,306
Indiana,2026,,Molly Stutte,7,F,,,"St. Louis, Mo.",,Cor Jesu,https://iuhoosiers.com/sports/field-hockey/roster/molly-stutte/21013,Sophomore,306
Indiana,2026,,Elle Obenour,8,M,,,"San Jose, Calif.",,Leigh High School,https://iuhoosiers.com/sports/field-hockey/roster/elle-obenour/21015,Freshman,306
Indiana,2026,,Ava Winner,9,F,5' 1'',,"Lutherville, Md.",,Dulaney High School,https://iuhoosiers.com/sports/field-hockey/roster/ava-winner/21014,Senior,306
Indiana,2026,,Helen Grahe,10,F,,,"Stuttgart, Germany",,British International School of Chicago (South Loop),https://iuhoosiers.com/sports/field-hockey/roster/helen-grahe/21258,Freshman,306
Indiana,2026,,Morgan Qualls,11,D,5' 3'',,"Randallstown, Md.",,Garrison Forest,https://iuhoosiers.com/sports/field-hockey/roster/morgan-qualls/21008,Redshirt Sophomore,306
Indiana,2026,,Charlotte Glasper,14,F,5' 6'',,"Shaker Heights, Ohio",,Shaker Heights,https://iuhoosiers.com/sports/field-hockey/roster/charlotte-glasper/21003,Junior,306
Indiana,2026,,Agustina Gamonal,15,F,,,"Santiago, Chile",,Colegio Santa Cruz de Chicureo,https://iuhoosiers.com/sports/field-hockey/roster/agustina-gamonal/21264,Freshman,306
Indiana,2026,,Mijntje Hagen,16,F,5' 10'',,"Zeist, Netherlands",,KSG de Breul,https://iuhoosiers.com/sports/field-hockey/roster/mijntje-hagen/21004,Junior,306
Indiana,2026,,Celia Arroyo Cabezudo,17,F,,,"Santander, Spain",,Esclavas Del Sagrado Corazón de Jesús,https://iuhoosiers.com/sports/field-hockey/roster/celia-arroyo-cabezudo/20997,Sophomore,306
Indiana,2026,,Berta Sáenz de Santa María,20,M,,,"Santander, Spain",,Esclavas Del Sagrado Corazón de Jesús,https://iuhoosiers.com/sports/field-hockey/roster/berta-senz-de-santa-mara/21265,Freshman,306
Indiana,2026,,Gabriela Garayo Aranceta,22,M,,,"Santander, Spain",,Torrevelo-Peñalabra,https://iuhoosiers.com/sports/field-hockey/roster/gabriela-garayo-aranceta/21261,Freshman,306
Indiana,2026,,Javi Baeza,24,M,5' 2'',,"Shaker Heights, Ohio",,Shaker Heights,https://iuhoosiers.com/sports/field-hockey/roster/javi-baeza/20998,Senior,306
Indiana,2026,,Sadie Canelli,26,GK,5' 3'',,"Boxford, Mass.",,Pingree School,https://iuhoosiers.com/sports/field-hockey/roster/sadie-canelli/20999,Junior,306
Indiana,2026,,Theresa Ricci,27,F,5' 6'',,"Garnet Valley, Pa.",,Garnet Valley,https://iuhoosiers.com/sports/field-hockey/roster/theresa-ricci/21009,Senior,306
Indiana,2026,,Sydney Meltzer,32,M,,,"San Diego, Calif.",,Torrey Pines,https://iuhoosiers.com/sports/field-hockey/roster/sydney-meltzer/21006,Sophomore,306
Indiana,2026,,Hannah Riddle,33,D,5' 7'',,"Louisville, Ky.",,Assumption,https://iuhoosiers.com/sports/field-hockey/roster/hannah-riddle/21010,Senior,306
Indiana,2026,,Inés Garcia Prado,34,M,5' 2'',,"Madrid, Spain",,Isaac Newton School,https://iuhoosiers.com/sports/field-hockey/roster/ins-garcia-prado/21002,Senior,306
Indiana,2026,,Kai Killian,76,GK,,,"Hummelstown, Pa.",,Lower Dauphin,https://iuhoosiers.com/sports/field-hockey/roster/kai-killian/21005,Sophomore,306
Indiana,2026,,Isa Smulders,77,GK,,,"Bilthoven, Netherlands",,Het Nieuwe Lyceum,https://iuhoosiers.com/sports/field-hockey/roster/isa-smulders/21262,Freshman,306
Iowa,2026,,Sabrina McGroarty,1,M,,,"Mickleton, N.J.",Kingsway Regional,,https://hawkeyesports.com/sports/fhockey/roster/player/sabrina-mcgroarty,,312
Iowa,2026,,Rachel Herbine,2,F,,,"Macungie, Pa.",Emmaus,,https://hawkeyesports.com/sports/fhockey/roster/player/rachel-herbine,,312
Iowa,2026,,Niamh de Jong,4,M,,,"Brisbane, Australia",,,https://hawkeyesports.com/sports/fhockey/roster/player/niamh-de-jong,,312
Iowa,2026,,Lieve van Kessel,5,M,,,"Geertruidenberg, Netherlands",Dongemond College,,https://hawkeyesports.com/sports/fhockey/roster/player/lieve-van-kessel,,312
Iowa,2026,,Tess Reed,6,F,,,"St. Louis, Mo.",Visitation Academy,,https://hawkeyesports.com/sports/fhockey/roster/player/tess-reed,,312
Iowa,2026,,Gia Whalen,7,M,,,"Paoli, Pa.",Villa Maria Academy,,https://hawkeyesports.com/sports/fhockey/roster/player/gia-whalen,,312
Iowa,2026,,Miranda Jackson,8,F,,,"Wellingborough, England","Repton School, Derbyshire",,https://hawkeyesports.com/sports/fhockey/roster/player/miranda-jackson,,312
Iowa,2026,,Amber Millard-Smith,9,M,,,"Chester, England",Repton School,,https://hawkeyesports.com/sports/fhockey/roster/player/amber-millard-smith,,312
Iowa,2026,,Dionne van Aalsum,10,M,,,"Castricum, Netherlands",Bonhoeffer College,,https://hawkeyesports.com/sports/fhockey/roster/player/dionne-van-aalsum,,312
Iowa,2026,,Peyton Shellaway,11,D,,,"Gilbertsville, Pa.",Boyertown Area Senior,,https://hawkeyesports.com/sports/fhockey/roster/player/peyton-shellaway,,312
Iowa,2026,,Meg Tebben,12,F,,,"Charlotte, NC",Charlotte Catholic,,https://hawkeyesports.com/sports/fhockey/roster/player/meg-tebben,,312
Iowa,2026,,Myra van de Kop,13,F,,,"Amsterdam, Netherlands",Montessori Lyceum Amsterdam,,https://hawkeyesports.com/sports/fhockey/roster/player/myra-van-de-kop,,312
Iowa,2026,,Lauren DeRose,14,D,,,"Collegeville, Pa.",The Agnes Irwin School,,https://hawkeyesports.com/sports/fhockey/roster/player/lauren-derose,,312
Iowa,2026,,Fiene ten Seldam,15,D,,,"Utrecht, Netherlands",Werkplaats,,https://hawkeyesports.com/sports/fhockey/roster/player/fiene-ten-seldam,,312
Iowa,2026,,Lexie Haig,16,M,,,"Newcastle Upon Tyne, England",Royal Grammar School Newcastle,,https://hawkeyesports.com/sports/fhockey/roster/player/lexie-haig,,312
Iowa,2026,,Hannah Maney,17,F,,,"Lewes, Del.",Cape Henlopen,,https://hawkeyesports.com/sports/fhockey/roster/player/hannah-maney,,312
Iowa,2026,,Reine van Hoof,18,F,,,"Leuven, Belgium",Heilig Hartinstituut Heverlee,,https://hawkeyesports.com/sports/fhockey/roster/player/reine-van-hoof,,312
Iowa,2026,,Mae van Aalsum,19,D,,,"Castricum, Netherlands",,,https://hawkeyesports.com/sports/fhockey/roster/player/mae-van-aalsum,,312
Iowa,2026,,Jordan Byers,20,M,,,"Landisburg, Pa.",West Perry,,https://hawkeyesports.com/sports/fhockey/roster/player/jordan-byers,,312
Iowa,2026,,Julia Claessens,21,GK,,,"'s-Hertogenbosch, Netherlands",Rodenborch College,,https://hawkeyesports.com/sports/fhockey/roster/player/julia-claessens,,312
Iowa,2026,,Mack Panko,22,GK,,,"Virginia Beach, Va.",Norfolk Academy,,https://hawkeyesports.com/sports/fhockey/roster/player/mack-panko,,312
Iowa,2026,,Téa Fortpied,23,D,,,"Chaumont-Gistoux, Belgium",Lycée de Berlaymont,,https://hawkeyesports.com/sports/fhockey/roster/player/tea-fortpied,,312
Iowa,2026,,Fréderique van Cleef,24,F,,,"Asten, Netherlands",,,https://hawkeyesports.com/sports/fhockey/roster/player/frederique-van-cleef,,312
Iowa,2026,,Kaia Beaudoin,25,M,,,"Fairfax, Va.",Fairfax,,https://hawkeyesports.com/sports/fhockey/roster/player/kaia-beaudoin,,312
Iowa,2026,,Emily Edwards,28,D,,,"Stockport, England",,,https://hawkeyesports.com/sports/fhockey/roster/player/emily-edwards,,312
Iowa,2026,,Abby Johnson,33,GK,,,"Walpole, Mass.",Walpole,,https://hawkeyesports.com/sports/fhockey/roster/player/abby-johnson,,312
Iowa,2026,,Allie Curry,44,GK,,,"Antioch, Ill.",Antioch Community,,https://hawkeyesports.com/sports/fhockey/roster/player/allie-curry,,312
James Madison,2026,,Ava Drexler-Amey,1,M,5' 3'',Sociology,"Severna Park, Md.",,Severna Park,https://jmusports.com/sports/field-hockey/roster/ava-drexleramey/24414,Senior,317
James Madison,2026,,Puck Jansen,2,D,5' 5'',Sociology,"Chaam, The Netherlands",,Onze Lieve Vrouwelyceum,https://jmusports.com/sports/field-hockey/roster/puck-jansen/24418,Sophomore,317
James Madison,2026,,Haley Cole,3,M,5' 4'',Health Sciences,"Centreville, Md.",,Queen Anne’s County,https://jmusports.com/sports/field-hockey/roster/haley-cole/24426,Freshman,317
James Madison,2026,,Lilly Turner,4,F,5' 5'',Intelligence Analysis,"Virginia Beach, Va.",,Kellam,https://jmusports.com/sports/field-hockey/roster/lilly-turner/24424,Junior,317
James Madison,2026,,Kenzie King,5,D,5' 3'',Accounting,"Charlottesville, Va.",,Albemarle,https://jmusports.com/sports/field-hockey/roster/kenzie-king/24419,Sophomore,317
James Madison,2026,,Ella Dunstan,6,D,5' 5'',Health Sciences,"Sydney, New South Wales",,Mercy Catholic College,https://jmusports.com/sports/field-hockey/roster/ella-dunstan/24427,Freshman,317
James Madison,2026,,Campbell Shelley,8,F,5' 3'',Psychology,"Ephrata, Pa.",,Ephrata,https://jmusports.com/sports/field-hockey/roster/campbell-shelley/24428,Freshman,317
James Madison,2026,,Azul Covarrubias,9,D,5' 7'',Hospitality Management,"The Hague, The Netherlands",,Segbroek College,https://jmusports.com/sports/field-hockey/roster/azul-covarrubias/24413,Senior,317
James Madison,2026,,Diede Donders,10,F,5' 6'',Hospitality Management,"Molenhoek, The Netherlands",,"Canisius College, Nijmegen",https://jmusports.com/sports/field-hockey/roster/diede-donders/24429,Freshman,317
James Madison,2026,,Avery Ruckman,11,D,5' 6'',Media Arts and Design,"Edgewater, Md.",,Archbishop Spalding,https://jmusports.com/sports/field-hockey/roster/avery-ruckman/24422,Redshirt Sophomore,317
James Madison,2026,,Anna Collinge,12,M,5' 7'',Accounting,"Milton Keynes, England",,Stowe School,https://jmusports.com/sports/field-hockey/roster/anna-collinge/24412,Sophomore,317
James Madison,2026,,Elena Giangaspero,13,F,5' 8'',Finance,"Buenos Aires, Argentina",,Escuelas ORT,https://jmusports.com/sports/field-hockey/roster/elena-giangaspero/24415,Junior,317
James Madison,2026,,Sydney Raguini,14,F,5' 6'',Biology,"Virginia Beach, Va.",,Princess Anne,https://jmusports.com/sports/field-hockey/roster/sydney-raguini/24421,Sophomore,317
James Madison,2026,,Mika Hilburger,15,M,5' 6'',Engineering,"Yorktown, Va.",,Tabb,https://jmusports.com/sports/field-hockey/roster/mika-hilburger/24416,Sophomore,317
James Madison,2026,,Nora Massella,16,M,5' 2'',Computer Information Systems,"Blue Bell, Pa.",,Mount Saint Joseph Academy,https://jmusports.com/sports/field-hockey/roster/nora-massella/24430,Freshman,317
James Madison,2026,,Emma Smit,18,F,5' 10'',Biotechnology,"Naarden, The Netherlands",,Vituscollege,https://jmusports.com/sports/field-hockey/roster/emma-smit/24431,Freshman,317
James Madison,2026,,Sophia Walch,21,F,5' 2'',Health Sciences,"Newark, Del.",,Newark Charter School,https://jmusports.com/sports/field-hockey/roster/sophia-walch/24425,Sophomore,317
James Madison,2026,,Emilia Goldsmith,23,F,5' 5'',Finance,"Auckland, New Zealand",,St Cuthbert's College,https://jmusports.com/sports/field-hockey/roster/emilia-goldsmith/24432,Freshman,317
James Madison,2026,,Brynna Hill,27,M,5' 7'',Communication Studies,"Downingtown, Pa.",,Villa Maria Academy,https://jmusports.com/sports/field-hockey/roster/brynna-hill/24417,Senior,317
James Madison,2026,,Lilly Sweeney,30,GK,5' 8'',Health Sciences,"Gwynedd, Pa.",,Gwynedd Mercy Academy,https://jmusports.com/sports/field-hockey/roster/lilly-sweeney/24423,Senior,317
James Madison,2026,,Hannah Popolis,32,GK,5' 9'',Psychology,"Ephrata, Pa.",,Ephrata,https://jmusports.com/sports/field-hockey/roster/hannah-popolis/24420,Redshirt Sophomore,317
Kent St.,2026,,Maddie McKenney,1,GK,,,"Eagleville, Pa.",,Methacton,https://kentstatesports.com/sports/field-hockey/roster/maddie-mckenney/15926,Freshman,331
Kent St.,2026,,Ryli Zee,2,D,,,"Washington Township, N.J.",,Washington Township,https://kentstatesports.com/sports/field-hockey/roster/ryli-zee/15925,Sophomore,331
Kent St.,2026,,Ava Murphy,3,M,,,"Boston, Mass.",,Phillips Academy-Andover,https://kentstatesports.com/sports/field-hockey/roster/ava-murphy/15927,Junior,331
Kent St.,2026,,Riley Welsch,4,F,,,"Hummelstown, Pa.",,Hershey,https://kentstatesports.com/sports/field-hockey/roster/riley-welsch/15928,Junior,331
Kent St.,2026,,Tess Gately,5,F,,,"Downingtown, Pa.",,Villa Maria Academy,https://kentstatesports.com/sports/field-hockey/roster/tess-gately/15917,Junior,331
Kent St.,2026,,Maybritt Duwel,6,F,,,"The Hague, Netherlands",,Sint-Maartenscollege Voorbu,https://kentstatesports.com/sports/field-hockey/roster/maybritt-duwel/15914,Senior,331
Kent St.,2026,,Alexa Knott,7,M,,,"Cape Town, South Africa",,Herschel Girls,https://kentstatesports.com/sports/field-hockey/roster/alexa-knott/15929,Sophomore,331
Kent St.,2026,,Mara Renner,8,F,,,"Böblingen, Germany",,,https://kentstatesports.com/sports/field-hockey/roster/mara-renner/15930,Freshman,331
Kent St.,2026,,Mae Higgins,9,F,,,"Gillette, N.J.",,Watchung Hills Regional,https://kentstatesports.com/sports/field-hockey/roster/mae-higgins/15931,Freshman,331
Kent St.,2026,,Tatiana De Greef,10,F,,,"Hoeilaart, Belgium",,,https://kentstatesports.com/sports/field-hockey/roster/tatiana-de-greef/15932,Freshman,331
Kent St.,2026,,Torie Del Collo,11,M,,,"Barrington, N.J.",,Haddon Heights,https://kentstatesports.com/sports/field-hockey/roster/torie-del-collo/15913,Sophomore,331
Kent St.,2026,,Ashlyn Taylor,12,M,,,"Millerstown, Pa.",,Greenwood,https://kentstatesports.com/sports/field-hockey/roster/ashlyn-taylor/15921,Senior,331
Kent St.,2026,,Riley Redanz,14,F,,,"Williamsville, N.Y.",,Williamsville East,https://kentstatesports.com/sports/field-hockey/roster/riley-redanz/15933,Freshman,331
Kent St.,2026,,Julianne Conroy,15,D,,,"Worthington, Ohio",,Thomas Worthington,https://kentstatesports.com/sports/field-hockey/roster/julianne-conroy/15911,Sophomore,331
Kent St.,2026,,Mary Kate Finnan,16,D,,,"Mullica Hill, N.J.",,Kingsway Regional,https://kentstatesports.com/sports/field-hockey/roster/mary-kate-finnan/15915,Junior,331
Kent St.,2026,,Roos ten Pas,17,D,,,"IJsselstein, Netherlands",,Anna van Rijn College,https://kentstatesports.com/sports/field-hockey/roster/roos-ten-pas/15922,Sophomore,331
Kent St.,2026,,Marissa Skinner,18,D,,,"Dexter, Mich.",,Dexter,https://kentstatesports.com/sports/field-hockey/roster/marissa-skinner/15920,Junior,331
Kent St.,2026,,Adelaide Gagnon,20,F,,,"State College, Pa.",,State College Area,https://kentstatesports.com/sports/field-hockey/roster/adelaide-gagnon/15916,Sophomore,331
Kent St.,2026,,Sophia Livingston,22,M,,,"Lancaster, Pa.",,Conestoga Valley,https://kentstatesports.com/sports/field-hockey/roster/sophia-livingston/15918,Senior,331
Kent St.,2026,,Emily Robertson,23,D,,,"Melbourne, Australia",,Loyola College,https://kentstatesports.com/sports/field-hockey/roster/emily-robertson/15919,Sophomore,331
Kent St.,2026,,Eva Usoz,25,M,,,"Madrid, Spain",,IES Carmen Conde,https://kentstatesports.com/sports/field-hockey/roster/eva-usoz/15923,Senior,331
Kent St.,2026,,Lauren Conroy,26,D,,,"Mount Laurel, N.J.",,Lenape,https://kentstatesports.com/sports/field-hockey/roster/lauren-conroy/15912,Graduate,331
Kent St.,2026,,Michaela Skinner,99,GK,,,"Chesapeake, Va.",,Western Branch,https://kentstatesports.com/sports/field-hockey/roster/michaela-skinner/15934,Graduate,331
La Salle,2026,,Abby Boggs,00,,,,,,,https://goexplorers.com/sports/field-hockey/roster/abby-boggs/13626,,361
La Salle,2026,,Roos Pasveer,1,,,,,,,https://goexplorers.com/sports/field-hockey/roster/roos-pasveer/13638,,361
La Salle,2026,,GiAnna Lambert,2,,,,,,,https://goexplorers.com/sports/field-hockey/roster/gianna-lambert/13729,,361
La Salle,2026,,Rumbi Zimuto,3,,,,,,,https://goexplorers.com/sports/field-hockey/roster/rumbi-zimuto/13647,,361
La Salle,2026,,Tannah Duncan,4,,,,,,,https://goexplorers.com/sports/field-hockey/roster/tannah-duncan/13630,,361
La Salle,2026,,Natalie Ricci,5,,,,,,,https://goexplorers.com/sports/field-hockey/roster/natalie-ricci/13640,,361
La Salle,2026,,Abbie Lorber,7,,,,,,,https://goexplorers.com/sports/field-hockey/roster/abbie-lorber/13730,,361
La Salle,2026,,Marisol Torreyson,8,,,,,,,https://goexplorers.com/sports/field-hockey/roster/marisol-torreyson/13644,,361
La Salle,2026,,Gabrielle LaCroix,9,,,,,,,https://goexplorers.com/sports/field-hockey/roster/gabrielle-lacroix/13633,,361
La Salle,2026,,Natalie Wilson,11,,,,,,,https://goexplorers.com/sports/field-hockey/roster/natalie-wilson/13645,,361
La Salle,2026,,Sofia Enriquez,12,,,,,,,https://goexplorers.com/sports/field-hockey/roster/sofia-enriquez/13631,,361
La Salle,2026,,Esther Walker,13,,,,,,,https://goexplorers.com/sports/field-hockey/roster/esther-walker/13731,,361
La Salle,2026,,Kelsey Rowe,14,,,,,,,https://goexplorers.com/sports/field-hockey/roster/kelsey-rowe/13641,,361
La Salle,2026,,Abby Romano,15,,,,,,,https://goexplorers.com/sports/field-hockey/roster/abby-romano/13732,,361
La Salle,2026,,Maddie Schuchter,16,,,,,,,https://goexplorers.com/sports/field-hockey/roster/maddie-schuchter/13799,,361
La Salle,2026,,Coco Pelz,17,,,,,,,https://goexplorers.com/sports/field-hockey/roster/coco-pelz/13639,,361
La Salle,2026,,Natalie Forman,19,,,,,,,https://goexplorers.com/sports/field-hockey/roster/natalie-forman/13632,,361
La Salle,2026,,Olivia Nolan,20,,,,,,,https://goexplorers.com/sports/field-hockey/roster/olivia-nolan/13733,,361
La Salle,2026,,Janne Zillessen,21,,,,,,,https://goexplorers.com/sports/field-hockey/roster/janne-zillessen/13646,,361
La Salle,2026,,Brooke Mitchell,22,,,,,,,https://goexplorers.com/sports/field-hockey/roster/brooke-mitchell/13637,,361
La Salle,2026,,Tilly Diedrichsen,23,,,,,,,https://goexplorers.com/sports/field-hockey/roster/tilly-diedrichsen/13629,,361
La Salle,2026,,Erin Sicari,24,,,,,,,https://goexplorers.com/sports/field-hockey/roster/erin-sicari/13642,,361
La Salle,2026,,Darian DeLeo,26,,,,,,,https://goexplorers.com/sports/field-hockey/roster/darian-deleo/13628,,361
La Salle,2026,,Jeanne Legast,27,,,,,,,https://goexplorers.com/sports/field-hockey/roster/jeanne-legast/13634,,361
La Salle,2026,,Zarah Synnestvedt,98,,,,,,,https://goexplorers.com/sports/field-hockey/roster/zarah-synnestvedt/13643,,361
Lafayette,2026,,Olivia Krey,1,,,,,,,https://goleopards.com/sports/field-hockey/roster/olivia-krey/14083,,340
Lafayette,2026,,Emma Maher,3,,,,,,,https://goleopards.com/sports/field-hockey/roster/emma-maher/14086,,340
Lafayette,2026,,Stella Malinowski,4,,,,,,,https://goleopards.com/sports/field-hockey/roster/stella-malinowski/14087,,340
Lafayette,2026,,Lolly Ackermann,5,,,,,,,https://goleopards.com/sports/field-hockey/roster/lolly-ackermann/14271,,340
Lafayette,2026,,Maddie Evans,6,,,,,,,https://goleopards.com/sports/field-hockey/roster/maddie-evans/14076,,340
Lafayette,2026,,Ines Araujo,7,,,,,,,https://goleopards.com/sports/field-hockey/roster/ines-araujo/14075,,340
Lafayette,2026,,Katie Jackivicz,8,,,,,,,https://goleopards.com/sports/field-hockey/roster/katie-jackivicz/14273,,340
Lafayette,2026,,Lauren Kurek,9,,,,,,,https://goleopards.com/sports/field-hockey/roster/lauren-kurek/14084,,340
Lafayette,2026,,Lexi Bristow,10,,,,,,,https://goleopards.com/sports/field-hockey/roster/lexi-bristow/14272,,340
Lafayette,2026,,Lea Good,11,,,,,,,https://goleopards.com/sports/field-hockey/roster/lea-good/14081,,340
Lafayette,2026,,Katie Gibb,12,,,,,,,https://goleopards.com/sports/field-hockey/roster/katie-gibb/14080,,340
Lafayette,2026,,Mia Freeman,13,,,,,,,https://goleopards.com/sports/field-hockey/roster/mia-freeman/14077,,340
Lafayette,2026,,Kiley Gallagher,14,,,,,,,https://goleopards.com/sports/field-hockey/roster/kiley-gallagher/14078,,340
Lafayette,2026,,Naomi George,15,,,,,,,https://goleopards.com/sports/field-hockey/roster/naomi-george/14079,,340
Lafayette,2026,,Laila Pasic,16,,,,,,,https://goleopards.com/sports/field-hockey/roster/laila-pasic/14089,,340
Lafayette,2026,,Elsa Wood,17,,,,,,,https://goleopards.com/sports/field-hockey/roster/elsa-wood/14274,,340
Lafayette,2026,,Feline Reusken,21,,,,,,,https://goleopards.com/sports/field-hockey/roster/feline-reusken/14090,,340
Lafayette,2026,,Lena Thedrian,23,,,,,,,https://goleopards.com/sports/field-hockey/roster/lena-thedrian/14091,,340
Lafayette,2026,,Mia Barreto,24,,,,,,,https://goleopards.com/sports/field-hockey/roster/mia-barreto/14276,,340
Lafayette,2026,,Rosalie van Gool,25,,,,,,,https://goleopards.com/sports/field-hockey/roster/rosalie-van-gool/14092,,340
Lafayette,2026,,Linda Nova,27,,,,,,,https://goleopards.com/sports/field-hockey/roster/linda-nova/14088,,340
Lafayette,2026,,Avery Ruggerio,94,,,,,,,https://goleopards.com/sports/field-hockey/roster/avery-ruggerio/14275,,340
Lafayette,2026,,Campbell Lemmink,98,,,,,,,https://goleopards.com/sports/field-hockey/roster/campbell-lemmink/14085,,340
Lafayette,2026,,Addison Kahn,99,,,,,,,https://goleopards.com/sports/field-hockey/roster/addison-kahn/14082,,340
Lehigh,2026,,Carly Smith,1,F,5' 3'',Supply Chain Management,"Downingtown, Pa.",,Downingtown West,https://lehighsports.com/sports/field-hockey/roster/carly-smith/20100,Junior,342
Lehigh,2026,,Kristina Johnson,2,F,5' 1'',Business,"Houston, Texas",,St. John's School (U. of Maryland),https://lehighsports.com/sports/field-hockey/roster/kristina-johnson/20550,Junior,342
Lehigh,2026,,Renee Blake,3,M,4' 11'',Bioengineering,"Eagleville, Pa.",,Methacton,https://lehighsports.com/sports/field-hockey/roster/renee-blake/20087,Junior,342
Lehigh,2026,,Katie McCaffrey,4,M,5' 9'',Business,"Far Hills, N.J.",,Ridge,https://lehighsports.com/sports/field-hockey/roster/katie-mccaffrey/20095,Sophomore,342
Lehigh,2026,,Annie Bibus,5,M,5' 1'',Mechanical Engineering,"Millersville, Pa.",,Penn Manor,https://lehighsports.com/sports/field-hockey/roster/annie-bibus/20086,Senior,342
Lehigh,2026,,Jordyn Pepper,6,F,5' 4'',Biology,"Robbinsville, N.J.",,Robbinsville,https://lehighsports.com/sports/field-hockey/roster/jordyn-pepper/20097,Junior,342
Lehigh,2026,,Nola Ryder,7,M,5' 1'',Journalism,"Wilton, Conn.",,Wilton,https://lehighsports.com/sports/field-hockey/roster/nola-ryder/20099,Senior,342
Lehigh,2026,,Sarah Ryan,8,D,5' 7'',Integrated Business and Health,"Acton, Mass.",,Acton-Boxborough,https://lehighsports.com/sports/field-hockey/roster/sarah-ryan/20452,Fy.,342
Lehigh,2026,,Aubrey Ide,9,F,5' 6'',Accounting,"Saratoga Springs, N.Y.",,Saratoga Springs,https://lehighsports.com/sports/field-hockey/roster/aubrey-ide/20093,Senior,342
Lehigh,2026,,Georgia Reynolds,10,D,5' 7'',Sociology,"Vancouver, B.C.",,Crofton House,https://lehighsports.com/sports/field-hockey/roster/georgia-reynolds/20098,Senior,342
Lehigh,2026,,Lauren Koomans,11,F,5' 6'',Arts and Sciences,"Blaricum, the Netherlands",,Vituscollege,https://lehighsports.com/sports/field-hockey/roster/lauren-koomans/20450,Fy.,342
Lehigh,2026,,Riley Thurston,12,F,5' 0'',Finance,"Hampton, NH",,The Governor's Academy,https://lehighsports.com/sports/field-hockey/roster/riley-thurston/20103,Junior,342
Lehigh,2026,,Katie Murphy,13,M,5' 7'',Business,"Wilton, Conn.",,Tabor Academy,https://lehighsports.com/sports/field-hockey/roster/katie-murphy/20096,Sophomore,342
Lehigh,2026,,Viola Diorio,14,F,5' 7'',Arts and Sciences,"West Chester, Pa.",,Villa Maria Academy,https://lehighsports.com/sports/field-hockey/roster/viola-diorio/20091,Sophomore,342
Lehigh,2026,,Keira McManus,16,M,5' 3'',Business,"Chatham, N.J.",,Chatham,https://lehighsports.com/sports/field-hockey/roster/keira-mcmanus/20451,Fy.,342
Lehigh,2026,,Jordan Kells,17,M,,Biology,"Madison, Conn.",,Daniel Hand,https://lehighsports.com/sports/field-hockey/roster/jordan-kells/20094,Junior,342
Lehigh,2026,,Lucy Kaplan,19,F,5' 6'',Engineering,"Larchmont, N.Y.",,Mamaroneck,https://lehighsports.com/sports/field-hockey/roster/lucy-kaplan/20449,Fy.,342
Lehigh,2026,,Ella Stephenson,20,D,5' 0'',IDEAS,"Mickleton, N.J.",,Kingsway Regional,https://lehighsports.com/sports/field-hockey/roster/ella-stephenson/20101,Senior,342
Lehigh,2026,,Samantha Hillman,21,M,5' 4'',Bioengineering,"St. Louis, Mo.",,Ladue Horton Watkins,https://lehighsports.com/sports/field-hockey/roster/samantha-hillman/20092,Sophomore,342
Lehigh,2026,,Leela Asfor,22,M,4' 11'',Arts and Sciences,"Pompton Plains, N.J.",,Montville Township,https://lehighsports.com/sports/field-hockey/roster/leela-asfor/20448,Fy.,342
Lehigh,2026,,Emily Selcher,23,F,5' 5'',Arts and Sciences,"Exton, Pa.",,Downingtown East,https://lehighsports.com/sports/field-hockey/roster/emily-selcher/20453,Fy.,342
Lehigh,2026,,Gracen Brant,24,F,5' 10'',Economics,"Collegeville, Pa.",,Germantown Academy,https://lehighsports.com/sports/field-hockey/roster/gracen-brant/20088,Senior,342
Lehigh,2026,,Annabelle Strange,25,D,5' 0'',"Health, Medicine and Society","Houston, Texas",,Duchesne Academy (UC Davis),https://lehighsports.com/sports/field-hockey/roster/annabelle-strange/20102,Junior,342
Lehigh,2026,,Lily Burnside,33,GK,5' 9'',Marketing,"New York, N.Y.",,Ethical Culture Fieldston,https://lehighsports.com/sports/field-hockey/roster/lily-burnside/20090,Sophomore,342
Lehigh,2026,,Kate Burgess,35,GK,5' 9'',Computer Science Engineering,"Holden, Mass.",,The Governor's Academy,https://lehighsports.com/sports/field-hockey/roster/kate-burgess/20089,Senior,342
Lehigh,2026,,Norah Kempson,96,GK,,Community and Global Health,"Skillman, N.J.",,The Hun School of Princeton,https://lehighsports.com/sports/field-hockey/roster/norah-kempson/20632,Junior,342
Liberty,2026,,Martu Sánchez Ros,2,D,5' 4'',,"Buenos Aires, Argentina",,Colegio Sagrada Familia Tandil,https://libertyflames.com/sports/field-hockey/roster/martu-snchez-ros/16676,Freshman,352
Liberty,2026,,Danielle Lavery,3,D,5' 1'',,"New Freedom, Pa.",,Susquehannock HS,https://libertyflames.com/sports/field-hockey/roster/danielle-lavery/16677,Freshman,352
Liberty,2026,,Morena Giacosa,4,D,5' 4'',,"Rosario, Argentina",,Colegio San Ramon Nonato,https://libertyflames.com/sports/field-hockey/roster/morena-giacosa/16665,Sophomore,352
Liberty,2026,,Natalie Harrison,5,M,5' 9'',,"Lovettsville, Va.",,Woodgrove HS,https://libertyflames.com/sports/field-hockey/roster/natalie-harrison/16679,Freshman,352
Liberty,2026,,Clarisa Iudicello,7,M,5' 4'',,"Córdoba, Argentina",,FASTA Villa Eucaristica,https://libertyflames.com/sports/field-hockey/roster/clarisa-iudicello/16680,Freshman,352
Liberty,2026,,Autumn Albright,8,D,5' 9'',,"Loysville, Pa.",,West Perry HS,https://libertyflames.com/sports/field-hockey/roster/autumn-albright/16661,Sophomore,352
Liberty,2026,,Pia Iapichino,9,F,5' 2'',,"Buenos Aires, Argentina",,Instituto Universitario River Plate,https://libertyflames.com/sports/field-hockey/roster/pia-iapichino/16681,Freshman,352
Liberty,2026,,Ntsopa Mokoena,10,F,4' 10'',,"Bethlehem, South Africa",,Futures Academy,https://libertyflames.com/sports/field-hockey/roster/ntsopa-mokoena/16682,Freshman,352
Liberty,2026,,Josefina Tomasi,11,F,5' 9'',,"Cañada de Gómez, Argentina",,Instituto José Razetto,https://libertyflames.com/sports/field-hockey/roster/josefina-tomasi/16674,Junior,352
Liberty,2026,,Mia Santana,12,M,5' 4'',,"San Nicolás, Argentina",,Escuela Normal Rafael Obligado,https://libertyflames.com/sports/field-hockey/roster/mia-santana/16672,Sophomore,352
Liberty,2026,,Kyleigh Faust,13,D,5' 2'',,"Alburtis, Pa.",,Emmaus HS,https://libertyflames.com/sports/field-hockey/roster/kyleigh-faust/16663,Graduate,352
Liberty,2026,,Julieta Tornati,14,D,5' 8'',,"Buenos Aires, Argentina",,Instituto Nuestra Señora de las Nieves,https://libertyflames.com/sports/field-hockey/roster/julieta-tornati/16675,Sophomore,352
Liberty,2026,,Zoé Gaillard,15,F,5' 5'',,"Paris, France",,Lycée Marguerite de Flandre,https://libertyflames.com/sports/field-hockey/roster/zo-gaillard/16664,Sophomore,352
Liberty,2026,,Liz Bustillo,16,M,5' 2'',,"Millersville, Pa.",,Penn Manor HS,https://libertyflames.com/sports/field-hockey/roster/liz-bustillo/16662,Sophomore,352
Liberty,2026,,Luna Prieri,17,F,5' 3'',,"San Luis, Argentina",,Escuela Publica Autogestionada N5 Modelo San Luis,https://libertyflames.com/sports/field-hockey/roster/luna-prieri/16670,Senior,352
Liberty,2026,,Teshawn De La Rey,18,M,5' 1'',,"Johannesburg, South Africa",,Helpmekaar Kollege,https://libertyflames.com/sports/field-hockey/roster/teshawn-de-la-rey/16683,Senior,352
Liberty,2026,,Alexia Guedouar,19,M,5' 6'',,"Brussels, Belgium",,Ecole Decroly,https://libertyflames.com/sports/field-hockey/roster/alexia-guedouar/16684,Freshman,352
Liberty,2026,,Ashlee Bucksar,20,F,5' 7'',,"Philadelphia, Pa.",,William Penn Charter School,https://libertyflames.com/sports/field-hockey/roster/ashlee-bucksar/16678,Senior,352
Liberty,2026,,Avery Pollock,24,F,5' 5'',,"Hummelstown, Pa.",,Lower Dauphin HS,https://libertyflames.com/sports/field-hockey/roster/avery-pollock/16669,Junior,352
Liberty,2026,,Paris-Gail Isaacs,26,M,5' 7'',,"Johannesburg, South Africa",,Beaulieu College,https://libertyflames.com/sports/field-hockey/roster/parisgail-isaacs/16667,Sophomore,352
Liberty,2026,,Tori Griffiths,27,F,5' 7'',,"Clarksboro, N.J.",,Kingsway Regional HS,https://libertyflames.com/sports/field-hockey/roster/tori-griffiths/16666,Graduate,352
Liberty,2026,,Diane Saint Martin,31,GK,5' 6'',,"Paris, France",,Lycée Marguerite de Flandre,https://libertyflames.com/sports/field-hockey/roster/diane-saint-martin/16671,Sophomore,352
Liberty,2026,,Dara Semmartin,32,D,5' 7'',,"Buenos Aires, Argentina",,Brick Towers College,https://libertyflames.com/sports/field-hockey/roster/dara-semmartin/16673,Junior,352
Liberty,2026,,Allena Jaworski,89,GK,5' 3'',,"Mount Airy, Md.",,Linganore HS,https://libertyflames.com/sports/field-hockey/roster/allena-jaworski/16685,Freshman,352
Liberty,2026,,Isabel Pardo de Santayana,92,GK,5' 8'',,"Madrid, Spain",,Frank W. Cox HS,https://libertyflames.com/sports/field-hockey/roster/isabel-pardo-de-santayana/16668,Sophomore,352
Lindenwood,2026,,Samantha Garden,1,,,,,,,https://lindenwoodlions.com/sports/field-hockey/roster/samantha-garden/25893,,355
Lindenwood,2026,,Reilly Casey,2,,,,,,,https://lindenwoodlions.com/sports/field-hockey/roster/reilly-casey/25915,,355
Lindenwood,2026,,Sydney Stumpf,3,,,,,,,https://lindenwoodlions.com/sports/field-hockey/roster/sydney-stumpf/25911,,355
Lindenwood,2026,,Hailey Bainer,4,,,,,,,https://lindenwoodlions.com/sports/field-hockey/roster/hailey-bainer/25909,,355
Lindenwood,2026,,Audrey Woods,5,,,,,,,https://lindenwoodlions.com/sports/field-hockey/roster/audrey-woods/25914,,355
Lindenwood,2026,,Lindsay Halden,6,,,,,,,https://lindenwoodlions.com/sports/field-hockey/roster/lindsay-halden/25897,,355
Lindenwood,2026,,Orla Folan,7,,,,,,,https://lindenwoodlions.com/sports/field-hockey/roster/orla-folan/25889,,355
Lindenwood,2026,,Heidi van Dyk,8,,,,,,,https://lindenwoodlions.com/sports/field-hockey/roster/heidi-van-dyk/25890,,355
Lindenwood,2026,,Rachel Bannatyne,9,,,,,,,https://lindenwoodlions.com/sports/field-hockey/roster/rachel-bannatyne/25891,,355
Lindenwood,2026,,Maud van der Schaaf,11,,,,,,,https://lindenwoodlions.com/sports/field-hockey/roster/maud-van-der-schaaf/25916,,355
Lindenwood,2026,,Lea Heinen,12,,,,,,,https://lindenwoodlions.com/sports/field-hockey/roster/lea-heinen/25913,,355
Lindenwood,2026,,Emma Hulsmeyer,15,,,,,,,https://lindenwoodlions.com/sports/field-hockey/roster/emma-hulsmeyer/25894,,355
Lindenwood,2026,,Mia Simpson,16,,,,,,,https://lindenwoodlions.com/sports/field-hockey/roster/mia-simpson/25895,,355
Lindenwood,2026,,Izzy Folan,17,,,,,,,https://lindenwoodlions.com/sports/field-hockey/roster/izzy-folan/25896,,355
Lindenwood,2026,,Alice van Hemelen,18,,,,,,,https://lindenwoodlions.com/sports/field-hockey/roster/alice-van-hemelen/25910,,355
Lindenwood,2026,,Eléonore de Lasa,19,,,,,,,https://lindenwoodlions.com/sports/field-hockey/roster/el-onore-de-lasa/25898,,355
Lindenwood,2026,,Delaney Lentz,20,,,,,,,https://lindenwoodlions.com/sports/field-hockey/roster/delaney-lentz/25899,,355
Lindenwood,2026,,Kara Kimery,21,,,,,,,https://lindenwoodlions.com/sports/field-hockey/roster/kara-kimery/25900,,355
Lindenwood,2026,,Rachel Goebel,22,,,,,,,https://lindenwoodlions.com/sports/field-hockey/roster/rachel-goebel/25901,,355
Lindenwood,2026,,Makenna Rugani,23,,,,,,,https://lindenwoodlions.com/sports/field-hockey/roster/makenna-rugani/25902,,355
Lindenwood,2026,,Riley Enget,24,,,,,,,https://lindenwoodlions.com/sports/field-hockey/roster/riley-enget/25903,,355
Lindenwood,2026,,Anna Clem,25,,,,,,,https://lindenwoodlions.com/sports/field-hockey/roster/anna-clem/25905,,355
Lindenwood,2026,,Marina Evert,27,,,,,,,https://lindenwoodlions.com/sports/field-hockey/roster/marina-evert/25904,,355
Lindenwood,2026,,Lily Rickert,32,,,,,,,https://lindenwoodlions.com/sports/field-hockey/roster/lily-rickert/25917,,355
Lindenwood,2026,,Leah Brozovich,44,,,,,,,https://lindenwoodlions.com/sports/field-hockey/roster/leah-brozovich/25906,,355
Lindenwood,2026,,Yamilet Bravo-Ayala,53,,,,,,,https://lindenwoodlions.com/sports/field-hockey/roster/yamilet-bravo-ayala/25907,,355
Lindenwood,2026,,Kyla Cooke,99,,,,,,,https://lindenwoodlions.com/sports/field-hockey/roster/kyla-cooke/25908,,355
LIU,2026,,Ella Miura,1,,,,,,,https://www.liuathletics.com/sports/field-hockey/roster/ella-miura/7255,,30136
LIU,2026,,Avery Bergvall,4,,,,,,,https://www.liuathletics.com/sports/field-hockey/roster/avery-bergvall/7256,,30136
LIU,2026,,Hayden Roddis,6,,,,,,,https://www.liuathletics.com/sports/field-hockey/roster/hayden-roddis/7265,,30136
LIU,2026,,Caitlyn Guilfoil,7,,,,,,,https://www.liuathletics.com/sports/field-hockey/roster/caitlyn-guilfoil/7254,,30136
LIU,2026,,Ava Peters,8,,,,,,,https://www.liuathletics.com/sports/field-hockey/roster/ava-peters/7264,,30136
LIU,2026,,Delfina Gonzalez,10,,,,,,,https://www.liuathletics.com/sports/field-hockey/roster/delfina-gonzalez/7263,,30136
LIU,2026,,Lotte van Dusseldorp,11,,,,,,,https://www.liuathletics.com/sports/field-hockey/roster/lotte-van-dusseldorp/7268,,30136
LIU,2026,,Tori Bove,13,,,,,,,https://www.liuathletics.com/sports/field-hockey/roster/tori-bove/7257,,30136
LIU,2026,,Tess Termars,14,,,,,,,https://www.liuathletics.com/sports/field-hockey/roster/tess-termars/7251,,30136
LIU,2026,,Georgia Dudon,18,,,,,,,https://www.liuathletics.com/sports/field-hockey/roster/georgia-dudon/7261,,30136
LIU,2026,,Lilly Clark,19,,,,,,,https://www.liuathletics.com/sports/field-hockey/roster/lilly-clark/7258,,30136
LIU,2026,,Maria Ippolito,21,,,,,,,https://www.liuathletics.com/sports/field-hockey/roster/maria-ippolito/7253,,30136
LIU,2026,,Julie Toma,22,,,,,,,https://www.liuathletics.com/sports/field-hockey/roster/julie-toma/7267,,30136
LIU,2026,,MingGe Daley,24,,,,,,,https://www.liuathletics.com/sports/field-hockey/roster/mingge-daley/7252,,30136
LIU,2026,,Regan Smith,36,,,,,,,https://www.liuathletics.com/sports/field-hockey/roster/regan-smith/7266,,30136
LIU,2026,,Natalia Ferreira,77,,,,,,,https://www.liuathletics.com/sports/field-hockey/roster/natalia-ferreira/7262,,30136
LIU,2026,,Taryn Dolka,96,,,,,,,https://www.liuathletics.com/sports/field-hockey/roster/taryn-dolka/7259,,30136
Lock Haven,2026,,Maddie Friend,1,F,,,"Royersford, Pa.",Spring Ford,,https://www.lockhavenathletics.com/sports/field-hockey/roster/maddie-friend/11936,Junior,360
Lock Haven,2026,,Maddy Huston,2,F,,,"Medford, N.J.",Shawnee,,https://www.lockhavenathletics.com/sports/field-hockey/roster/maddy-huston/11938,Junior,360
Lock Haven,2026,,Jade Pannuty,3,D,,,"Catonsville, Md.",Fort Walton Beach,,https://www.lockhavenathletics.com/sports/field-hockey/roster/jade-pannuty/12177,Freshman,360
Lock Haven,2026,,Larkin Tweet,4,D,,,"Hummelstown, Pa.",Hershey,,https://www.lockhavenathletics.com/sports/field-hockey/roster/larkin-tweet/12178,Freshman,360
Lock Haven,2026,,Cecilia Kleckner,5,D,,,"Orefield, Pa.",Parkland,,https://www.lockhavenathletics.com/sports/field-hockey/roster/cecilia-kleckner/12179,Freshman,360
Lock Haven,2026,,Cassidy Clausnitzer,6,F,,,"Center Valley, Pa.",Southern Lehigh,,https://www.lockhavenathletics.com/sports/field-hockey/roster/cassidy-clausnitzer/12180,Freshman,360
Lock Haven,2026,,Grace Roberts,7,M,,,"Walnutport, Pa.",Northampton,,https://www.lockhavenathletics.com/sports/field-hockey/roster/grace-roberts/12181,Freshman,360
Lock Haven,2026,,Eva Drumbore,8,M,,,"Schwenksville, Pa.",Spring-Ford,,https://www.lockhavenathletics.com/sports/field-hockey/roster/eva-drumbore/11935,Sophomore,360
Lock Haven,2026,,Aubrey Richards,9,F,,,"Marysville, Pa.",Susquenita,,https://www.lockhavenathletics.com/sports/field-hockey/roster/aubrey-richards/11942,Junior,360
Lock Haven,2026,,Alina Baetz,10,F,,,"Camp Hill, Pa.",Camp Hill,,https://www.lockhavenathletics.com/sports/field-hockey/roster/alina-baetz/12182,Freshman,360
Lock Haven,2026,,Peyton Conover,11,M,,,"Hanover, Pa.",Hanover,,https://www.lockhavenathletics.com/sports/field-hockey/roster/peyton-conover/11932,Junior,360
Lock Haven,2026,,Katie Szczypiorski,12,D,,,"Doylestown, Pa.",Central Bucks East,,https://www.lockhavenathletics.com/sports/field-hockey/roster/katie-szczypiorski/12183,Freshman,360
Lock Haven,2026,,Haley Kvacky,14,M,,,"Macungie, Pa.",Emmaus,,https://www.lockhavenathletics.com/sports/field-hockey/roster/haley-kvacky/11941,Junior,360
Lock Haven,2026,,Keira Horensky,17,M,,,"Perkasie, Pa.",Pennridge,,https://www.lockhavenathletics.com/sports/field-hockey/roster/keira-horensky/11937,Junior,360
Lock Haven,2026,,Rylee Wassmer,18,D,,,"Patchogue, N.Y.",Patchogue Medford,,https://www.lockhavenathletics.com/sports/field-hockey/roster/rylee-wassmer/11946,Junior,360
Lock Haven,2026,,Max Russell,19,F,,,"Thousand Oaks, Cal.",Boca Raton,,https://www.lockhavenathletics.com/sports/field-hockey/roster/max-russell/12184,Freshman,360
Lock Haven,2026,,Mo Gerber,20,D,,,"Carlisle, Pa.",Carlisle,,https://www.lockhavenathletics.com/sports/field-hockey/roster/mo-gerber/12192,Sophomore,360
Lock Haven,2026,,Cyan Kvacky,21,D,,,"Emmaus, Pa.",Emmaus,,https://www.lockhavenathletics.com/sports/field-hockey/roster/cyan-kvacky/11940,Junior,360
Lock Haven,2026,,Jenna Connell,23,F,,,"Cranford, N.J.",Cranford,,https://www.lockhavenathletics.com/sports/field-hockey/roster/jenna-connell/12185,Freshman,360
Lock Haven,2026,,Melanie Beall,24,F,,,"York Springs, Pa.",Bermudian Springs,,https://www.lockhavenathletics.com/sports/field-hockey/roster/melanie-beall/11931,Senior,360
Lock Haven,2026,,Madison Christiano,25,D,,,"Wilmington, Del.",Padua Academy,,https://www.lockhavenathletics.com/sports/field-hockey/roster/madison-christiano/12191,Sophomore,360
Lock Haven,2026,,Paula Sigley,27,D,,,"York, Pa.",York Suburban,,https://www.lockhavenathletics.com/sports/field-hockey/roster/paula-sigley/11943,Senior,360
Lock Haven,2026,,Ambar Bruno,28,M,,,"Mendoza, Argentina",Colegio Las Candelas,,https://www.lockhavenathletics.com/sports/field-hockey/roster/ambar-bruno/12186,Freshman,360
Lock Haven,2026,,Maggie Moylan,29,F,,,"Annapolis, Md.",Annapolis,,https://www.lockhavenathletics.com/sports/field-hockey/roster/maggie-moylan/12187,Freshman,360
Lock Haven,2026,,Pilar Peroni,31,M,,,"Cordoba, Argentina",Academia Arguello,,https://www.lockhavenathletics.com/sports/field-hockey/roster/pilar-peroni/12188,Freshman,360
Lock Haven,2026,,Sophie Owens,44,GK,,,"Lincoln, R.I.",LaSalle Academy,,https://www.lockhavenathletics.com/sports/field-hockey/roster/sophie-owens/12189,Freshman,360
Lock Haven,2026,,Quinty van Luijk,99,GK,,,"Utrecht, Netherlands",Utrecht Waldorf,,https://www.lockhavenathletics.com/sports/field-hockey/roster/quinty-van-luijk/11945,Sophomore,360
Longwood,2026,,Bree Riggs,2,,,,,,,https://longwoodlancers.com/sports/field-hockey/roster/bree-riggs/6636,,363
Longwood,2026,,Hailey Flick,3,,,,,,,https://longwoodlancers.com/sports/field-hockey/roster/hailey-flick/6631,,363
Longwood,2026,,Sawyer Anderson,4,,,,,,,https://longwoodlancers.com/sports/field-hockey/roster/sawyer-anderson/6644,,363
Longwood,2026,,Caitlin Meeker,5,,,,,,,https://longwoodlancers.com/sports/field-hockey/roster/caitlin-meeker/6642,,363
Longwood,2026,,Channy Johnson,6,,,,,,,https://longwoodlancers.com/sports/field-hockey/roster/channy-johnson/6643,,363
Longwood,2026,,Skylar Freistat,7,,,,,,,https://longwoodlancers.com/sports/field-hockey/roster/skylar-freistat/6645,,363
Longwood,2026,,Ava Vertino,8,,,,,,,https://longwoodlancers.com/sports/field-hockey/roster/ava-vertino/6646,,363
Longwood,2026,,Brenna Kadjeski,9,,,,,,,https://longwoodlancers.com/sports/field-hockey/roster/brenna-kadjeski/6633,,363
Longwood,2026,,Jordan White,10,,,,,,,https://longwoodlancers.com/sports/field-hockey/roster/jordan-white/6640,,363
Longwood,2026,,Molly Rothenberger,11,,,,,,,https://longwoodlancers.com/sports/field-hockey/roster/molly-rothenberger/6637,,363
Longwood,2026,,Aubrey White,13,,,,,,,https://longwoodlancers.com/sports/field-hockey/roster/aubrey-white/6639,,363
Longwood,2026,,Ava Barrick,17,,,,,,,https://longwoodlancers.com/sports/field-hockey/roster/ava-barrick/6628,,363
Longwood,2026,,Caitlin Carraway,18,,,,,,,https://longwoodlancers.com/sports/field-hockey/roster/caitlin-carraway/6629,,363
Longwood,2026,,Meghan Hyatt,19,,,,,,,https://longwoodlancers.com/sports/field-hockey/roster/meghan-hyatt/6632,,363
Longwood,2026,,Ashtyn Blackburn,20,,,,,,,https://longwoodlancers.com/sports/field-hockey/roster/ashtyn-blackburn/6647,,363
Longwood,2026,,Erin Seery,21,,,,,,,https://longwoodlancers.com/sports/field-hockey/roster/erin-seery/6648,,363
Longwood,2026,,Emmie Pisterman,22,,,,,,,https://longwoodlancers.com/sports/field-hockey/roster/emmie-pisterman/6635,,363
Longwood,2026,,Haley Walsh,23,,,,,,,https://longwoodlancers.com/sports/field-hockey/roster/haley-walsh/6649,,363
Longwood,2026,,Caylin Donlevy,25,,,,,,,https://longwoodlancers.com/sports/field-hockey/roster/caylin-donlevy/6630,,363
Longwood,2026,,Sophie Mooldijk,33,,,,,,,https://longwoodlancers.com/sports/field-hockey/roster/sophie-mooldijk/6634,,363
Longwood,2026,,Addy Zabicki,56,,,,,,,https://longwoodlancers.com/sports/field-hockey/roster/addy-zabicki/6650,,363
Longwood,2026,,Addie Whitmyer,86,,,,,,,https://longwoodlancers.com/sports/field-hockey/roster/addie-whitmyer/6641,,363
Louisville,2026,,Emily Young,1,GK,5' 7'',,"Houston, Texas",,Episcopal,https://gocards.com/sports/field-hockey/roster/emily-young/18120,Senior,367
Louisville,2026,,Megan Mauzy,2,D,5' 7'',,"Louisville, Ky.",,Christian Academy,https://gocards.com/sports/field-hockey/roster/megan-mauzy/18112,Junior,367
Louisville,2026,,Sophia Parker,3,M,5' 5'',,"Doylestown, Pa.",,Central Bucks East,https://gocards.com/sports/field-hockey/roster/sophia-parker/18113,Graduate,367
Louisville,2026,,Lauren Masters,4,F,5' 1'',,"Pittstown, N.J.",,North Hunterdon Regional,https://gocards.com/sports/field-hockey/roster/lauren-masters/18111,Senior,367
Louisville,2026,,Chloe Plumb,5,F,5' 10'',,"Ramsgate, England",,St Lawrence College,https://gocards.com/sports/field-hockey/roster/chloe-plumb/18115,Senior,367
Louisville,2026,,Lylah Kaminski,6,F,5' 4'',,"St. Louis, Mo.",,St. Joseph's Academy,https://gocards.com/sports/field-hockey/roster/lylah-kaminski/18121,Freshman,367
Louisville,2026,,Gigi Edwards,7,F,5' 8'',,"St. Louis, Mo.",,Villa Duchesne,https://gocards.com/sports/field-hockey/roster/gigi-edwards/18106,Senior,367
Louisville,2026,,Bibi van der Lande,8,D,5' 8'',,"Vught, The Netherlands",,Maurick College,https://gocards.com/sports/field-hockey/roster/bibi-van-der-lande/18122,Freshman,367
Louisville,2026,,Tamera Cookman,9,M,5' 2'',,"London, England",,St. Teresa’s Effingham,https://gocards.com/sports/field-hockey/roster/tamera-cookman/18123,Senior,367
Louisville,2026,,Aubreigh Uba,10,M,5' 8'',,"Douglassville, Pa.",,Berks Catholic,https://gocards.com/sports/field-hockey/roster/aubreigh-uba/18118,Senior,367
Louisville,2026,,Gracie Potter,11,M,5' 10'',,"Whangarei, New Zealand",,St. Paul’s Collegiate School,https://gocards.com/sports/field-hockey/roster/gracie-potter/18116,Sophomore,367
Louisville,2026,,Tatum Bohnert,12,M,5' 7'',,"Louisville, Ky.",,Sacred Heart,https://gocards.com/sports/field-hockey/roster/tatum-bohnert/18105,Sophomore,367
Louisville,2026,,Trijntje Herfkens,14,D,5' 3'',,Bussum The Netherlands,,Goois Lyceum,https://gocards.com/sports/field-hockey/roster/trijntje-herfkens/18108,Junior,367
Louisville,2026,,Jaelen Perez,15,D,5' 3'',,"Broadlands, Va.",,Independence,https://gocards.com/sports/field-hockey/roster/jaelen-perez/18114,Sophomore,367
Louisville,2026,,Daantje Bakker,16,M,5' 8'',,"Nijmegen, The Netherlands",,"Montessori College, Nimjegen",https://gocards.com/sports/field-hockey/roster/daantje-bakker/18124,Freshman,367
Louisville,2026,,Mary Wordelmann,17,M,5' 1'',,"Mickleton, N.J.",,Kingsway Regional,https://gocards.com/sports/field-hockey/roster/mary-wordelmann/18119,Junior,367
Louisville,2026,,Reese Johnson,18,M,5' 7'',,"Louisville, Ky.",,Ballard,https://gocards.com/sports/field-hockey/roster/reese-johnson/18125,Freshman,367
Louisville,2026,,Maggie Kearin,19,D,5' 3'',,"Moorpark, Calif.",,Louisville,https://gocards.com/sports/field-hockey/roster/maggie-kearin/18126,Freshman,367
Louisville,2026,,Addison Jay,20,D,5' 6'',,"Burlington, Mass.",,The Governor's Academy,https://gocards.com/sports/field-hockey/roster/addison-jay/18110,Junior,367
Louisville,2026,,Annabel Sep,21,D,5' 6'',,"Amsterdam, The Netherlands",,University of Amsterdam,https://gocards.com/sports/field-hockey/roster/annabel-sep/18117,Senior,367
Louisville,2026,,Genevieve Vallieres,22,F,5' 3'',,"Princeton, N.J.",,The Pennington School,https://gocards.com/sports/field-hockey/roster/genevieve-vallieres/18127,Freshman,367
Louisville,2026,,Tyler Everslage,23,F,5' 5'',,"Louisville, Ky.",,Assumption,https://gocards.com/sports/field-hockey/roster/tyler-everslage/18107,Senior,367
Louisville,2026,,Riley Guy,25,M,5' 6'',,"Louisville, Ky.",,Assumption,https://gocards.com/sports/field-hockey/roster/riley-guy/18128,Sophomore,367
Louisville,2026,,Katie Hume,86,GK,5' 8'',,"Enola, Pa.",,Cumberland Valley,https://gocards.com/sports/field-hockey/roster/katie-hume/18109,Sophomore,367
Maine,2026,,Jayde Temby,1,GK,,,"Melbourne, Victoria",,Mentone Grammer,https://goblackbears.com/sports/field-hockey/roster/jayde-temby/13117,Senior,380
Maine,2026,,Heidi Fletcher,2,M,,,"York, England",,Crostyx Hockey Club,https://goblackbears.com/sports/field-hockey/roster/heidi-fletcher/13317,Freshman,380
Maine,2026,,Floor Dijkhuizen,3,M,,,"Amsterdam, Netherlands",,St. Ignatiusgymnasium,https://goblackbears.com/sports/field-hockey/roster/floor-dijkhuizen/13107,Junior,380
Maine,2026,,Fiona Günsch,4,GK,,,"Adendorf, Germany",,Adendorf,https://goblackbears.com/sports/field-hockey/roster/fiona-gnsch/13321,Freshman,380
Maine,2026,,Leyden Churchill,5,F,,,"Dover, N.H.",,Dover High School,https://goblackbears.com/sports/field-hockey/roster/leyden-churchill/13105,Sophomore,380
Maine,2026,,Sofia Miller,6,F,,,"Keene, N.H.",,Keene High School,https://goblackbears.com/sports/field-hockey/roster/sofia-miller/13111,Sophomore,380
Maine,2026,,Emily Chisholm,7,F,,,"Burlington, Ontario",,Assumption CSS,https://goblackbears.com/sports/field-hockey/roster/emily-chisholm/13104,Junior,380
Maine,2026,,Louisa Plaehn,8,D,,,"Lower Saxony, Germany",,Kaiser-Wilhelm-und-Ratsgymnasium Hannover,https://goblackbears.com/sports/field-hockey/roster/louisa-plaehn/13114,Sophomore,380
Maine,2026,,Saylor Kuefler,10,F,,,"Coquitlam, British Columbia",,Centennial Secondary,https://goblackbears.com/sports/field-hockey/roster/saylor-kuefler/13110,Senior,380
Maine,2026,,Charlotte McNeill,11,F,,,"Harleysville, PA",,Souderton Area,https://goblackbears.com/sports/field-hockey/roster/charlotte-mcneill/13318,Freshman,380
Maine,2026,,Nicole Kowalewski,12,D,,,"Midhirst, Taranaki, New Zealand",,New Plymouth High School,https://goblackbears.com/sports/field-hockey/roster/nicole-kowalewski/13109,Sophomore,380
Maine,2026,,Allison Sweetser,15,F,,,"Falmouth, Maine",,Falmouth High School,https://goblackbears.com/sports/field-hockey/roster/allison-sweetser/13116,Sophomore,380
Maine,2026,,Brynn Dzengelewski,16,M,,,"Highlands Ranch, Colo.",,Arapahoe High School,https://goblackbears.com/sports/field-hockey/roster/brynn-dzengelewski/13108,Senior,380
Maine,2026,,Martha Barratt,17,F,,,"Bristol, U.K.",,Redmaids' High School,https://goblackbears.com/sports/field-hockey/roster/martha-barratt/13103,Sophomore,380
Maine,2026,,Connie Davies,18,D,,,"Newport, Wales",,Clifton College,https://goblackbears.com/sports/field-hockey/roster/connie-davies/13106,Junior,380
Maine,2026,,Taylor Stanford,19,F,,,"Burlington, Ontario",,Appleby College,https://goblackbears.com/sports/field-hockey/roster/taylor-stanford/13118,Senior,380
Maine,2026,,Gabrielle Sousa,21,M,,,"Farmingdale, Maine",,Gardiner Area High School,https://goblackbears.com/sports/field-hockey/roster/gabrielle-sousa/13115,Sophomore,380
Maine,2026,,Luisa Müller,22,D,,,"Munich, Germany",,ASV München,https://goblackbears.com/sports/field-hockey/roster/luisa-mller/13319,Freshman,380
Maine,2026,,Eloise Penty,24,D,,,"Nottingham, England",,Trent College,https://goblackbears.com/sports/field-hockey/roster/eloise-penty/13112,Senior,380
Maine,2026,,Annabel Halkes,33,GK,,,"Haarlem, Netherland",,Almeerse Hockey Club,https://goblackbears.com/sports/field-hockey/roster/annabel-halkes/13320,Freshman,380
Maryland,2026,,Alyssa Klebasko,1,GK,5' 4'',Kinesiology,"Odenton, MD",,Garrison Forest,https://umterps.com/sports/field-hockey/roster/alyssa-klebasko/15552,Senior,392
Maryland,2026,,Rachael Whitehead,2,M,5' 9'',,"Hockessin, Del.",,The Tatnall School,https://umterps.com/sports/field-hockey/roster/rachael-whitehead/15844,Senior,392
Maryland,2026,,Brinkley Eyre,3,M,5' 2'',Communication,"Glenwood, MD",,Glenelg,https://umterps.com/sports/field-hockey/roster/brinkley-eyre/15547,Sophomore,392
Maryland,2026,,Maci Bradford,4,F,5' 5'',Human Development,"Delmar, DE",,Delmar,https://umterps.com/sports/field-hockey/roster/maci-bradford/15544,Senior,392
Maryland,2026,,Francisca Eschoyez,5,M,5' 10'',,"Turin, Italy",,Istituto Padre Pasquale Lanzano,https://umterps.com/sports/field-hockey/roster/francisca-eschoyez/15845,Junior,392
Maryland,2026,,Maia Adamson,6,M,5' 4'',Letters and Sciences,"Grafton, New South Wales, Australia",,Grafton,https://umterps.com/sports/field-hockey/roster/maia-adamson/15543,Sophomore,392
Maryland,2026,,Eleonora Di Paola,7,F,5' 5'',,"Rome, Italy",,Liceo Plinio Seniore,https://umterps.com/sports/field-hockey/roster/eleonora-di-paola/16207,Freshman,392
Maryland,2026,,Ella Beach,8,M,5' 6'',,"Northbrook, IL",,Glenbrook,https://umterps.com/sports/field-hockey/roster/ella-beach/16208,Freshman,392
Maryland,2026,,Babs van Hest,9,F,5' 3'',,"Eindhoven, Netherlands",,Montessori College Eindhoven,https://umterps.com/sports/field-hockey/roster/babs-van-hest/15846,Junior,392
Maryland,2026,,Ella Fehr,11,M,5' 8'',Letters and Sciences,"Berlin, Germany",,Sportschule im Olympiapark - Poelchau,https://umterps.com/sports/field-hockey/roster/ella-fehr/15548,Junior,392
Maryland,2026,,Josie Hollamon,12,D,5' 4'',Economics,"Delmar, DE",,Delmar,https://umterps.com/sports/field-hockey/roster/josie-hollamon/15551,Senior,392
Maryland,2026,,Jordyn Hollamon,13,F,5' 4'',Letters and Sciences,"Delmar, DE",,Delmar,https://umterps.com/sports/field-hockey/roster/jordyn-hollamon/15550,Sophomore,392
Maryland,2026,,Skylar Gilman,15,F,5' 3'',Letters and Sciences,"Edgewater, MD",,Archbishop Spalding,https://umterps.com/sports/field-hockey/roster/skylar-gilman/15549,Sophomore,392
Maryland,2026,,Lily Mitchell,16,D,5' 4'',Aerospace Engineering,"Leonardtown, MD",,Leonardtown,https://umterps.com/sports/field-hockey/roster/lily-mitchell/16209,Freshman,392
Maryland,2026,,Sarah Walker,17,D,5' 5'',Business and Management,"Woodbine, MD",,Glenelg,https://umterps.com/sports/field-hockey/roster/sarah-walker/15560,Sophomore,392
Maryland,2026,,Kendall Gilmore,18,M,5' 9'',Letters and Sciences,"Uxbridge, MA",,Uxbridge,https://umterps.com/sports/field-hockey/roster/kendall-gilmore/16210,Freshman,392
Maryland,2026,,Feliz Kuhne,20,M,5' 9'',Letters and Sciences,Netherlands,,Luzac Rotterdam,https://umterps.com/sports/field-hockey/roster/feliz-kuhne/15554,Sophomore,392
Maryland,2026,,Djuna Eikelboom,21,M,5' 9'',Letters and Sciences,Netherlands,,Spinoza Lyceum,https://umterps.com/sports/field-hockey/roster/djuna-eikelboom/15546,Sophomore,392
Maryland,2026,,Madeline Vasilios,22,F,5' 8'',Finance,"Clarksville, MD",,River Hill,https://umterps.com/sports/field-hockey/roster/madeline-vasilios/15559,Senior,392
Maryland,2026,,Aida Ierubino,23,M,5' 4'',,"Doylestown, PA",,Central Bucks High School-West,https://umterps.com/sports/field-hockey/roster/aida-ierubino/15847,Freshman,392
Maryland,2026,,Erin Callahan,29,D,5' 0'',Supply Chain Management,"Woolwich Township, NJ",,Kingsway Regional,https://umterps.com/sports/field-hockey/roster/erin-callahan/15545,Sophomore,392
Maryland,2026,,Ryleigh Osborne,88,GK,5' 8'',Letters and Sciences,"Crofton, MD",,Crofton,https://umterps.com/sports/field-hockey/roster/ryleigh-osborne/15555,Sophomore,392
Massachusetts,2026,,Niamh McKenzie,1,F,5' 5'',,"Christchurch, New Zealand",,St. Margaret's College,https://umassathletics.com/sports/field-hockey/roster/niamh-mckenzie/18433,Graduate,400
Massachusetts,2026,,Sophie Kent,2,M,5' 5'',,,,King Edward VI School,https://umassathletics.com/sports/field-hockey/roster/sophie-kent/18421,Sophomore,400
Massachusetts,2026,,Neva Eisenga,3,D,5' 6'',,"Rotterdam, Zuid-Holland, The Netherlands",,Erasmiaans Gymnasium,https://umassathletics.com/sports/field-hockey/roster/neva-eisenga/18414,Senior,400
Massachusetts,2026,,Amy Cornfield,4,D,5' 0'',,"Exeter, England",,Exeter School,https://umassathletics.com/sports/field-hockey/roster/amy-cornfield/18412,Sophomore,400
Massachusetts,2026,,Megan Carpenter,5,M,5' 5'',,"Stevensville, Md.",,Kent Island,https://umassathletics.com/sports/field-hockey/roster/megan-carpenter/18409,Senior,400
Massachusetts,2026,,Fiene Jenniskens,6,M,5' 5'',,"Eindhoven, The Netherlands",,Augustinianum,https://umassathletics.com/sports/field-hockey/roster/fiene-jenniskens/18419,Sophomore,400
Massachusetts,2026,,Lina Kroeger,7,D,5' 10'',,"Munich, Germany",,Gymnasium Munich North Elite School of Sports,https://umassathletics.com/sports/field-hockey/roster/lina-kroeger/18422,Sophomore,400
Massachusetts,2026,,Cara Falconer,8,M,5' 8'',,"Woking, England",,Gordon’s School,https://umassathletics.com/sports/field-hockey/roster/cara-falconer/18415,Junior,400
Massachusetts,2026,,Emily Barrett,9,F,5' 6'',,"Sevenoaks, England",,Brighton College,https://umassathletics.com/sports/field-hockey/roster/emily-barrett/18408,Sophomore,400
Massachusetts,2026,,Sophia Ponzini,10,M,5' 7'',,"Windham, NH",,Windham High School,https://umassathletics.com/sports/field-hockey/roster/sophia-ponzini/18425,Junior,400
Massachusetts,2026,,Anna Cowan,11,F,5' 6'',,"Portsmouth, NH",,The Hill School (PA),https://umassathletics.com/sports/field-hockey/roster/anna-cowan/18413,Junior,400
Massachusetts,2026,,Hannah Donald,12,M,5' 5'',,"Wairarapa, New Zealand",,Wairarapa College,https://umassathletics.com/sports/field-hockey/roster/hannah-donald/18434,Graduate,400
Massachusetts,2026,,Elani Sherwood,13,F,5' 3'',,"Surbiton, England",,Surbiton High School,https://umassathletics.com/sports/field-hockey/roster/elani-sherwood/18426,Junior,400
Massachusetts,2026,,Izzy Geoghegan,14,F,5' 3'',,"Twickenham, England",,Surbiton High School,https://umassathletics.com/sports/field-hockey/roster/izzy-geoghegan/18416,Sophomore,400
Massachusetts,2026,,Isla Campbell,15,F,5' 6'',,"Hitchin, England",,Bedford Girls' School,https://umassathletics.com/sports/field-hockey/roster/isla-campbell/18430,Freshman,400
Massachusetts,2026,,Jenna Herbster,16,D,5' 4'',,"Carlisle, Pa.",,Cumberland Valley,https://umassathletics.com/sports/field-hockey/roster/jenna-herbster/18418,Senior,400
Massachusetts,2026,,Devyn Conlan,17,F,5' 4'',,"Horsham, Pa.",,Springside Chestnut Hill Academy,https://umassathletics.com/sports/field-hockey/roster/devyn-conlan/18411,Sophomore,400
Massachusetts,2026,,Amber Fairon,18,F,5' 9'',,"Gauteng, South Africa",,Dainfern College,https://umassathletics.com/sports/field-hockey/roster/amber-fairon/18431,Freshman,400
Massachusetts,2026,,Savannah Freeland,19,F,5' 8'',,"Mount Laurel, N.J.",,Camden Catholic,https://umassathletics.com/sports/field-hockey/roster/savannah-freeland/18428,Freshman,400
Massachusetts,2026,,Chiara Curcio,20,D,5' 8'',,"Montevideo, Uruguay",,Catholic University (Uruguay),https://umassathletics.com/sports/field-hockey/roster/chiara-curcio/18435,Junior,400
Massachusetts,2026,,Katelyn Kearns,21,M,5' 6'',,"Arnold, Maryland",,Broadneck High School,https://umassathletics.com/sports/field-hockey/roster/katelyn-kearns/18420,Sophomore,400
Massachusetts,2026,,Maddie Archer,22,M,5' 3'',,"Cheltenham, England",,Cheltenham College,https://umassathletics.com/sports/field-hockey/roster/maddie-archer/18429,Freshman,400
Massachusetts,2026,,Rozárie Mrázová,23,GK,5' 7'',,"Rakovnik, Czech Republic",,University of J.E. Purkyne in Usti nad Labem,https://umassathletics.com/sports/field-hockey/roster/rozrie-mrzov/18432,Graduate,400
Massachusetts,2026,,Kristy Leonard,26,M,5' 5'',,"Johannesburg, South Africa",,St. Mary's School Waverley,https://umassathletics.com/sports/field-hockey/roster/kristy-leonard/18423,Senior,400
Massachusetts,2026,,Emma Haynes,30,M,5' 8'',,"Monmouth Beach, N.J.",,Shore Regional High School,https://umassathletics.com/sports/field-hockey/roster/emma-haynes/18427,Freshman,400
Massachusetts,2026,,Colleen Conlan,98,GK,5' 4'',,"Horsham, Pa.",,Springside Chestnut Hill Academy,https://umassathletics.com/sports/field-hockey/roster/colleen-conlan/18410,Sophomore,400
Merrimack,2026,,Maddy Cherry,1,,,,,,,https://merrimackathletics.com/sports/field-hockey/roster/maddy-cherry/15539,,410
Merrimack,2026,,Megan Dwyer,2,,,,,,,https://merrimackathletics.com/sports/field-hockey/roster/megan-dwyer/15527,,410
Merrimack,2026,,Cecelia Crosby,3,,,,,,,https://merrimackathletics.com/sports/field-hockey/roster/cecelia-crosby/15531,,410
Merrimack,2026,,Erin Cottam,4,,,,,,,https://merrimackathletics.com/sports/field-hockey/roster/erin-cottam/15541,,410
Merrimack,2026,,Gianna Cioni,5,,,,,,,https://merrimackathletics.com/sports/field-hockey/roster/gianna-cioni/15544,,410
Merrimack,2026,,Ayla Hallock,6,,,,,,,https://merrimackathletics.com/sports/field-hockey/roster/ayla-hallock/15543,,410
Merrimack,2026,,Carly Green,7,,,,,,,https://merrimackathletics.com/sports/field-hockey/roster/carly-green/15530,,410
Merrimack,2026,,Darla Mahoney,8,,,,,,,https://merrimackathletics.com/sports/field-hockey/roster/darla-mahoney/15535,,410
Merrimack,2026,,Jade Shabo,9,,,,,,,https://merrimackathletics.com/sports/field-hockey/roster/jade-shabo/15537,,410
Merrimack,2026,,Gracie Lloyd,10,,,,,,,https://merrimackathletics.com/sports/field-hockey/roster/gracie-lloyd/15548,,410
Merrimack,2026,,Kaitlyn Welsh,11,,,,,,,https://merrimackathletics.com/sports/field-hockey/roster/kaitlyn-welsh/15538,,410
Merrimack,2026,,Alisia Hamm,12,,,,,,,https://merrimackathletics.com/sports/field-hockey/roster/alisia-hamm/15534,,410
Merrimack,2026,,Emily Beichert,13,,,,,,,https://merrimackathletics.com/sports/field-hockey/roster/emily-beichert/15551,,410
Merrimack,2026,,Zoe Gitlin,16,,,,,,,https://merrimackathletics.com/sports/field-hockey/roster/zoe-gitlin/15542,,410
Merrimack,2026,,Parker Parker,17,,,,,,,https://merrimackathletics.com/sports/field-hockey/roster/parker-parker/15540,,410
Merrimack,2026,,Izzy Breslin,18,,,,,,,https://merrimackathletics.com/sports/field-hockey/roster/izzy-breslin/15546,,410
Merrimack,2026,,Reilly Desmond,19,,,,,,,https://merrimackathletics.com/sports/field-hockey/roster/reilly-desmond/15550,,410
Merrimack,2026,,Maryann Nunn,21,,,,,,,https://merrimackathletics.com/sports/field-hockey/roster/maryann-nunn/15532,,410
Merrimack,2026,,Delaney Weiler,22,,,,,,,https://merrimackathletics.com/sports/field-hockey/roster/delaney-weiler/15549,,410
Merrimack,2026,,Emma Wackowski,24,,,,,,,https://merrimackathletics.com/sports/field-hockey/roster/emma-wackowski/15528,,410
Merrimack,2026,,Kayla Whitters,31,,,,,,,https://merrimackathletics.com/sports/field-hockey/roster/kayla-whitters/15547,,410
Merrimack,2026,,Audra Szymborski,50,,,,,,,https://merrimackathletics.com/sports/field-hockey/roster/audra-szymborski/15533,,410
Merrimack,2026,,Tabytha Wedderman,99,,,,,,,https://merrimackathletics.com/sports/field-hockey/roster/tabytha-wedderman/15529,,410
Michigan,2026,,Tilly Gibson,1,F,,,"London, England",,Esher College,https://mgoblue.com/sports/field-hockey/roster/tilly-gibson/28253,Freshman,418
Michigan,2026,,Kingsley Goldman,2,D,5' 2'',,"Chicago, Ill.",,St. Ignatius,https://mgoblue.com/sports/field-hockey/roster/kingsley-goldman/28255,Freshman,418
Michigan,2026,,Abby Burnett,3,M,5' 6'',,"Zionsville, Pa.",,Emmaus,https://mgoblue.com/sports/field-hockey/roster/abby-burnett/28229,Senior,418
Michigan,2026,,Milaw Clause,4,M,,,"Stroudsburg, Pa.",,Blair Academy,https://mgoblue.com/sports/field-hockey/roster/milaw-clause/28252,Junior,418
Michigan,2026,,Grace Hunter,5,F,5' 2'',,"Mickleton, N.J.",,Kingsway Regional,https://mgoblue.com/sports/field-hockey/roster/grace-hunter/28234,Sophomore,418
Michigan,2026,,Lexi Patterson,6,M,5' 0'',,"Malvern, Pa.",,Conestoga,https://mgoblue.com/sports/field-hockey/roster/lexi-patterson/28244,Sophomore,418
Michigan,2026,,Adair Patterson,7,D,5' 9'',,"Houston, Texas",,St. John's School,https://mgoblue.com/sports/field-hockey/roster/adair-patterson/28243,Redshirt Freshman,418
Michigan,2026,,Kelsey Reviello,8,M,5' 7'',,"Colonial Beach, Va.",,James Monroe,https://mgoblue.com/sports/field-hockey/roster/kelsey-reviello/28245,Redshirt Junior,418
Michigan,2026,,Esmée de Willigen,9,F,5' 5'',,"Rotterdam, Netherlands",,Erasmiaans Gymnasium,https://mgoblue.com/sports/field-hockey/roster/esme-de-willigen/28230,Senior,418
Michigan,2026,,Maxine Rogge,10,D,5' 8'',,"Ghent, Belgium",,Don Boscocollege Zwijnaarde,https://mgoblue.com/sports/field-hockey/roster/maxine-rogge/28246,Sophomore,418
Michigan,2026,,Payton Maloney,11,F,5' 8'',,"Saline, Mich.",,Saline,https://mgoblue.com/sports/field-hockey/roster/payton-maloney/28236,Redshirt Junior,418
Michigan,2026,,Maddie Grand,12,GK,5' 5'',,"Ann Arbor, Mich.",,Pioneer,https://mgoblue.com/sports/field-hockey/roster/maddie-grand/28233,Redshirt Sophomore,418
Michigan,2026,,Dru Moffett,13,F,5' 3'',,"Townsend, Del.",,Smyrna,https://mgoblue.com/sports/field-hockey/roster/dru-moffett/28240,Junior,418
Michigan,2026,,Natalie Millman,14,F,5' 4'',,"Ann Arbor, Mich.",,Pioneer,https://mgoblue.com/sports/field-hockey/roster/natalie-millman/28239,Senior,418
Michigan,2026,,Eva Bernardy,15,D,5' 7'',,"Utrecht, Netherlands",,Leidsche Rijn College,https://mgoblue.com/sports/field-hockey/roster/eva-bernardy/28227,Junior,418
Michigan,2026,,Sofia Ghanbari,16,F,5' 3'',,"Novi, Mich.",,Novi,https://mgoblue.com/sports/field-hockey/roster/sofia-ghanbari/28232,Redshirt Freshman,418
Michigan,2026,,Aurora Gery,17,M,5' 5'',,"Allentown, Pa.",,Parkland,https://mgoblue.com/sports/field-hockey/roster/aurora-gery/28231,Redshirt Sophomore,418
Michigan,2026,,Hala Silverstein,18,GK,5' 2'',,"Glenwood, Md.",,The Hill School,https://mgoblue.com/sports/field-hockey/roster/hala-silverstein/28247,Redshirt Junior,418
Michigan,2026,,Sofia Abraham,19,D,5' 7'',,"San Diego, Calif.",,Canyon Hills,https://mgoblue.com/sports/field-hockey/roster/sofia-abraham/28225,Redshirt Sophomore,418
Michigan,2026,,Lilly Mitchell,20,D,5' 3'',,"Dexter, Mich.",,Dexter,https://mgoblue.com/sports/field-hockey/roster/lilly-mitchell/28256,Freshman,418
Michigan,2026,,Cami Wiseman,21,F,5' 6'',,"Ann Arbor, Mich.",,Skyline,https://mgoblue.com/sports/field-hockey/roster/cami-wiseman/28248,Junior,418
Michigan,2026,,Zoë Bormet,22,M,5' 7'',,"Ann Arbor, Mich.",,Pioneer,https://mgoblue.com/sports/field-hockey/roster/zo-bormet/28228,Graduate,418
Michigan,2026,,Juliette Manzur,24,F,5' 4'',,"Mareil-Marly, France",,Lycée International de Saint-Germain-en-Laye,https://mgoblue.com/sports/field-hockey/roster/juliette-manzur/28237,Senior,418
Michigan,2026,,Beatrice Ottsen,25,D,5' 9'',,"Kenilworth, Ill.",,New Trier,https://mgoblue.com/sports/field-hockey/roster/beatrice-ottsen/28242,Sophomore,418
Michigan,2026,,Brooke Alexander,26,D,5' 6'',,"Saline, Mich.",,Dexter,https://mgoblue.com/sports/field-hockey/roster/brooke-alexander/28226,Redshirt Freshman,418
Michigan,2026,,Natalie Machiran,27,M,5' 5'',,"Ellicott City, Md.",,Mt. Hebron,https://mgoblue.com/sports/field-hockey/roster/natalie-machiran/28235,Junior,418
Michigan,2026,,Anjolie Norton,28,D,5' 4'',,"Poway, Calif.",,Poway,https://mgoblue.com/sports/field-hockey/roster/anjolie-norton/28241,Junior,418
Michigan,2026,,Kate Huntzicker,30,M,5' 6'',,"Ann Arbor, Mich.",,Huron,https://mgoblue.com/sports/field-hockey/roster/kate-huntzicker/28254,Freshman,418
Michigan St.,2026,,Ashley Herbert,0,GK,,,"Glasgow, Scotland",,Glasgow Academy,https://msuspartans.com/sports/field-hockey/roster/ashley-herbert/17415,Junior,416
Michigan St.,2026,,Lola Munoz de Verger,1,GK,,,"Madrid, Spain",,Colegio Nuestra Señora Del Recuerdo,https://msuspartans.com/sports/field-hockey/roster/lola-munoz-de-verger/17632,Junior,416
Michigan St.,2026,,Nina Angeli,2,F,,,"West Pittson, Pa.",,Wyoming Area,https://msuspartans.com/sports/field-hockey/roster/nina-angeli/17409,Redshirt Sophomore,416
Michigan St.,2026,,Bianca Pizano,3,F,,,"Exeter, Pa.",,Wyoming Area,https://msuspartans.com/sports/field-hockey/roster/bianca-pizano/17423,Senior,416
Michigan St.,2026,,Natalie Arnold,4,D,,,"East Brunswick, N.J.",,East Brunswick,https://msuspartans.com/sports/field-hockey/roster/natalie-arnold/17635,Graduate,416
Michigan St.,2026,,Mora Cavazza,5,M,,,"Buenos Aires, Argentina",,Colegio Carmen de Marin,https://msuspartans.com/sports/field-hockey/roster/mora-cavazza/17410,Junior,416
Michigan St.,2026,,Clare Arvai,6,F,,,"Saline, Mich.",,Saline,https://msuspartans.com/sports/field-hockey/roster/clare-arvai/17631,Freshman,416
Michigan St.,2026,,Mia Corbo,7,M,,,"Miami, Fla.",,Maritime and Science Technology Academy,https://msuspartans.com/sports/field-hockey/roster/mia-corbo/17411,Redshirt Sophomore,416
Michigan St.,2026,,Minke Klijn,8,F,,,"Rotterdam, Netherlands",,Emmauscollege,https://msuspartans.com/sports/field-hockey/roster/minke-klijn/17633,Senior,416
Michigan St.,2026,,Ella McKernan,9,F,,,"Falls, Pa.",,Wyoming Area,https://msuspartans.com/sports/field-hockey/roster/ella-mckernan/17422,Sophomore,416
Michigan St.,2026,,Grace Grabowski,10,M,,,"Ann Arbor, Mich.",,Pioneer,https://msuspartans.com/sports/field-hockey/roster/grace-grabowski/17414,Sophomore,416
Michigan St.,2026,,Lizzie Segar,11,D,,,"Herndon, Va.",,Oakton,https://msuspartans.com/sports/field-hockey/roster/lizzie-segar/17629,Freshman,416
Michigan St.,2026,,Serena Mailhe,12,D,,,"Buenos Aires, Argentina",,Santo Tomás de Aquino,https://msuspartans.com/sports/field-hockey/roster/serena-mailhe/17420,Senior,416
Michigan St.,2026,,Lilian Knorr,14,M,,,"Berlin, Germany",,Arndt-Gymnasium Dahlem,https://msuspartans.com/sports/field-hockey/roster/lilian-knorr/17418,Junior,416
Michigan St.,2026,,Aiden Weinmann,15,F,,,"Dexter, Mich.",,Dexter,https://msuspartans.com/sports/field-hockey/roster/aiden-weinmann/17628,Freshman,416
Michigan St.,2026,,Carmen Maudlin,16,M,,,"Louisville, Ky.",,DuPont Manual,https://msuspartans.com/sports/field-hockey/roster/carmen-maudlin/17421,Junior,416
Michigan St.,2026,,Caroline Horace,17,F,,,"Sinking Spring, Pa.",,Wilson,https://msuspartans.com/sports/field-hockey/roster/caroline-horace/17416,Sophomore,416
Michigan St.,2026,,Caro Schaefer,18,D,,,"Hannover, Germany",,Kaiser-Wilhelm-und Ratsgymnasium,https://msuspartans.com/sports/field-hockey/roster/caro-schaefer/17424,Junior,416
Michigan St.,2026,,Scarlett Wood,19,D,,,"Downingtown, Pa.",,Downingtown West,https://msuspartans.com/sports/field-hockey/roster/scarlett-wood/17630,Freshman,416
Michigan St.,2026,,Ellie Kendall,20,M,,,"Brisbane, Australia",,Brisbane Girls Grammar School,https://msuspartans.com/sports/field-hockey/roster/ellie-kendall/17417,Sophomore,416
Michigan St.,2026,,Rilyn Lehman,21,D,,,"Harbeson, Del.",,Sussex Academy,https://msuspartans.com/sports/field-hockey/roster/rilyn-lehman/17419,Sophomore,416
Michigan St.,2026,,Maria-Sophie Mueller,22,F,,,"Wuerzburg, Germany",,State Technical College Wurzburg,https://msuspartans.com/sports/field-hockey/roster/mariasophie-mueller/17634,Junior,416
Michigan St.,2026,,Emmy Wellejus,23,D,,,"Worthington, Ohio",,Thomas Worthington,https://msuspartans.com/sports/field-hockey/roster/emmy-wellejus/17427,Sophomore,416
Michigan St.,2026,,Ella Tambroni,24,M,,,"State College, Pa.",,State College Area,https://msuspartans.com/sports/field-hockey/roster/ella-tambroni/17426,Sophomore,416
Michigan St.,2026,,Catherine Wolf,31,GK,,,"Sinking Spring, Pa.",,Wilson,https://msuspartans.com/sports/field-hockey/roster/catherine-wolf/17428,Sophomore,416
Monmouth,2026,,Charlie Bowman,1,,,,,,,https://monmouthhawks.com/sports/field-hockey/roster/charlie-bowman/22921,,439
Monmouth,2026,,Codi Damerau,2,,,,,,,https://monmouthhawks.com/sports/field-hockey/roster/codi-damerau/22939,,439
Monmouth,2026,,Audrey Mullen,3,,,,,,,https://monmouthhawks.com/sports/field-hockey/roster/audrey-mullen/23039,,439
Monmouth,2026,,Luisa Schlueter,4,,,,,,,https://monmouthhawks.com/sports/field-hockey/roster/luisa-schlueter/22932,,439
Monmouth,2026,,Abigail Travers,5,,,,,,,https://monmouthhawks.com/sports/field-hockey/roster/abigail-travers/22933,,439
Monmouth,2026,,Florence van Doorn,6,,,,,,,https://monmouthhawks.com/sports/field-hockey/roster/florence-van-doorn/22935,,439
Monmouth,2026,,Lauren Relik,7,,,,,,,https://monmouthhawks.com/sports/field-hockey/roster/lauren-relik/22930,,439
Monmouth,2026,,Maja Schröder,8,,,,,,,https://monmouthhawks.com/sports/field-hockey/roster/maja-schr-der/22940,,439
Monmouth,2026,,Addison Dillon,9,,,,,,,https://monmouthhawks.com/sports/field-hockey/roster/addison-dillon/22924,,439
Monmouth,2026,,Lilly Ricks,10,,,,,,,https://monmouthhawks.com/sports/field-hockey/roster/lilly-ricks/22931,,439
Monmouth,2026,,Milla Frye,11,,,,,,,https://monmouthhawks.com/sports/field-hockey/roster/milla-frye/22925,,439
Monmouth,2026,,Keely Bowers,12,,,,,,,https://monmouthhawks.com/sports/field-hockey/roster/keely-bowers/22920,,439
Monmouth,2026,,Eulalie Brouwers,13,,,,,,,https://monmouthhawks.com/sports/field-hockey/roster/eulalie-brouwers/22922,,439
Monmouth,2026,,Anna Moors,14,,,,,,,https://monmouthhawks.com/sports/field-hockey/roster/anna-moors/22929,,439
Monmouth,2026,,Addison Povilaitis,15,,,,,,,https://monmouthhawks.com/sports/field-hockey/roster/addison-povilaitis/22941,,439
Monmouth,2026,,Morgann Orobono,16,,,,,,,https://monmouthhawks.com/sports/field-hockey/roster/morgann-orobono/22942,,439
Monmouth,2026,,Maia McCourt,17,,,,,,,https://monmouthhawks.com/sports/field-hockey/roster/maia-mccourt/22928,,439
Monmouth,2026,,Éabha Curran,18,,,,,,,https://monmouthhawks.com/sports/field-hockey/roster/-abha-curran/22943,,439
Monmouth,2026,,Olivia Oliver,19,,,,,,,https://monmouthhawks.com/sports/field-hockey/roster/olivia-oliver/22944,,439
Monmouth,2026,,Ava Zerfass,20,,,,,,,https://monmouthhawks.com/sports/field-hockey/roster/ava-zerfass/22938,,439
Monmouth,2026,,Stella Goddard-Despot,21,,,,,,,https://monmouthhawks.com/sports/field-hockey/roster/stella-goddard-despot/22926,,439
Monmouth,2026,,Alicia Vanderlyde,22,,,,,,,https://monmouthhawks.com/sports/field-hockey/roster/alicia-vanderlyde/22937,,439
Monmouth,2026,,Alexia Mesmaeker,23,,,,,,,https://monmouthhawks.com/sports/field-hockey/roster/alexia-mesmaeker/22945,,439
Monmouth,2026,,Hannah Tromble,24,,,,,,,https://monmouthhawks.com/sports/field-hockey/roster/hannah-tromble/22934,,439
Monmouth,2026,,Laney Johns,25,,,,,,,https://monmouthhawks.com/sports/field-hockey/roster/laney-johns/22927,,439
Monmouth,2026,,Claire Campen,26,,,,,,,https://monmouthhawks.com/sports/field-hockey/roster/claire-campen/22923,,439
Monmouth,2026,,Djoeke van Helsdingen,33,,,,,,,https://monmouthhawks.com/sports/field-hockey/roster/djoeke-van-helsdingen/22936,,439
New Hampshire,2026,,Dani Caron,2,M,5' 8'',,"Brentwood, N.H.",,Exeter,https://unhwildcats.com/sports/field-hockey/roster/dani-caron/12743,Freshman,469
New Hampshire,2026,,Addison MacNeil,3,M,5' 6'',,"Brentwood, N.H.",,Exeter,https://unhwildcats.com/sports/field-hockey/roster/addison-macneil/12733,Senior,469
New Hampshire,2026,,Madelynn Taras,4,M,5' 6'',,"Hillsborough, N.J.",,Hillsborough,https://unhwildcats.com/sports/field-hockey/roster/madelynn-taras/12751,Freshman,469
New Hampshire,2026,,Kay Murphy,5,M,5' 5'',,"Wrentham, Mass.",,Bishop Feehan,https://unhwildcats.com/sports/field-hockey/roster/kay-murphy/12735,Junior,469
New Hampshire,2026,,Kendall Graves,6,D,5' 4'',,"Reading, Mass.",,Reading Memorial,https://unhwildcats.com/sports/field-hockey/roster/kendall-graves/12746,Freshman,469
New Hampshire,2026,,Morgan Valeri,7,F,5' 3'',,"Newburyport, Mass.",,Newburyport,https://unhwildcats.com/sports/field-hockey/roster/morgan-valeri/12738,Junior,469
New Hampshire,2026,,Lara Pywell,8,D,,,"London, England",,Canterbury,https://unhwildcats.com/sports/field-hockey/roster/lara-pywell/12749,Freshman,469
New Hampshire,2026,,Molly-Kate Dempsey,9,F,5' 4'',,"Wells, Maine",,Wells,https://unhwildcats.com/sports/field-hockey/roster/mollykate-dempsey/12728,Senior,469
New Hampshire,2026,,Delilah Talbot,10,M,5' 5'',,"London, England",,Millfield School,https://unhwildcats.com/sports/field-hockey/roster/delilah-talbot/12744,Freshman,469
New Hampshire,2026,,Elina Muijskens,11,F,5' 7'',,"Uitgeest, Netherlands",,CIOS Hoofddorp,https://unhwildcats.com/sports/field-hockey/roster/elina-muijskens/12740,Junior,469
New Hampshire,2026,,Abigail Johnson,12,D,5' 3'',,"Oxford, Pa.",,Oxford Area,https://unhwildcats.com/sports/field-hockey/roster/abigail-johnson/12731,Senior,469
New Hampshire,2026,,Lila Stilley,13,D,5' 3'',,"Fall River, Mass.",,Moses Brown School,https://unhwildcats.com/sports/field-hockey/roster/lila-stilley/12747,Freshman,469
New Hampshire,2026,,Mckenna Nelson,14,M,5' 11'',,"Keene, N.H.",,Keene,https://unhwildcats.com/sports/field-hockey/roster/mckenna-nelson/12741,Freshman,469
New Hampshire,2026,,Kerigan Ross,15,GK,5' 7'',,"Baltimore, Md.",,Notre Dame Prep,https://unhwildcats.com/sports/field-hockey/roster/kerigan-ross/12737,Junior,469
New Hampshire,2026,,Katie Garrison,16,M,5' 7'',,"Gilroy, Calif.",,Christopher,https://unhwildcats.com/sports/field-hockey/roster/katie-garrison/12729,Junior,469
New Hampshire,2026,,Becky Ward,17,D,5' 4'',,"Palmerston North, New Zealand",,Feilding,https://unhwildcats.com/sports/field-hockey/roster/becky-ward/12739,Sophomore,469
New Hampshire,2026,,Louette Petiet,18,M,5' 6'',,"Hoofddorp, Netherlands",,Haarlemmermeer Lyceum,https://unhwildcats.com/sports/field-hockey/roster/louette-petiet/12736,Senior,469
New Hampshire,2026,,Makayla Clark,19,F,5' 11'',,"Evanston, Ill.",,Evanston Township,https://unhwildcats.com/sports/field-hockey/roster/makayla-clark/12726,Junior,469
New Hampshire,2026,,Emily Layton,20,M,5' 7'',,"Harwich, Mass.",,Monomoy Regional,https://unhwildcats.com/sports/field-hockey/roster/emily-layton/12732,Sophomore,469
New Hampshire,2026,,Megan Marthins,21,D,5' 2'',,"Haddonfield, N.J.",,Haddonfield Memorial,https://unhwildcats.com/sports/field-hockey/roster/megan-marthins/12734,Junior,469
New Hampshire,2026,,Julianna Casucci,22,F,5' 0'',,"Uxbridge, Mass.",,Uxbridge,https://unhwildcats.com/sports/field-hockey/roster/julianna-casucci/12745,Freshman,469
New Hampshire,2026,,Sophie Godwin,23,M,5' 5'',,"London, England",,Canterbury,https://unhwildcats.com/sports/field-hockey/roster/sophie-godwin/12750,Freshman,469
New Hampshire,2026,,Abigail Armlin,24,M,5' 4'',,"York, Maine",,York,https://unhwildcats.com/sports/field-hockey/roster/abigail-armlin/12725,Senior,469
New Hampshire,2026,,Julia Graves,25,F,5' 1'',,"Topsfield, Mass.",,Masconomet Regional,https://unhwildcats.com/sports/field-hockey/roster/julia-graves/12730,Senior,469
New Hampshire,2026,,Emily Coughlin,26,M,5' 2'',,"Marshfield, Mass.",,Notre Dame Academy,https://unhwildcats.com/sports/field-hockey/roster/emily-coughlin/12727,Sophomore,469
New Hampshire,2026,,Féline Coonen,31,GK,5' 10'',,"Overeen,Netherlands",,Stedelijk Gymnasium Haarlem,https://unhwildcats.com/sports/field-hockey/roster/fline-coonen/12748,Freshman,469
New Hampshire,2026,,Ashlyn O'Rourke,88,GK,5' 7'',,"North Branford, Conn.",,North Branford,https://unhwildcats.com/sports/field-hockey/roster/ashlyn-orourke/12742,Freshman,469
North Carolina,2026,,Tessa Shahbo,0,GK,,,"Surrey, England",,Cranleigh School,https://goheels.com/sports/field-hockey/roster/tessa-shahbo/28522,Graduate,457
North Carolina,2026,,Charly Bruder,2,F,5' 7'',,"Malvern, Pa.",,Episcopal Academy,https://goheels.com/sports/field-hockey/roster/charly-bruder/28502,Senior,457
North Carolina,2026,,Devon Anderson,3,D,,,"Rye, N.Y.",,Greenwich County Day,https://goheels.com/sports/field-hockey/roster/devon-anderson/28517,Freshman,457
North Carolina,2026,,Molly Catchpole,4,F,5' 7'',,"Madison, N.J.",,Mount Saint Mary Academy,https://goheels.com/sports/field-hockey/roster/molly-catchpole/28504,Graduate,457
North Carolina,2026,,Morgan O'Donnell,5,D,,,"Lincoln University, Pa.",,Avon Grove,https://goheels.com/sports/field-hockey/roster/morgan-odonnell/28521,Freshman,457
North Carolina,2026,,Coco Courtright,6,M,5' 11'',,"Ann Arbor, Mich.",,Skyline,https://goheels.com/sports/field-hockey/roster/coco-courtright/28505,Junior,457
North Carolina,2026,,Reese Anetsberger,8,F,5' 5'',,"Northbrook, Ill.",,Glenbrook North,https://goheels.com/sports/field-hockey/roster/reese-anetsberger/28500,Sophomore,457
North Carolina,2026,,Sofia Ferri,10,M,,,"Phoenixville, Pa.",,The Hill School,https://goheels.com/sports/field-hockey/roster/sofia-ferri/28518,Freshman,457
North Carolina,2026,,Jenna Narleski,11,M,5' 2'',,"Basking Ridge, N.J.",,Ridge,https://goheels.com/sports/field-hockey/roster/jenna-narleski/28511,Sophomore,457
North Carolina,2026,,Cecily Moorhead,14,F,,,"Wimbledon, U.K.",,Wellington College,https://goheels.com/sports/field-hockey/roster/cecily-moorhead/28519,Freshman,457
North Carolina,2026,,Eliza Perrin,15,F,5' 4'',,"Houston, Texas",,St. John's,https://goheels.com/sports/field-hockey/roster/eliza-perrin/28513,Sophomore,457
North Carolina,2026,,Grace Pottebaum,16,D,5' 10'',,"St. Albans, Mo.",,John Burroughs School,https://goheels.com/sports/field-hockey/roster/grace-pottebaum/28514,Graduate,457
North Carolina,2026,,Imme De Leeuw,17,M,,,"Amsterdam, Netherlands",,,https://goheels.com/sports/field-hockey/roster/imme-de-leeuw/28523,Freshman,457
North Carolina,2026,,Molly Nussbaumer,19,M,,,"Chapel Hill, N.C.",,Cardinal Gibbons,https://goheels.com/sports/field-hockey/roster/molly-nussbaumer/28520,Freshman,457
North Carolina,2026,,Hope Haynes,20,D,5' 7'',,"Katy, Texas",,The Kinkaid School,https://goheels.com/sports/field-hockey/roster/hope-haynes/28507,Senior,457
North Carolina,2026,,Sylvie Notine,21,M,5' 7'',,"Fair Haven, N.J.",,Rumson Fair Haven,https://goheels.com/sports/field-hockey/roster/sylvie-notine/28512,Sophomore,457
North Carolina,2026,,Merritt Skubisz,22,GK,5' 7'',,"Houston, Texas",,Kinkaid School,https://goheels.com/sports/field-hockey/roster/merritt-skubisz/28515,Sophomore,457
North Carolina,2026,,Ella Barbacci,24,M,5' 3'',,"Harveys Lake, Pa.",,Wyoming Seminary,https://goheels.com/sports/field-hockey/roster/ella-barbacci/28501,Senior,457
North Carolina,2026,,Reid Miller,25,M,5' 5'',,"Cary, N.C.",,Cary Christian,https://goheels.com/sports/field-hockey/roster/reid-miller/28510,Sophomore,457
North Carolina,2026,,Caroline Golden,27,D,5' 1'',,"Charlotte, N.C.",,Myers Park,https://goheels.com/sports/field-hockey/roster/caroline-golden/28506,Senior,457
North Carolina,2026,,Micky van Baasbank,28,M,,,"Naarden, Netherlands",,,https://goheels.com/sports/field-hockey/roster/micky-van-baasbank/28524,Freshman,457
North Carolina,2026,,Charley Vandenstockt,81,GK,5' 3'',,"Waxhaw, N.C.",,Marvin Ridge,https://goheels.com/sports/field-hockey/roster/charley-vandenstockt/28516,Junior,457
Northeastern,2026,,Ibby Welldon,1,,,,,,,https://nuhuskies.com/sports/field-hockey/roster/ibby-welldon/10864,,500
Northeastern,2026,,Clara Ojea Quintana,2,,,,,,,https://nuhuskies.com/sports/field-hockey/roster/clara-ojea-quintana/10868,,500
Northeastern,2026,,Helen Baldy,3,,,,,,,https://nuhuskies.com/sports/field-hockey/roster/helen-baldy/10856,,500
Northeastern,2026,,Olivia Yelen,4,,,,,,,https://nuhuskies.com/sports/field-hockey/roster/olivia-yelen/10865,,500
Northeastern,2026,,Phoebe Hall,5,,,,,,,https://nuhuskies.com/sports/field-hockey/roster/phoebe-hall/10872,,500
Northeastern,2026,,Juana Gonzalez-Peyru,7,,,,,,,https://nuhuskies.com/sports/field-hockey/roster/juana-gonzalez-peyru/10858,,500
Northeastern,2026,,Ava Sanchez,8,,,,,,,https://nuhuskies.com/sports/field-hockey/roster/ava-sanchez/10862,,500
Northeastern,2026,,Maddie Funk,9,,,,,,,https://nuhuskies.com/sports/field-hockey/roster/maddie-funk/10870,,500
Northeastern,2026,,Alex Mega,10,,,,,,,https://nuhuskies.com/sports/field-hockey/roster/alex-mega/10859,,500
Northeastern,2026,,Jessica Garden,11,,,,,,,https://nuhuskies.com/sports/field-hockey/roster/jessica-garden/10857,,500
Northeastern,2026,,Izzy Johnson,12,,,,,,,https://nuhuskies.com/sports/field-hockey/roster/izzy-johnson/10869,,500
Northeastern,2026,,Hannah Simon,13,,,,,,,https://nuhuskies.com/sports/field-hockey/roster/hannah-simon/10863,,500
Northeastern,2026,,Alex Byrne,15,,,,,,,https://nuhuskies.com/sports/field-hockey/roster/alex-byrne/10917,,500
Northeastern,2026,,Camille Armaganian,18,,,,,,,https://nuhuskies.com/sports/field-hockey/roster/camille-armaganian/10855,,500
Northeastern,2026,,Addison Polakoff,19,,,,,,,https://nuhuskies.com/sports/field-hockey/roster/addison-polakoff/10860,,500
Northeastern,2026,,Lucy Walton,21,,,,,,,https://nuhuskies.com/sports/field-hockey/roster/lucy-walton/10916,,500
Northeastern,2026,,Julia Puccio,23,,,,,,,https://nuhuskies.com/sports/field-hockey/roster/julia-puccio/10861,,500
Northeastern,2026,,Maggie Lundy,24,,,,,,,https://nuhuskies.com/sports/field-hockey/roster/maggie-lundy/10871,,500
Northeastern,2026,,Amelia Albers,25,,,,,,,https://nuhuskies.com/sports/field-hockey/roster/amelia-albers/10867,,500
Northeastern,2026,,Aiko Price,99,,,,,,,https://nuhuskies.com/sports/field-hockey/roster/aiko-price/10866,,500
Northwestern,2026,,Lindsey Brown,1,M,,,"Boylston, Massachusetts",,,https://nusports.com/sports/field-hockey/roster/player/lindsey-brown,Sophomore,509
Northwestern,2026,,Caroline Kotz,2,M,,,"Winnetka, Illinois",,,https://nusports.com/sports/field-hockey/roster/player/caroline-kotz,First-Year,509
Northwestern,2026,,Olivia Bent-Cole,3,F,,,"Philadelphia, Pennsylvania",,,https://nusports.com/sports/field-hockey/roster/player/olivia-bent-cole,Senior,509
Northwestern,2026,,Ashley Sessa,4,F,,,"Schwenksville, Pennsylvania",,,https://nusports.com/sports/field-hockey/roster/player/ashley-sessa,Senior,509
Northwestern,2026,,Kerry McCormick,5,D,,,"Haddonfield, New Jersey",,,https://nusports.com/sports/field-hockey/roster/player/kerry-mccormick,Senior,509
Northwestern,2026,,Anna Arnold,6,M,,,"Bethesda, Maryland",,,https://nusports.com/sports/field-hockey/roster/player/anna-arnold,First-Year,509
Northwestern,2026,,Aerin Krys,7,F,,,"Ridgefield, Connecticut",,,https://nusports.com/sports/field-hockey/roster/player/aerin-krys,Graduate,509
Northwestern,2026,,Raquel Hofmeister,8,F,,,Las Palmas de Gran Canaria,,,https://nusports.com/sports/field-hockey/roster/player/raquel-hofmeister,First-Year,509
Northwestern,2026,,Ilse Tromp,9,D,,,"Rotterdam, The Netherlands",,,https://nusports.com/sports/field-hockey/roster/player/ilse-tromp,Senior,509
Northwestern,2026,,Piper Borz,11,F,,,"Baltimore, Maryland",,,https://nusports.com/sports/field-hockey/roster/player/piper-borz,Senior,509
Northwestern,2026,,Jessica Freedman,12,M,,,"Perth, Australia",,,https://nusports.com/sports/field-hockey/roster/player/jessica-freedman,Sophomore,509
Northwestern,2026,,Bree Moffett,13,D,,,"Townsend, Delaware",,,https://nusports.com/sports/field-hockey/roster/player/bree-moffett,First-Year,509
Northwestern,2026,,Róisín Sexton,14,M,,,"Dublin, Ireland",,,https://nusports.com/sports/field-hockey/roster/player/roisin-sexton,Graduate,509
Northwestern,2026,,Sol Martinez,15,M,,,"Montevideo, Uruguay",,,https://nusports.com/sports/field-hockey/roster/player/sol-martinez,First-Year,509
Northwestern,2026,,Julia Soriano,16,M,,,"Wilmette, Illinois",,,https://nusports.com/sports/field-hockey/roster/player/julia-soriano,Sophomore,509
Northwestern,2026,,Kiera Sack,17,M,,,"Havertown, Delaware",,,https://nusports.com/sports/field-hockey/roster/player/keira-sack,First-Year,509
Northwestern,2026,,Laura Salamanca,18,M,,,"Santiago, Chile",,,https://nusports.com/sports/field-hockey/roster/player/laura-salamanca,Junior,509
Northwestern,2026,,Eleanor Evarts,19,D,,,"Austin, Texas",,,https://nusports.com/sports/field-hockey/roster/player/eleanor-evarts,First-Year,509
Northwestern,2026,,Emilie Kirschner,20,M,,,"Chapel Hill, North Carolina",,,https://nusports.com/sports/field-hockey/roster/player/emilie-kirschner,Senior,509
Northwestern,2026,,Ella Kokinis,21,M,,,"Owings Mills, Maryland",,,https://nusports.com/sports/field-hockey/roster/player/ella-kokinis,Senior,509
Northwestern,2026,,Faye Post,22,GK,,,"Harveys Lake, Pennsylvania",,,https://nusports.com/sports/field-hockey/roster/player/faye-post,Senior,509
Northwestern,2026,,Maddie Epke,23,F,,,"Guilford, Connecticut",,,https://nusports.com/sports/field-hockey/roster/player/maddie-epkefh,Graduate,509
Northwestern,2026,,Montgomery Ferguson,24,M,,,"Houston, Texas",,,https://nusports.com/sports/field-hockey/roster/player/montgomery-ferguson,First-Year,509
Northwestern,2026,,Eva Nemeth,26,M,,,"Malvern, Pennsylvania",,,https://nusports.com/sports/field-hockey/roster/player/eva-nemeth,Junior,509
Northwestern,2026,,Nadia Nemeth,27,M,,,"Malvern, Pennsylvania",,,https://nusports.com/sports/field-hockey/roster/player/nadia-nemeth,Junior,509
Northwestern,2026,,Kayla Joyce,39,GK,,,"Baden, Pennsylvania",,,https://nusports.com/sports/field-hockey/roster/player/kayla-joyce,Sophomore,509
Northwestern,2026,,Juliana Boon,77,GK,,,"Houston, Texas",,,https://nusports.com/sports/field-hockey/roster/player/juliana-boon,Junior,509
Ohio,2026,,Gwen Hershberger,1,GK,5' 1'',,"Harrison City, Pa.",,Penn Trafford,https://ohiobobcats.com/sports/fhockey/roster/gwen-hershberger/6878,Graduate,519
Ohio,2026,,Natalie LaFleur,2,F,5' 3'',,"Fredericksburg, Va.",,Massaponax,https://ohiobobcats.com/sports/fhockey/roster/natalie-lafleur/6880,Senior,519
Ohio,2026,,Ava Hershberger,3,D,,,"Harrison City, Pa.",,Penn Trafford,https://ohiobobcats.com/sports/fhockey/roster/ava-hershberger/6877,Junior,519
Ohio,2026,,Rowan Casey,4,D,5' 8'',,"Columbus, Ohio",,Thomas Worthington,https://ohiobobcats.com/sports/fhockey/roster/rowan-casey/6869,Sophomore,519
Ohio,2026,,Katie Cole,5,M,5' 5'',,"Newark, Del.",,Caravel Academy,https://ohiobobcats.com/sports/fhockey/roster/katie-cole/6871,Sophomore,519
Ohio,2026,,Tiana Nhamoinesu,6,F,5' 3'',,"Thirsk, North Yorkshire",,Godolphin School,https://ohiobobcats.com/sports/fhockey/roster/tiana-nhamoinesu/6881,Sophomore,519
Ohio,2026,,Hanna Scheessele,7,D,5' 4'',,"St. Louis, Mo.",,John Burroughs School,https://ohiobobcats.com/sports/fhockey/roster/hanna-scheessele/6884,Sophomore,519
Ohio,2026,,Deborah James,8,D,5' 7'',,"Hertfordshire, England",,Stowe School,https://ohiobobcats.com/sports/fhockey/roster/deborah-james/6879,Junior,519
Ohio,2026,,Tori Cisney,9,M,5' 3'',,"Cleona, Pa.",,Annville Cleona,https://ohiobobcats.com/sports/fhockey/roster/tori-cisney/6870,Sophomore,519
Ohio,2026,,Marie De Grande,10,M,5' 3'',,"Groot-Bijgaarden, Belgium",,Regina Caeli Lyceum,https://ohiobobcats.com/sports/fhockey/roster/marie-de-grande/6872,Junior,519
Ohio,2026,,Mattea Vest,11,D,5' 1'',,"St. Louis, Mo.",,Cor Jesu Academy,https://ohiobobcats.com/sports/fhockey/roster/mattea-vest/6886,Junior,519
Ohio,2026,,Annie Ryan,13,M,5' 1'',,"St. Louis, Mo.",,St. Joseph's Academy.,https://ohiobobcats.com/sports/fhockey/roster/annie-ryan/6883,Senior,519
Ohio,2026,,Olivia de Jong,14,M,5' 4'',,"Delft, Netherlands)",,Stanislascollege Westplantsoen,https://ohiobobcats.com/sports/fhockey/roster/olivia-de-jong/6889,Freshman,519
Ohio,2026,,Maddie Hill,16,M,5' 7'',,"Perth, Australia",,,https://ohiobobcats.com/sports/fhockey/roster/maddie-hill/6888,Freshman,519
Ohio,2026,,Addy Basile,17,F,5' 6'',,"Lewes, Del.",,Cape Henlopen,https://ohiobobcats.com/sports/fhockey/roster/addy-basile/6867,Junior,519
Ohio,2026,,Adi Geer,19,F,5' 5'',,"Newport, Pa.",,Newport,https://ohiobobcats.com/sports/fhockey/roster/adi-geer/6876,Sophomore,519
Ohio,2026,,Mia Scheulen,20,F,,,"St. Louis, Mo.",,Westminster Christian Academy,https://ohiobobcats.com/sports/fhockey/roster/mia-scheulen/6885,Junior,519
Ohio,2026,,Karley DuCoin,21,F,5' 4'',,"Turnersville, NJ",,Washington Township,https://ohiobobcats.com/sports/fhockey/roster/karley-ducoin/6873,Sophomore,519
Ohio,2026,,Iona Roderick,22,M,5' 3'',,"Cardiff, United Kingdom",,Ysgol Gyfun Glantaf,https://ohiobobcats.com/sports/fhockey/roster/iona-roderick/6882,Sophomore,519
Ohio,2026,,Emily Beitzel,23,M,5' 5'',,"Hershey, Pa.",,Hershey,https://ohiobobcats.com/sports/fhockey/roster/emily-beitzel/6868,Senior,519
Ohio,2026,,Aaliyah Edwards,24,F,5' 8'',,"Beachwood, Ohio",,Beachwood,https://ohiobobcats.com/sports/fhockey/roster/aaliyah-edwards/6874,Graduate,519
Ohio,2026,,Ava Florence,25,D,5' 8'',,"Louisville, Ky.",,Christian Academy of Louisville,https://ohiobobcats.com/sports/fhockey/roster/ava-florence/6875,Sophomore,519
Ohio,2026,,Molly Schreiner,28,GK,5' 5'',,"State College, Pa.",,State College Area,https://ohiobobcats.com/sports/fhockey/roster/molly-schreiner/6887,Junior,519
Ohio St.,2026,,Maddie Stevens,00,GK,,,"Morgantown, Pa.",,Twin Valley HS / Liberty,https://ohiostatebuckeyes.com/sports/field-hockey/roster/maddie-stevens/13280,Junior,518
Ohio St.,2026,,Briella Elias,1,F,,,"Lincroft, N.J.",,Shore Regional High School,https://ohiostatebuckeyes.com/sports/field-hockey/roster/briella-elias/13497,Freshman,518
Ohio St.,2026,,Autum Kernechel,2,M,,,"Emmaus, Pa.",,Emmaus,https://ohiostatebuckeyes.com/sports/field-hockey/roster/autum-kernechel/13273,Sophomore,518
Ohio St.,2026,,Mary Davis,3,M,,,"Midlothian, Va.",,Powhatan HS / Liberty,https://ohiostatebuckeyes.com/sports/field-hockey/roster/mary-davis/13269,Junior,518
Ohio St.,2026,,Laila Hollis,4,D,,,"Manningtree, England",,Ipswich School,https://ohiostatebuckeyes.com/sports/field-hockey/roster/laila-hollis/13491,Freshman,518
Ohio St.,2026,,Emily Barker,5,F,,Health Sciences,"Columbus, Ohio",,Upper Arlington,https://ohiostatebuckeyes.com/sports/field-hockey/roster/emily-barker/13265,Senior,518
Ohio St.,2026,,Raleigh Kerst,6,F,,,"Arnold, Md.",,Broadneck,https://ohiostatebuckeyes.com/sports/field-hockey/roster/raleigh-kerst/13274,Sophomore,518
Ohio St.,2026,,Senna Schot,8,M,,,"Almere, Netherlands",,Helen Parkhurst,https://ohiostatebuckeyes.com/sports/field-hockey/roster/senna-schot/13499,Freshman,518
Ohio St.,2026,,Carmela Maro,9,F,,,"Collegeville, Pa.",,Methacton,https://ohiostatebuckeyes.com/sports/field-hockey/roster/carmela-maro/13277,Sophomore,518
Ohio St.,2026,,Hannah Gober,10,M,,,"New Tripoli, Pa.",,Northwestern Lehigh High School,https://ohiostatebuckeyes.com/sports/field-hockey/roster/hannah-gober/13495,Freshman,518
Ohio St.,2026,,Avery Alleva,11,GK,,,"Leesburg, Va.",,Independence High School,https://ohiostatebuckeyes.com/sports/field-hockey/roster/avery-alleva/13492,Freshman,518
Ohio St.,2026,,Phillippa Jowett,13,D,,,"Melbourne, England",,Repton School,https://ohiostatebuckeyes.com/sports/field-hockey/roster/phillippa-jowett/13493,Freshman,518
Ohio St.,2026,,Lara Mulder,14,M,,,"Vinkeveen, Netherlands",,RSG Broklede,https://ohiostatebuckeyes.com/sports/field-hockey/roster/lara-mulder/13282,Freshman,518
Ohio St.,2026,,Karys Craver,15,M,,,"Lititz, Pa.",,Warwick High School,https://ohiostatebuckeyes.com/sports/field-hockey/roster/karys-craver/13494,Freshman,518
Ohio St.,2026,,Cece Tomaszewski,16,D,,,"Leesburg, Va.",,Loudoun County,https://ohiostatebuckeyes.com/sports/field-hockey/roster/cece-tomaszewski/13281,Sophomore,518
Ohio St.,2026,,Philippa Schipper,17,D,,TBD,"Rotterdam, Netherlands",,Montessori Lyceum Rotterdam,https://ohiostatebuckeyes.com/sports/field-hockey/roster/philippa-schipper/13278,Junior,518
Ohio St.,2026,,Emerson Swartz,18,M,,,"Harvey's Lake, Pa.",,Wyoming Seminary,https://ohiostatebuckeyes.com/sports/field-hockey/roster/emerson-swartz/13496,Freshman,518
Ohio St.,2026,,Victoria Kutz,19,D,,TBD,"Hummelstown, Pa.",,Lower Dauphin,https://ohiostatebuckeyes.com/sports/field-hockey/roster/victoria-kutz/13276,Junior,518
Ohio St.,2026,,Katie Crump,20,M,,,St. Louis,,Villa Duchesne,https://ohiostatebuckeyes.com/sports/field-hockey/roster/katie-crump/13267,Sophomore,518
Ohio St.,2026,,Reagan Eickhoff,21,F,,Human Resources,"Boiling Springs, Pa.",,Boiling Springs,https://ohiostatebuckeyes.com/sports/field-hockey/roster/reagan-eickhoff/13271,Senior,518
Ohio St.,2026,,Grace Dixon,22,D,,TBD,"Virginia Beach, Va.",,First Colonial,https://ohiostatebuckeyes.com/sports/field-hockey/roster/grace-dixon/13270,Junior,518
Ohio St.,2026,,Lucy Curtis,23,GK,,,Charlotte,,Myers Park,https://ohiostatebuckeyes.com/sports/field-hockey/roster/lucy-curtis/13268,Sophomore,518
Ohio St.,2026,,Lea DeWan,24,M,,,"Collegeville, Pa.",,Methacton High School,https://ohiostatebuckeyes.com/sports/field-hockey/roster/lea-dewan/13498,Freshman,518
Ohio St.,2026,,Anne Marie Krebs,25,M,,Biology,"Louisville, Ky.",,Christian Academy of Louisville,https://ohiostatebuckeyes.com/sports/field-hockey/roster/anne-marie-krebs/13275,Senior,518
Ohio St.,2026,,Sienna Golden,28,F,,Finance,"Berwyn, Pa.",,Archbishop Carroll,https://ohiostatebuckeyes.com/sports/field-hockey/roster/sienna-golden/13272,Junior,518
Ohio St.,2026,,Madeline Bogle,33,D,,TBD,"Lansdale, Pa.",,Gwynedd Mercy Academy,https://ohiostatebuckeyes.com/sports/field-hockey/roster/madeline-bogle/13266,Junior,518
Old Dominion,2026,,Anna Riesser,2,D,,,"Midlothian, Va.",Trinity Episcopal School,,https://odusports.com/sports/field-hockey/roster/player/anna-riesser,Freshman,523
Old Dominion,2026,,Lotte Haagmans,5,F,5′7″,,"Nuth, The Netherlands",Sintermeerten College,,https://odusports.com/sports/field-hockey/roster/player/lotte-haagmans,Junior,523
Old Dominion,2026,,Stella Houghton,6,D,5′4″,,"Kennett Square, Pa.",Kennett High School,,https://odusports.com/sports/field-hockey/roster/player/stella-houghton,Freshman,523
Old Dominion,2026,,Serena Langendoen,7,D,5′6″,,"Rotterdam, The Netherlands",Thorbecke Talentschool Rotterdam,,https://odusports.com/sports/field-hockey/roster/player/serena-langendoen,Junior,523
Old Dominion,2026,,Madison Zalewski,8,F,5′9″,,"Abington Heights, Pa.",Abington Heights,,https://odusports.com/sports/field-hockey/roster/player/madison-zalewski,Junior,523
Old Dominion,2026,,Lexi Winters,9,F,5′4″,,"Glenwood, Md.",Glenelg High School,,https://odusports.com/sports/field-hockey/roster/player/lexi-winters,Freshman,523
Old Dominion,2026,,Isabella Decesaris,10,M,,,"Shavertown, Pa.",Lake Lehman High School,,https://odusports.com/sports/field-hockey/roster/player/isabella-decesaris,Sophomore,523
Old Dominion,2026,,Sharlise Solano,11,D,5′3″,,"Emmaus, Pa.",Emmaus High School,,https://odusports.com/sports/field-hockey/roster/player/sharlise-solano,Freshman,523
Old Dominion,2026,,Cosima Perleth,12,M,,,"Schweinfurt, Germany",International School Mainfranken,,https://odusports.com/sports/field-hockey/roster/player/cosima-perleth,Senior,523
Old Dominion,2026,,Laila Zdancewicz,14,F,5′5″,,"Swoyersville, Pa.",Wyoming Valley West,,https://odusports.com/sports/field-hockey/roster/player/laila-zdancewicz,Sophomore,523
Old Dominion,2026,,Sofia Marciano,15,M,5′5″,,"Buenos Aires, Argentina",Del Viso Day School,,https://odusports.com/sports/field-hockey/roster/player/sofia-marciano,Junior,523
Old Dominion,2026,,Ainsley Papierniak,16,F,5′6″,,"Richmond, Va.",Midlothian High School,,https://odusports.com/sports/field-hockey/roster/player/ainsley-papierniak,Junior,523
Old Dominion,2026,,Géraldine Daenekindt,17,F,5′4″,,"Waregem, Belgium",Saint Paulus School,,https://odusports.com/sports/field-hockey/roster/player/geraldine-daenekindt,Freshman,523
Old Dominion,2026,,Cruz Canepa,20,M,5′3″,,"Barcelona, Spain",Colegio Santo Angel,,https://odusports.com/sports/field-hockey/roster/player/cruz-canepa,Junior,523
Old Dominion,2026,,Claire Hitchings,23,M,,,"Virginia Beach, Va.",First Colonial High School,,https://odusports.com/sports/field-hockey/roster/player/claire-hitchings,Sophomore,523
Old Dominion,2026,,Josi John,24,Midfield/Defender,5′6″,,"Chesapeake, Va.",Western Branch High School,,https://odusports.com/sports/field-hockey/roster/player/josi-john,Senior,523
Old Dominion,2026,,Autumn Busby,25,M,5′5″,,"Midlothian, Va.",Midlothian High School,,https://odusports.com/sports/field-hockey/roster/player/autumn-busby,Sophomore,523
Old Dominion,2026,,Avery Jackson,26,Forward/Midfield,5′4″,,"Poquoson, Va.",Poquoson High School,,https://odusports.com/sports/field-hockey/roster/player/avery-jackson,Senior,523
Old Dominion,2026,,Nicolette Saccomandi,27,M,5′7″,,"Thornton, Pa.",,,https://odusports.com/sports/field-hockey/roster/player/nicolette-saccomandi,Senior,523
Old Dominion,2026,,Josie Painter,28,F,5′10″,,"Richmond, Va.",Midlothian High School,,https://odusports.com/sports/field-hockey/roster/player/josie-painter,Redshirt Sophomore,523
Old Dominion,2026,,Sydney Holbrook,29,M,5′7″,,"Yorktown, Va.",Tabb High School,,https://odusports.com/sports/field-hockey/roster/player/sydney-holbrook,Senior,523
Old Dominion,2026,,Suus Broers,44,GK,5′6″,,"Utrecht, The Netherlands",Revius Lyceum Doorn,,https://odusports.com/sports/field-hockey/roster/player/suus-broers,Senior,523
Old Dominion,2026,,Alexa Murphy,62,GK,5′9″,,"Richmond, Va.",Trinity Episcopal High School,,https://odusports.com/sports/field-hockey/roster/player/alexa-murphey,Sophomore,523
Penn,2026,,Samira Rafide,0,,,,,,,https://pennathletics.com/sports/field-hockey/roster/samira-rafide/26102,,540
Penn,2026,,Reese Czajkowski,1,,,,,,,https://pennathletics.com/sports/field-hockey/roster/reese-czajkowski/26232,,540
Penn,2026,,Sarah Ding,2,,,,,,,https://pennathletics.com/sports/field-hockey/roster/sarah-ding/26095,,540
Penn,2026,,Ellie Almeida,4,,,,,,,https://pennathletics.com/sports/field-hockey/roster/ellie-almeida/26089,,540
Penn,2026,,Anna Fisher,5,,,,,,,https://pennathletics.com/sports/field-hockey/roster/anna-fisher/26233,,540
Penn,2026,,Honor Roberts,6,,,,,,,https://pennathletics.com/sports/field-hockey/roster/honor-roberts/26103,,540
Penn,2026,,Sydney Mandato,7,,,,,,,https://pennathletics.com/sports/field-hockey/roster/sydney-mandato/26099,,540
Penn,2026,,Zola Piekarski,8,,,,,,,https://pennathletics.com/sports/field-hockey/roster/zola-piekarski/26237,,540
Penn,2026,,Bebe Smith,9,,,,,,,https://pennathletics.com/sports/field-hockey/roster/bebe-smith/26238,,540
Penn,2026,,Beau Lilly Barrington-Hibbert,11,,,,,,,https://pennathletics.com/sports/field-hockey/roster/beau-lilly-barrington-hibbert/26091,,540
Penn,2026,,Leah Foltyn,12,,,,,,,https://pennathletics.com/sports/field-hockey/roster/leah-foltyn/26234,,540
Penn,2026,,Riley Thomson,14,,,,,,,https://pennathletics.com/sports/field-hockey/roster/riley-thomson/26105,,540
Penn,2026,,Victoria Manzur,15,,,,,,,https://pennathletics.com/sports/field-hockey/roster/victoria-manzur/26236,,540
Penn,2026,,Emma Nahon,16,,,,,,,https://pennathletics.com/sports/field-hockey/roster/emma-nahon/26101,,540
Penn,2026,,Megan Frank,18,,,,,,,https://pennathletics.com/sports/field-hockey/roster/megan-frank/26097,,540
Penn,2026,,Maggie Koo,19,,,,,,,https://pennathletics.com/sports/field-hockey/roster/maggie-koo/26235,,540
Penn,2026,,Naomi Esterowitz,22,,,,,,,https://pennathletics.com/sports/field-hockey/roster/naomi-esterowitz/26096,,540
Penn,2026,,Lucy Mangat,23,,,,,,,https://pennathletics.com/sports/field-hockey/roster/lucy-mangat/26100,,540
Penn,2026,,Maxi Aranowitz,24,,,,,,,https://pennathletics.com/sports/field-hockey/roster/maxi-aranowitz/26090,,540
Penn,2026,,Darcey Chapman,26,,,,,,,https://pennathletics.com/sports/field-hockey/roster/darcey-chapman/26093,,540
Penn,2026,,Jazmin Borensztein,30,,,,,,,https://pennathletics.com/sports/field-hockey/roster/jazmin-borensztein/26092,,540
Penn,2026,,Ruby de Frees,76,,,,,,,https://pennathletics.com/sports/field-hockey/roster/ruby-de-frees/26094,,540
Penn St.,2026,,Natalie Freeman,1,M/F,,,"Ellicott City, Md.",Garrison Forest School,,https://gopsusports.com/sports/field-hockey/roster/player/natalie-freeman,Senior,539
Penn St.,2026,,Katelyn Strawser,2,F,,,"Hummelstown, Pa.",Lower Dauphin,,https://gopsusports.com/sports/field-hockey/roster/player/katelyn-strawser,Junior,539
Penn St.,2026,,Lara Pyle,3,M/F,,,"Brisbane, Queensland, Australia",Brisbane,,https://gopsusports.com/sports/field-hockey/roster/player/lara-pyle,Sophomore,539
Penn St.,2026,,Chloe D'Hage,4,F,5′4″,,"Brisbane, Queensland, Australia",All Hallows School,,https://gopsusports.com/sports/field-hockey/roster/player/chloe-dhage,Freshman,539
Penn St.,2026,,Riley O'Donnell,5,M,,,"Lansdale, Pa.",Springside Chestnut Hill Academy,,https://gopsusports.com/sports/field-hockey/roster/player/riley-odonnell,Junior,539
Penn St.,2026,,Kerry O'Donnell,6,M,,,"Lansdale, Pa.",Springside Chestnut Hill Academy,,https://gopsusports.com/sports/field-hockey/roster/player/kerry-odonnell,Junior,539
Penn St.,2026,,Joji Purdy,7,M/F,,,"Virginia Beach, Va.",Norfolk Academy,,https://gopsusports.com/sports/field-hockey/roster/player/joji-purdy,Sophomore,539
Penn St.,2026,,Morgan Snyder,8,D,,,"Fleetwood, Pa.",Oley Valley,,https://gopsusports.com/sports/field-hockey/roster/player/morgan-snyder,Junior,539
Penn St.,2026,,Lilly Holmes,9,D,5′7″,,"Somerset, England, United Kingdom",Millfield School,,https://gopsusports.com/sports/field-hockey/roster/player/lilly-holmes,Freshman,539
Penn St.,2026,,Olivia Marthins,10,M/F,,,"Haddonfield, N.J.",Haddonfield,,https://gopsusports.com/sports/field-hockey/roster/player/olivia-marthins,Sophomore,539
Penn St.,2026,,Madison Britton,11,M/B,,,"West Grove, Pa.",Avon Grove,,https://gopsusports.com/sports/field-hockey/roster/player/madison-britton,Senior,539
Penn St.,2026,,Carly Seal,12,M,,,"Westampton, N.J.",Rancocas Valley,,https://gopsusports.com/sports/field-hockey/roster/player/carly-seal,Junior,539
Penn St.,2026,,Aby Deverka,13,GK,,,"Houston, Texas",The Kinkaid School,,https://gopsusports.com/sports/field-hockey/roster/player/aby-deverka,Junior,539
Penn St.,2026,,Camryn Standish,14,M/B,5′6″,,"Mechanicsburg, Pa.",Mechanicsburg Area Senior,Ohio State,https://gopsusports.com/sports/field-hockey/roster/player/camryn-standish,Graduate Student,539
Penn St.,2026,,Lilah Grace Logan,15,M/F,5′6″,,"Richmond, Va.",Trinity Episcopal School,,https://gopsusports.com/sports/field-hockey/roster/player/lilah-grace-logan,Freshman,539
Penn St.,2026,,Elise DeWan,16,D,,,"Collegeville, Pa.",Methacton,,https://gopsusports.com/sports/field-hockey/roster/player/elise-dewan,Senior,539
Penn St.,2026,,Kira Takahashi-Trader,17,M/B,5′6″,,"Yorktown, Va.",Tabb,,https://gopsusports.com/sports/field-hockey/roster/player/kira-takahashi-trader,Freshman,539
Penn St.,2026,,Cooper Cutchins,18,M/B,,,"Virginia Beach, Va.",Norfolk Academy,,https://gopsusports.com/sports/field-hockey/roster/player/cooper-cutchins,Sophomore,539
Penn St.,2026,,Mia Clarkson,19,GK,,,"Virginia Beach, Va.",Norfolk Academy,,https://gopsusports.com/sports/field-hockey/roster/player/mia-clarkson,Redshirt Freshman,539
Penn St.,2026,,Macy Adams,20,M/F,5′5″,,"Sinking Spring, Pa.",Wilson West Lawn,,https://gopsusports.com/sports/field-hockey/roster/player/macy-adams,Freshman,539
Penn St.,2026,,Sienna Dunn,21,M,5′3″,,"Peel, Isle of Man",Repton School,,https://gopsusports.com/sports/field-hockey/roster/player/sienna-dunn,Graduate Student,539
Penn St.,2026,,Emmy McCulley,22,M/F,,,"Hummelstown, Pa.",Lower Dauphin,,https://gopsusports.com/sports/field-hockey/roster/player/emmy-mccully,Senior,539
Penn St.,2026,,Marie McCracken,23,M,5′7″,,"Ephrata, Pa.",Ephrata Senior,,https://gopsusports.com/sports/field-hockey/roster/player/marie-mccracken,Freshman,539
Penn St.,2026,,Hope Russo,24,M/F,,,"Summit, N.J.",Oak Knoll,,https://gopsusports.com/sports/field-hockey/roster/player/hope-russo,Redshirt Freshman,539
Penn St.,2026,,Ella Gaitan,26,F,5′5″,,"Belvidere, N.J.",Blair Academy,Maryland,https://gopsusports.com/sports/field-hockey/roster/player/ella-gaitan,Junior,539
Princeton,2026,,Josie Bianco,1,GK,5' 7'',,"Bel Air, Md.",,John Carroll School,https://goprincetontigers.com/sports/field-hockey/roster/josie-bianco/25479,Freshman,554
Princeton,2026,,Lilly Wojcik,2,F,5' 3'',,"New Freedom, Pa.",,Susquehannock,https://goprincetontigers.com/sports/field-hockey/roster/lilly-wojcik/25478,Junior,554
Princeton,2026,,Lilly Cimaroli,4,M,5' 3'',,"Glencoe, Ill.",,New Trier,https://goprincetontigers.com/sports/field-hockey/roster/lilly-cimaroli/25482,Freshman,554
Princeton,2026,,Lydia Bills,5,F,5' 7'',,"Chester, England",,The King's School Chester,https://goprincetontigers.com/sports/field-hockey/roster/lydia-bills/25463,Senior,554
Princeton,2026,,Ottilie Sykes,6,D,5' 9'',,"Milton, England",,Repton School,https://goprincetontigers.com/sports/field-hockey/roster/ottilie-sykes/25475,Senior,554
Princeton,2026,,Hope Delaney,7,D,5' 8'',,"Radnor, Pa.",,Radnor,https://goprincetontigers.com/sports/field-hockey/roster/hope-delaney/25466,Senior,554
Princeton,2026,,Pru Lindsey,8,F,5' 6'',,"Nantwich, England",,Sedbergh School,https://goprincetontigers.com/sports/field-hockey/roster/pru-lindsey/25470,Junior,554
Princeton,2026,,Izzy Morgan,9,D,5' 7'',,"Winnetka, Ill.",,New Trier,https://goprincetontigers.com/sports/field-hockey/roster/izzy-morgan/25472,Junior,554
Princeton,2026,,Clem Houlden,10,M,5' 3'',,"Bristol, England",,Clifton College,https://goprincetontigers.com/sports/field-hockey/roster/clem-houlden/25469,Junior,554
Princeton,2026,,Reese Milone,11,D,5' 10'',,"Bryn Mawr, Pa.",,Academy of Notre Dame de Namur,https://goprincetontigers.com/sports/field-hockey/roster/reese-milone/25484,Freshman,554
Princeton,2026,,Caitlin Thompson,12,M,5' 6'',,"Cheltenham, England",,Dean Close,https://goprincetontigers.com/sports/field-hockey/roster/caitlin-thompson/25476,Sophomore,554
Princeton,2026,,Saylor Milone,13,F,5' 8'',,"Bryn Mawr, Pa.",,Academy of Notre Dame de Namur,https://goprincetontigers.com/sports/field-hockey/roster/saylor-milone/25471,Sophomore,554
Princeton,2026,,Savannah Faulkner,14,D,5' 6'',,"Louisville, Kent.",,Christian Academy,https://goprincetontigers.com/sports/field-hockey/roster/savannah-faulkner/25480,Freshman,554
Princeton,2026,,Mia Ramirez,15,F,5' 4'',,"Princeton, N.J.",,Princeton,https://goprincetontigers.com/sports/field-hockey/roster/mia-ramirez/25474,Sophomore,554
Princeton,2026,,Ella Cashman,16,M,5' 4'',,"Surbiton, England",,The Tiffin School For Girls,https://goprincetontigers.com/sports/field-hockey/roster/ella-cashman/25465,Senior,554
Princeton,2026,,Tabby Vaughan,18,M,5' 3'',,"Wirksworth, England",,Repton School,https://goprincetontigers.com/sports/field-hockey/roster/tabby-vaughan/25477,Sophomore,554
Princeton,2026,,Anna Faulstich,19,M,5' 7'',,"Bromley, England",,Caterham School,https://goprincetontigers.com/sports/field-hockey/roster/anna-faulstich/25468,Junior,554
Princeton,2026,,Lizzie Trant,20,F,5' 3'',,"Poquoson, Va.",,Poquoson,https://goprincetontigers.com/sports/field-hockey/roster/lizzie-trant/25483,Freshman,554
Princeton,2026,,Molly Nye,21,M,5' 3'',,"Cambridge, Mass.",,Middlesex School,https://goprincetontigers.com/sports/field-hockey/roster/molly-nye/25473,Junior,554
Princeton,2026,,Lilly McMahon,22,M,5' 7'',,"Madison, N.J.",,Oak Knoll,https://goprincetontigers.com/sports/field-hockey/roster/lilly-mcmahon/25481,Freshman,554
Princeton,2026,,Gabriella Anderson,24,D,5' 4'',,"Williamsburg, Va.",,Jamestown,https://goprincetontigers.com/sports/field-hockey/roster/gabriella-anderson/25462,Sophomore,554
Princeton,2026,,Olivia Caponiti,35,GK,6' 0'',,"Rye, N.Y.",,Sacred Heart (Greenwich),https://goprincetontigers.com/sports/field-hockey/roster/olivia-caponiti/25464,Senior,554
Princeton,2026,,Kylie Elefante,99,GK,5' 3'',,"Cream Ridge, N.J.",,Allentown,https://goprincetontigers.com/sports/field-hockey/roster/kylie-elefante/25467,Sophomore,554
Providence,2026,,Pauline Gineste,1,GK,5' 8'',,"Charlottesville, Va.",,The Covenant School,https://friars.com/sports/field-hockey/roster/pauline-gineste/11721,Graduate,556
Providence,2026,,Adrianna Williams,2,D,5' 3'',,"Watertown, Mass.",,Watertown,https://friars.com/sports/field-hockey/roster/adrianna-williams/11720,Sophomore,556
Providence,2026,,Lyla Sambus,3,F,5' 1'',,"Ridgefield, Conn.",,Ridgefield,https://friars.com/sports/field-hockey/roster/lyla-sambus/11722,Freshman,556
Providence,2026,,Caelie Patrick,4,M,5' 1'',,"Manchester by the Sea, Mass.",,Manchester Essex Regional,https://friars.com/sports/field-hockey/roster/caelie-patrick/11712,Junior,556
Providence,2026,,Saar Koper,5,D,5' 11'',,"Amsterdam, The Netherlands",,Gerrit van der Veen College,https://friars.com/sports/field-hockey/roster/saar-koper/11707,Sophomore,556
Providence,2026,,Lilia Payne,6,M,5' 3'',,"Suffolk, England",,Culford School,https://friars.com/sports/field-hockey/roster/lilia-payne/11713,Sophomore,556
Providence,2026,,Lily Procaccianti,7,F,5' 1'',,"Cranston, R.I.",,Moses Brown,https://friars.com/sports/field-hockey/roster/lily-procaccianti/11716,Senior,556
Providence,2026,,Ariana Ftorek,8,F,5' 8'',,"Wolfeboro, N.H.",,The Taft School,https://friars.com/sports/field-hockey/roster/ariana-ftorek/11705,Sophomore,556
Providence,2026,,Aly Iwasyk,9,D,5' 3'',,"Kennett Square, Pa.",,Unionville,https://friars.com/sports/field-hockey/roster/aly-iwasyk/11706,Sophomore,556
Providence,2026,,Florencia Talarico,10,M,5' 2'',,"Buenos Aires, Argentina",,Instituto San Roman,https://friars.com/sports/field-hockey/roster/florencia-talarico/11717,Senior,556
Providence,2026,,Macie Pennisi,11,M,5' 6'',,"Raleigh, N.C.",,Cardinal Gibbons,https://friars.com/sports/field-hockey/roster/macie-pennisi/11714,Senior,556
Providence,2026,,Carly van Benten,12,F,5' 2'',,"Ashburn, Va.",,Independence,https://friars.com/sports/field-hockey/roster/carly-van-benten/11719,Senior,556
Providence,2026,,Madelaine Jaeger,13,D,5' 7'',,"Westwood, Mass.",,Noble and Greenough School,https://friars.com/sports/field-hockey/roster/madelaine-jaeger/11723,Freshman,556
Providence,2026,,Bo Martina,14,M,5' 8'',,"Nieuw Vennep, The Netherlands",,Haarlemmermeer Lyceum / Vavo,https://friars.com/sports/field-hockey/roster/bo-martina/11710,Senior,556
Providence,2026,,Sam Gal,15,D,5' 6'',,"Winchester, Mass.",,Winchester,https://friars.com/sports/field-hockey/roster/sam-gal/11724,Freshman,556
Providence,2026,,Piper Cline,16,F,5' 3'',,"West Chester, Pa.",,Downingtown West,https://friars.com/sports/field-hockey/roster/piper-cline/11703,Junior,556
Providence,2026,,Martu Torre Festa,18,M,5' 4'',,"Buenos Aires, Argentina",,La Salle Florida,https://friars.com/sports/field-hockey/roster/martu-torre-festa/11718,Junior,556
Providence,2026,,Morgan Mastrobattisto,19,F,5' 2'',,"Madison, Conn.",,Daniel Hand,https://friars.com/sports/field-hockey/roster/morgan-mastrobattisto/11711,Sophomore,556
Providence,2026,,Johanna Mahner,20,M,5' 6'',,"Nuremberg, Germany",,Grimm School,https://friars.com/sports/field-hockey/roster/johanna-mahner/11709,Junior,556
Providence,2026,,Charlotte Lorden,21,M,5' 3'',,"Cockeysville, Md.",,St. Paul's School for Girls,https://friars.com/sports/field-hockey/roster/charlotte-lorden/11708,Senior,556
Providence,2026,,Annie Rojack,23,D,5' 5'',,"Madison, N.J.",,Academy of Saint Elizabeth,https://friars.com/sports/field-hockey/roster/annie-rojack/11725,Freshman,556
Providence,2026,,Rhylee Givens,25,F,5' 4'',,"Manheim, Pa.",,Manheim Township,https://friars.com/sports/field-hockey/roster/rhylee-givens/11726,Freshman,556
Providence,2026,,Darcy Quaile,26,M,5' 5'',,"Havertown, Pa.",,Haverford,https://friars.com/sports/field-hockey/roster/darcy-quaile/11727,Freshman,556
Providence,2026,,Caroline Traina,27,M,5' 6'',,"Sandwich, Mass.",,The Taft School,https://friars.com/sports/field-hockey/roster/caroline-traina/11728,Freshman,556
Providence,2026,,Ava Porter,77,GK,5' 4'',,"Somerset, Mass.",,Moses Brown,https://friars.com/sports/field-hockey/roster/ava-porter/11715,Sophomore,556
Queens (NC),2026,,Payson Fowler-Thorsen,1,,,,,,,https://queensathletics.com/sports/field-hockey/roster/payson-fowler-thorsen/13338,,11504
Queens (NC),2026,,Madylin Donmoyer,3,,,,,,,https://queensathletics.com/sports/field-hockey/roster/madylin-donmoyer/13376,,11504
Queens (NC),2026,,Grace Wagner,4,,,,,,,https://queensathletics.com/sports/field-hockey/roster/grace-wagner/13321,,11504
Queens (NC),2026,,Sarah Hondru,5,,,,,,,https://queensathletics.com/sports/field-hockey/roster/sarah-hondru/13315,,11504
Queens (NC),2026,,Lucy McCloskey,8,,,,,,,https://queensathletics.com/sports/field-hockey/roster/lucy-mccloskey/13340,,11504
Queens (NC),2026,,Tea Burns,9,,,,,,,https://queensathletics.com/sports/field-hockey/roster/tea-burns/13311,,11504
Queens (NC),2026,,Delfina Gonzalez Fontan,11,,,,,,,https://queensathletics.com/sports/field-hockey/roster/delfina-gonzalez-fontan/13314,,11504
Queens (NC),2026,,Jaxin Frazer,14,,,,,,,https://queensathletics.com/sports/field-hockey/roster/jaxin-frazer/13336,,11504
Queens (NC),2026,,Amanat Dhillon,16,,,,,,,https://queensathletics.com/sports/field-hockey/roster/amanat-dhillon/13335,,11504
Queens (NC),2026,,Maddie Just,19,,,,,,,https://queensathletics.com/sports/field-hockey/roster/maddie-just/13316,,11504
Queens (NC),2026,,Emerson Reeder,20,,,,,,,https://queensathletics.com/sports/field-hockey/roster/emerson-reeder/13334,,11504
Queens (NC),2026,,Addisan Sholly,24,,,,,,,https://queensathletics.com/sports/field-hockey/roster/addisan-sholly/13320,,11504
Queens (NC),2026,,Olivia Gain,25,,,,,,,https://queensathletics.com/sports/field-hockey/roster/olivia-gain/13313,,11504
Queens (NC),2026,,Madelynn Witt,26,,,,,,,https://queensathletics.com/sports/field-hockey/roster/madelynn-witt/13337,,11504
Queens (NC),2026,,Madie Stevens,28,,,,,,,https://queensathletics.com/sports/field-hockey/roster/madie-stevens/13339,,11504
Queens (NC),2026,,Ines Morixe Stirling,30,,,,,,,https://queensathletics.com/sports/field-hockey/roster/ines-morixe-stirling/13317,,11504
Queens (NC),2026,,Liv Rainwater,31,,,,,,,https://queensathletics.com/sports/field-hockey/roster/liv-rainwater/13318,,11504
Queens (NC),2026,,Alana Shimp,32,,,,,,,https://queensathletics.com/sports/field-hockey/roster/alana-shimp/13319,,11504
Queens (NC),2026,,Madison Destefano,88,,,,,,,https://queensathletics.com/sports/field-hockey/roster/madison-destefano/13312,,11504
Queens (NC),2026,,Sabrina Balent,99,,,,,,,https://queensathletics.com/sports/field-hockey/roster/sabrina-balent/13310,,11504
Quinnipiac,2026,,Jaelyn Crossman,1,F,5' 10'',,"Auburn, NH",,Pinkerton Academy,https://gobobcats.com/sports/field-hockey/roster/jaelyn-crossman/15230,Sophomore,562
Quinnipiac,2026,,Ava Bleier,2,F,5' 6'',,"Pittsford, NY",,Pittsford Sutherland,https://gobobcats.com/sports/field-hockey/roster/ava-bleier/15226,Senior,562
Quinnipiac,2026,,Kaia Jackson,3,M,5' 3'',,"Long Valley, NJ",,West Morris Central High School,https://gobobcats.com/sports/field-hockey/roster/kaia-jackson/15379,FY,562
Quinnipiac,2026,,Laci Coppola,4,F,5' 2'',,"Berlin, NJ",,Eastern Regional,https://gobobcats.com/sports/field-hockey/roster/laci-coppola/15229,Redshirt Junior,562
Quinnipiac,2026,,Lauren Keyte,5,M,5' 6'',,"Schwenksville, Pa.",,Perkiomen Valley,https://gobobcats.com/sports/field-hockey/roster/lauren-keyte/15235,Graduate,562
Quinnipiac,2026,,Alexa Kidd,6,M,5' 3'',,"East Setauket, NY",,Ward Melville High School,https://gobobcats.com/sports/field-hockey/roster/alexa-kidd/15236,Junior,562
Quinnipiac,2026,,Emma Nelson,7,M,5' 5'',,"Yardley, Pa.",,The Pennington School,https://gobobcats.com/sports/field-hockey/roster/emma-nelson/15238,Junior,562
Quinnipiac,2026,,Julia Lutz,8,M,5' 5'',,"Naaldwijk, The Netherlands",,The International School of The Hague,https://gobobcats.com/sports/field-hockey/roster/julia-lutz/15383,FY,562
Quinnipiac,2026,,Maddie Lathrop,10,M,5' 7'',,"Downingtown, Pa.",,Downingtown West,https://gobobcats.com/sports/field-hockey/roster/maddie-lathrop/15380,FY,562
Quinnipiac,2026,,Katie Shanahan,11,D,5' 7'',,"Falmouth, Mass.",,Falmouth,https://gobobcats.com/sports/field-hockey/roster/katie-shanahan/15239,Senior,562
Quinnipiac,2026,,Meike van Schoot,13,GK,5' 6'',,"Amstelveen, The Netherlands",,Hermann Wesselink College,https://gobobcats.com/sports/field-hockey/roster/meike-van-schoot/15384,FY,562
Quinnipiac,2026,,Rozemarijn Van Keulen,14,F,5' 9'',,"Naarden, The Netherlands",,Vituscollege,https://gobobcats.com/sports/field-hockey/roster/rozemarijn-van-keulen/15240,Sophomore,562
Quinnipiac,2026,,Lily Mastrella,15,F,5' 3'',,"Burnt Hills, NY",,Burnt Hills-Ballston Lake High School,https://gobobcats.com/sports/field-hockey/roster/lily-mastrella/15382,FY,562
Quinnipiac,2026,,Senne Fassbender,17,D,5' 9'',,"Veghel, The Netherlands",,Zwijsen College,https://gobobcats.com/sports/field-hockey/roster/senne-fassbender/15386,FY,562
Quinnipiac,2026,,Martina Calveira,19,F,5' 1'',,"Entre Rios, Argentina",,Escuela del Club Atletico Estudiantes,https://gobobcats.com/sports/field-hockey/roster/martina-calveira/15227,Senior,562
Quinnipiac,2026,,Zoe Bjelac,21,D,5' 9'',,"Arnold, Md.",,Broadneck High School,https://gobobcats.com/sports/field-hockey/roster/zoe-bjelac/15225,Junior,562
Quinnipiac,2026,,Evelyn Henderson,22,F,5' 5'',,"Cheltenham, England",,Cheltenham College,https://gobobcats.com/sports/field-hockey/roster/evelyn-henderson/15385,FY,562
Quinnipiac,2026,,Mia Khazin,23,F,5' 10'',,"Saratoga Springs, NY",,Saratoga Springs High School,https://gobobcats.com/sports/field-hockey/roster/mia-khazin/15381,FY,562
Quinnipiac,2026,,Veronica Goettner,24,D,5' 2'',,"North Wales, Pa.",,Springside Chestnut Hill Academy,https://gobobcats.com/sports/field-hockey/roster/veronica-goettner/15232,Sophomore,562
Quinnipiac,2026,,Jenna Livathares,25,M,5' 1'',,"Upper Saddle River, NJ",,Northern Highlands Regional High School,https://gobobcats.com/sports/field-hockey/roster/jenna-livathares/15237,Sophomore,562
Quinnipiac,2026,,Jule Hoefer,32,M,5' 4'',,"Hamburg, Germany",,Gymnasium Christianeum,https://gobobcats.com/sports/field-hockey/roster/jule-hoefer/15234,Junior,562
Quinnipiac,2026,,Charlie Caunter,33,M,5' 6'',,"Oldenzaal, The Netherlands",,Twents Carmel College Lyceum,https://gobobcats.com/sports/field-hockey/roster/charlie-caunter/15228,Sophomore,562
Quinnipiac,2026,,Audrey Everett,44,GK,5' 7'',,"Wilmington, Del.",,Sanford School,https://gobobcats.com/sports/field-hockey/roster/audrey-everett/15231,Redshirt Junior,562
Richmond,2026,,Reese Miller,1,F,5' 3'',,"Gloucester, Va.",,Gloucester,https://richmondspiders.com/sports/field-hockey/roster/reese-miller/8113,Sophomore,575
Richmond,2026,,Julia McAllister,2,M,5' 6'',,"Owings Mills, MD",,Garrison Forest School,https://richmondspiders.com/sports/field-hockey/roster/julia-mcallister/8500,Freshman,575
Richmond,2026,,Elen Nicholls,3,D,5' 6'',,"Cardiff, Wales",,St. Lawrence College,https://richmondspiders.com/sports/field-hockey/roster/elen-nicholls/8506,Graduate,575
Richmond,2026,,Caroline Simmons,5,M,5' 10'',,"Austin, Texas",,St. Andrew's Episcopal School,https://richmondspiders.com/sports/field-hockey/roster/caroline-simmons/8115,Sophomore,575
Richmond,2026,,Emme Hinson-Hasty,6,M,5' 8'',,"Louisville, Ky.",,duPont,https://richmondspiders.com/sports/field-hockey/roster/emme-hinsonhasty/8109,Junior,575
Richmond,2026,,Sarah Ellis,7,M,5' 7'',,"Virginia Beach, Va.",,Princess Anne High,https://richmondspiders.com/sports/field-hockey/roster/sarah-ellis/8106,Junior,575
Richmond,2026,,Maura Seeger,8,M,5' 5'',,"Bryn Mawr, PA",,Academy of Notre Dame,https://richmondspiders.com/sports/field-hockey/roster/maura-seeger/8499,Freshman,575
Richmond,2026,,Camila Daud,9,M,5' 3'',,"Buenos Aires, Argentina",,Saint Mary of the Hills,https://richmondspiders.com/sports/field-hockey/roster/camila-daud/8105,Redshirt Junior,575
Richmond,2026,,Leah Horwitz,10,F,5' 6'',,"Sullivan's Island, SC",,Providence Day School,https://richmondspiders.com/sports/field-hockey/roster/leah-horwitz/8505,Graduate,575
Richmond,2026,,Eliana deGennaro,11,M,5' 2'',,"Berwyn, PA",,The Episcopal Academy,https://richmondspiders.com/sports/field-hockey/roster/eliana-degennaro/8498,Freshman,575
Richmond,2026,,Charly Faherty,12,M,5' 4'',,"Invercargill, New Zealand",,James Hargest College,https://richmondspiders.com/sports/field-hockey/roster/charly-faherty/8108,Senior,575
Richmond,2026,,Avery Russell,14,F,5' 6'',,"Palmyra, Pa.",,Palmyra Area High,https://richmondspiders.com/sports/field-hockey/roster/avery-russell/8114,Senior,575
Richmond,2026,,Freya MacKay,15,D,5' 9'',,"Edinburgh, Scotland",,The Mary Erskine School,https://richmondspiders.com/sports/field-hockey/roster/freya-mackay/8112,Senior,575
Richmond,2026,,Maia Dechiario,16,D,5' 6'',,"Berwyn, PA",,Villa Maria Academy,https://richmondspiders.com/sports/field-hockey/roster/maia-dechiario/8504,Graduate,575
Richmond,2026,,Abril Peroni,17,M,5' 7'',,"Córdoba, Argentina",,Academia Argüello,https://richmondspiders.com/sports/field-hockey/roster/abril-peroni/8502,Freshman,575
Richmond,2026,,Clara Larripa,20,F,5' 5'',,"Buenos Aires, Argentina",,St. Trinnean's,https://richmondspiders.com/sports/field-hockey/roster/clara-larripa/8110,Senior,575
Richmond,2026,,Malena Magnano,21,F,5' 8'',,"Virginia Beach, Va.",,Kellam High,https://richmondspiders.com/sports/field-hockey/roster/malena-magnano/8118,Junior,575
Richmond,2026,,Olivia Eusanio,22,F,5' 5'',,"Centerport, NY",,Harborfields,https://richmondspiders.com/sports/field-hockey/roster/olivia-eusanio/8107,Sophomore,575
Richmond,2026,,Grace Wiggins,24,M,5' 11'',,"Milton, Del.",,Cape Henlopen High,https://richmondspiders.com/sports/field-hockey/roster/grace-wiggins/8117,Junior,575
Richmond,2026,,Lillian Buckwalter,25,D,5' 3'',,"Lancaster, Pa.",,Conestoga Valley,https://richmondspiders.com/sports/field-hockey/roster/lillian-buckwalter/8102,Graduate,575
Richmond,2026,,Luciana Carpenter,28,D,5' 10'',,"Green Lane, PA",,Upper Perkiomen,https://richmondspiders.com/sports/field-hockey/roster/luciana-carpenter/8503,Graduate,575
Richmond,2026,,Valen Luna Paratore,30,F,5' 6'',,"Buenos Aires, Argentina",,Colegio San Agustin,https://richmondspiders.com/sports/field-hockey/roster/valen-luna-paratore/8111,Senior,575
Richmond,2026,,Mairead Carey,60,GK,5' 7'',,"Stow, MA",,Lawrence Academy,https://richmondspiders.com/sports/field-hockey/roster/mairead-carey/8501,Freshman,575
Richmond,2026,,Amanda Cimillo,70,GK,5' 6'',,"Pleasant Valley, N.Y.",,Arlington,https://richmondspiders.com/sports/field-hockey/roster/amanda-cimillo/8103,Senior,575
Rider,2026,,Sarah Fitzpatrick,00,,,,,,,https://gobroncs.com/sports/field-hockey/roster/sarah-fitzpatrick/8863,,576
Rider,2026,,Ang Borisow,1,,,,,,,https://gobroncs.com/sports/field-hockey/roster/ang-borisow/8858,,576
Rider,2026,,Sam Connolly,2,,,,,,,https://gobroncs.com/sports/field-hockey/roster/sam-connolly/8859,,576
Rider,2026,,Alexandra Goins,3,,,,,,,https://gobroncs.com/sports/field-hockey/roster/alexandra-goins/8914,,576
Rider,2026,,Liv Cox,4,,,,,,,https://gobroncs.com/sports/field-hockey/roster/liv-cox/8860,,576
Rider,2026,,Kate Mahmud,5,,,,,,,https://gobroncs.com/sports/field-hockey/roster/kate-mahmud/8866,,576
Rider,2026,,Amanda Walker,6,,,,,,,https://gobroncs.com/sports/field-hockey/roster/amanda-walker/8869,,576
Rider,2026,,Ella Lewis,7,,,,,,,https://gobroncs.com/sports/field-hockey/roster/ella-lewis/8915,,576
Rider,2026,,Jaime Haas,8,,,,,,,https://gobroncs.com/sports/field-hockey/roster/jaime-haas/8864,,576
Rider,2026,,Caroline Mauer,9,,,,,,,https://gobroncs.com/sports/field-hockey/roster/caroline-mauer/8916,,576
Rider,2026,,Martina de Cespedes,11,,,,,,,https://gobroncs.com/sports/field-hockey/roster/martina-de-cespedes/8862,,576
Rider,2026,,Lainey Miller,12,,,,,,,https://gobroncs.com/sports/field-hockey/roster/lainey-miller/8917,,576
Rider,2026,,Samantha Biondi,13,,,,,,,https://gobroncs.com/sports/field-hockey/roster/samantha-biondi/8856,,576
Rider,2026,,Julianna Zumas,14,,,,,,,https://gobroncs.com/sports/field-hockey/roster/julianna-zumas/8918,,576
Rider,2026,,Addison McConnell,15,,,,,,,https://gobroncs.com/sports/field-hockey/roster/addison-mcconnell/8919,,576
Rider,2026,,Moorea Scott,16,,,,,,,https://gobroncs.com/sports/field-hockey/roster/moorea-scott/8920,,576
Rider,2026,,Ahleah Prybyla,18,,,,,,,https://gobroncs.com/sports/field-hockey/roster/ahleah-prybyla/8921,,576
Rider,2026,,Delaney Mack,19,,,,,,,https://gobroncs.com/sports/field-hockey/roster/delaney-mack/8922,,576
Rider,2026,,Ryleigh Damminger,20,,,,,,,https://gobroncs.com/sports/field-hockey/roster/ryleigh-damminger/8861,,576
Rider,2026,,Eja-Maylin Mahdaoui,21,,,,,,,https://gobroncs.com/sports/field-hockey/roster/eja-maylin-mahdaoui/8923,,576
Rider,2026,,Mackenzie Smith,22,,,,,,,https://gobroncs.com/sports/field-hockey/roster/mackenzie-smith/8868,,576
Rider,2026,,Hailey Hoffman,23,,,,,,,https://gobroncs.com/sports/field-hockey/roster/hailey-hoffman/8865,,576
Rider,2026,,Emma Bonshak,24,,,,,,,https://gobroncs.com/sports/field-hockey/roster/emma-bonshak/8857,,576
Rider,2026,,Jade Regnart,33,,,,,,,https://gobroncs.com/sports/field-hockey/roster/jade-regnart/8867,,576
Rutgers,2026,,Emily Nicholls,1,GK,,,"Haddon Heights, N.J.",,Camden Catholic,https://scarletknights.com/sports/field-hockey/roster/emily-nicholls/16926,Junior,587
Rutgers,2026,,Olivia Beattie,2,D,,,"Greenisland, Northern Ireland",,Belfast Royal Academy,https://scarletknights.com/sports/field-hockey/roster/olivia-beattie/16916,Senior,587
Rutgers,2026,,Talia Schenck,3,F,,,"Lawrenceville, N.J.",,Lawrence HS,https://scarletknights.com/sports/field-hockey/roster/talia-schenck/16935,Graduate,587
Rutgers,2026,,Olivia Stazi,7,F,,,"Sewell, N.J.",,Camden Catholic,https://scarletknights.com/sports/field-hockey/roster/olivia-stazi/16928,Junior,587
Rutgers,2026,,Martha Goodridge,8,M,,,"Marlow, England",,Sir William Borlase Grammar School,https://scarletknights.com/sports/field-hockey/roster/martha-goodridge/16921,Sophomore,587
Rutgers,2026,,Ella Gandy,9,M,,,"Mullica Hill, N.J.",,Clearview Regional HS,https://scarletknights.com/sports/field-hockey/roster/ella-gandy/16931,Freshman,587
Rutgers,2026,,Frederique Vernooij,10,F,,,"Vught, Netherlands",,Maurick College,https://scarletknights.com/sports/field-hockey/roster/frederique-vernooij/16940,Sophomore,587
Rutgers,2026,,Emma Uprichard,11,M,,,"Belfast, Ireland",,Belfast Royal Academy,https://scarletknights.com/sports/field-hockey/roster/emma-uprichard/16937,Graduate,587
Rutgers,2026,,Júlia Viñas Nieto,12,M,,,"Matadepera, Spain",,Agora Sant Cugat International School,https://scarletknights.com/sports/field-hockey/roster/jlia-vias-nieto/16929,Sophomore,587
Rutgers,2026,,Maddie Olshemski,13,D,,,"Shavertown, Pa.",,Wyoming Seminary Prepatory School,https://scarletknights.com/sports/field-hockey/roster/maddie-olshemski/16942,Senior,587
Rutgers,2026,,Sophie Kuiper,14,F,,,"Oss, Netherlands",,De Rooi Pannen Tilburg,https://scarletknights.com/sports/field-hockey/roster/sophie-kuiper/16924,Junior,587
Rutgers,2026,,Caroline DeKenipp,15,F,,,"Point Pleasant, N.J.",,Point Pleasant Boro HS,https://scarletknights.com/sports/field-hockey/roster/caroline-dekenipp/16918,Junior,587
Rutgers,2026,,Samantha Arnold,16,D,,,"East Brunswick, N.J.",,East Brunswick HS,https://scarletknights.com/sports/field-hockey/roster/samantha-arnold/16915,Sophomore,587
Rutgers,2026,,Anna Cogdell,17,D,,,"Badingham, England",,Framlingham College,https://scarletknights.com/sports/field-hockey/roster/anna-cogdell/16917,Junior,587
Rutgers,2026,,Maddie Kidd,18,F,,,"Hillsborough, N.J.",,Hillsborough HS,https://scarletknights.com/sports/field-hockey/roster/maddie-kidd/16923,Senior,587
Rutgers,2026,,Lyla Rehill,20,M,,,"West Wyoming, Pa.",,Wyoming Area,https://scarletknights.com/sports/field-hockey/roster/lyla-rehill/16927,Sophomore,587
Rutgers,2026,,Lauren Iaccio,21,D,,,"Mullica Hill, N.J.",,Camden Catholic,https://scarletknights.com/sports/field-hockey/roster/lauren-iaccio/16932,Freshman,587
Rutgers,2026,,Krista Lilienthal,22,D,,,"Riverdale, N.J.",,Pompton Lakes HS,https://scarletknights.com/sports/field-hockey/roster/krista-lilienthal/16925,Sophomore,587
Rutgers,2026,,Paige Knesich,23,GK,,,"Westport, Conn.",,Staples HS,https://scarletknights.com/sports/field-hockey/roster/paige-knesich/16933,Freshman,587
Rutgers,2026,,Olivia Fraticelli,24,F,,,"Toms River, N.J.",,Toms River North,https://scarletknights.com/sports/field-hockey/roster/olivia-fraticelli/16920,Senior,587
Rutgers,2026,,Eden Doucelin,25,D,,,"Brussels, Belgium",,Lycee Emile Jacqmain,https://scarletknights.com/sports/field-hockey/roster/eden-doucelin/16930,Freshman,587
Rutgers,2026,,Camryn Johnson,26,M,,,"Point Pleasant, N.J.",,Point Pleasant Boro,https://scarletknights.com/sports/field-hockey/roster/camryn-johnson/16922,Sophomore,587
Rutgers,2026,,Laura Loycke,27,M,,,"Stuggart, Germany",,International School of Stuggart,https://scarletknights.com/sports/field-hockey/roster/laura-loycke/16934,Graduate,587
Rutgers,2026,,Sarah Torney,28,D,,,"Belfast, Ireland",,Methodist College Belfast,https://scarletknights.com/sports/field-hockey/roster/sarah-torney/16936,Freshman,587
Rutgers,2026,,Shivya Desai,30,D,,,"Washington, N.J.",,Warren Hills Regional HS,https://scarletknights.com/sports/field-hockey/roster/shivya-desai/16919,Sophomore,587
Sacred Heart,2026,,Brianna Cooper,0,GK,,,"Watertown, Mass.",,Watertown,https://sacredheartpioneers.com/sports/field-hockey/roster/brianna-cooper/18832,Senior,590
Sacred Heart,2026,,Eva Stones,1,D,,,"Stamford, United Kingdom",,Stamford Endowed,https://sacredheartpioneers.com/sports/field-hockey/roster/eva-stones/18842,Junior,590
Sacred Heart,2026,,Bell Mazza,2,M,,,"Westminster, Md.",,Garrison Forest School,https://sacredheartpioneers.com/sports/field-hockey/roster/bell-mazza/18837,Sophomore,590
Sacred Heart,2026,,Bridget McLaughlin,3,F,,,"Shrewsbury, Mass.",,Shrewsbury,https://sacredheartpioneers.com/sports/field-hockey/roster/bridget-mclaughlin/18839,Junior,590
Sacred Heart,2026,,Caroline Winters,4,D,,,"Charlotte, N.C.",,Charlotte Catholic,https://sacredheartpioneers.com/sports/field-hockey/roster/caroline-winters/18844,Fy.,590
Sacred Heart,2026,,Katy Adams,5,M,,,"Purcellville, Va.",,St.Paul VI Catholic,https://sacredheartpioneers.com/sports/field-hockey/roster/katy-adams/18845,Fy.,590
Sacred Heart,2026,,Riley Schultz,6,M,,,"Livingston, N.J.",,Livingston,https://sacredheartpioneers.com/sports/field-hockey/roster/riley-schultz/18846,Fy.,590
Sacred Heart,2026,,Emma-Rose Phillips,7,F,,,"Sewell, N.J.",,Washington Township,https://sacredheartpioneers.com/sports/field-hockey/roster/emmarose-phillips/18840,Sophomore,590
Sacred Heart,2026,,Erin Lynch,8,M,,,"Dover, N.H.",,Dover,https://sacredheartpioneers.com/sports/field-hockey/roster/erin-lynch/18836,Sophomore,590
Sacred Heart,2026,,Sophia DePrima,9,M,,,"Buffalo, N.Y.",,Williamsville North,https://sacredheartpioneers.com/sports/field-hockey/roster/sophia-deprima/18835,Sophomore,590
Sacred Heart,2026,,Celia Benson,10,M,,,"Scituate, Mass.",,Thayer Academy,https://sacredheartpioneers.com/sports/field-hockey/roster/celia-benson/18830,Junior,590
Sacred Heart,2026,,Cate McConaghy,11,M,,,"Newtown Square, Pa.",,Archbishop John Carroll,https://sacredheartpioneers.com/sports/field-hockey/roster/cate-mcconaghy/18838,Senior,590
Sacred Heart,2026,,Rylie Wyckoff,12,M,,,"Oxford, N.J.",,Warren Hills Regional,https://sacredheartpioneers.com/sports/field-hockey/roster/rylie-wyckoff/18847,Fy.,590
Sacred Heart,2026,,Hailey Vogt,13,D,,,"Hillsborough, N.J.",,Hillsborough,https://sacredheartpioneers.com/sports/field-hockey/roster/hailey-vogt/18843,Junior,590
Sacred Heart,2026,,Ruby Butler,14,GK,,,"Cardiff, Wales",,Ysgol Gyfun Glantaf,https://sacredheartpioneers.com/sports/field-hockey/roster/ruby-butler/18831,Sophomore,590
Sacred Heart,2026,,Holly DeAngelo,15,M,,,"Harrisburg, Pa.",,Central Dauphin,https://sacredheartpioneers.com/sports/field-hockey/roster/holly-deangelo/18834,Junior,590
Sacred Heart,2026,,Dylan Oszeyczik,16,,,,,,,https://sacredheartpioneers.com/sports/field-hockey/roster/dylan-oszeyczik/18848,Fy.,590
Sacred Heart,2026,,Lizzie Day,21,F,,,"Harrisburg, Pa.",,Lower Dauphin,https://sacredheartpioneers.com/sports/field-hockey/roster/lizzie-day/18833,Sophomore,590
Sacred Heart,2026,,Blaire Sparks,22,M,,,"Medford, N.J.",,Bishop Eustace Prep,https://sacredheartpioneers.com/sports/field-hockey/roster/blaire-sparks/18841,Senior,590
Sacred Heart,2026,,Lauren King,23,F,,,"Williamstown, N.J.",,Our Lady of Mercy Academy,https://sacredheartpioneers.com/sports/field-hockey/roster/lauren-king/18849,Fy.,590
Sacred Heart,2026,,Annie Collier,24,F,,,"Gorham, Maine",,Gorham,https://sacredheartpioneers.com/sports/field-hockey/roster/annie-collier/18850,Fy.,590
Sacred Heart,2026,,Ella Barrett,27,F,,,"Amherst, N.H.",,Souhegan,https://sacredheartpioneers.com/sports/field-hockey/roster/ella-barrett/18829,Senior,590
Sacred Heart,2026,,Joey Pompeo,29,M,,,"Gorham, Maine",,Cheverus,https://sacredheartpioneers.com/sports/field-hockey/roster/joey-pompeo/18851,Fy.,590
Sacred Heart,2026,,Piper Almy,99,GK,,,,,,https://sacredheartpioneers.com/sports/field-hockey/roster/piper-almy/18852,Sophomore,590
Saint Francis (PA),2026,,Brenna Snyder,6,,,,,,,https://sfuathletics.com/sports/field-hockey/roster/brenna-snyder/12527,,600
Saint Francis (PA),2026,,Sarah Ley,10,,,,,,,https://sfuathletics.com/sports/field-hockey/roster/sarah-ley/12523,,600
Saint Francis (PA),2026,,Morgan Smeltz,11,,,,,,,https://sfuathletics.com/sports/field-hockey/roster/morgan-smeltz/12520,,600
Saint Francis (PA),2026,,Hannah Capo,15,,,,,,,https://sfuathletics.com/sports/field-hockey/roster/hannah-capo/12517,,600
Saint Francis (PA),2026,,Julia Barto,16,,,,,,,https://sfuathletics.com/sports/field-hockey/roster/julia-barto/12515,,600
Saint Francis (PA),2026,,Macy Schultz,18,,,,,,,https://sfuathletics.com/sports/field-hockey/roster/macy-schultz/12526,,600
Saint Francis (PA),2026,,Ryan Engleman,19,,,,,,,https://sfuathletics.com/sports/field-hockey/roster/ryan-engleman/12519,,600
Saint Francis (PA),2026,,T Ciaccia,22,,,,,,,https://sfuathletics.com/sports/field-hockey/roster/t-ciaccia/12518,,600
Saint Francis (PA),2026,,MacKenzie Kovalski,24,,,,,,,https://sfuathletics.com/sports/field-hockey/roster/mackenzie-kovalski/12522,,600
Saint Francis (PA),2026,,Avery Bradburn,25,,,,,,,https://sfuathletics.com/sports/field-hockey/roster/avery-bradburn/12516,,600
Saint Francis (PA),2026,,Emilie Gamache,28,,,,,,,https://sfuathletics.com/sports/field-hockey/roster/emilie-gamache/12521,,600
Saint Francis (PA),2026,,Madison Morrison,40,,,,,,,https://sfuathletics.com/sports/field-hockey/roster/madison-morrison/12525,,600
Saint Joseph's,2026,,Avi Wagner,00,,,,,,,https://sjuhawks.com/sports/field-hockey/roster/avi-wagner/10441,,606
Saint Joseph's,2026,,Erika Culp,1,,,,,,,https://sjuhawks.com/sports/field-hockey/roster/erika-culp/10430,,606
Saint Joseph's,2026,,Tristan Groff,2,,,,,,,https://sjuhawks.com/sports/field-hockey/roster/tristan-groff/10433,,606
Saint Joseph's,2026,,Amy Noonan,3,,,,,,,https://sjuhawks.com/sports/field-hockey/roster/amy-noonan/10568,,606
Saint Joseph's,2026,,Milou Kluyt,4,,,,,,,https://sjuhawks.com/sports/field-hockey/roster/milou-kluyt/10438,,606
Saint Joseph's,2026,,Gabby Balzano,5,,,,,,,https://sjuhawks.com/sports/field-hockey/roster/gabby-balzano/10426,,606
Saint Joseph's,2026,,Dani Murphy,6,,,,,,,https://sjuhawks.com/sports/field-hockey/roster/dani-murphy/10440,,606
Saint Joseph's,2026,,Adèle Jardemar,7,,,,,,,https://sjuhawks.com/sports/field-hockey/roster/ad-le-jardemar/10437,,606
Saint Joseph's,2026,,Michaela Henyan,8,,,,,,,https://sjuhawks.com/sports/field-hockey/roster/michaela-henyan/10574,,606
Saint Joseph's,2026,,Alex Enslin,9,,,,,,,https://sjuhawks.com/sports/field-hockey/roster/alex-enslin/10432,,606
Saint Joseph's,2026,,Calista Boos,10,,,,,,,https://sjuhawks.com/sports/field-hockey/roster/calista-boos/10442,,606
Saint Joseph's,2026,,Karlie Mertz,11,,,,,,,https://sjuhawks.com/sports/field-hockey/roster/karlie-mertz/10439,,606
Saint Joseph's,2026,,Cat Arentz,12,,,,,,,https://sjuhawks.com/sports/field-hockey/roster/cat-arentz/10425,,606
Saint Joseph's,2026,,Hannah Bianchino,14,,,,,,,https://sjuhawks.com/sports/field-hockey/roster/hannah-bianchino/10428,,606
Saint Joseph's,2026,,Jaclyn Vena,15,,,,,,,https://sjuhawks.com/sports/field-hockey/roster/jaclyn-vena/10569,,606
Saint Joseph's,2026,,Lily DeWan,16,,,,,,,https://sjuhawks.com/sports/field-hockey/roster/lily-dewan/10431,,606
Saint Joseph's,2026,,Monica Piccioli,17,,,,,,,https://sjuhawks.com/sports/field-hockey/roster/monica-piccioli/10570,,606
Saint Joseph's,2026,,Bella Sanchez,18,,,,,,,https://sjuhawks.com/sports/field-hockey/roster/bella-sanchez/10571,,606
Saint Joseph's,2026,,Alison Buffington,19,,,,,,,https://sjuhawks.com/sports/field-hockey/roster/alison-buffington/10443,,606
Saint Joseph's,2026,,Jasmijn Albers,20,,,,,,,https://sjuhawks.com/sports/field-hockey/roster/jasmijn-albers/10572,,606
Saint Joseph's,2026,,Katie Hanich,21,,,,,,,https://sjuhawks.com/sports/field-hockey/roster/katie-hanich/10434,,606
Saint Joseph's,2026,,Gigi Martin,22,,,,,,,https://sjuhawks.com/sports/field-hockey/roster/gigi-martin/10444,,606
Saint Joseph's,2026,,Kiki Bruning,23,,,,,,,https://sjuhawks.com/sports/field-hockey/roster/kiki-bruning/10429,,606
Saint Joseph's,2026,,Brooke James,24,,,,,,,https://sjuhawks.com/sports/field-hockey/roster/brooke-james/10436,,606
Saint Joseph's,2026,,Haley Fox,25,,,,,,,https://sjuhawks.com/sports/field-hockey/roster/haley-fox/10575,,606
Saint Joseph's,2026,,Talya Harvey,26,,,,,,,https://sjuhawks.com/sports/field-hockey/roster/talya-harvey/10435,,606
Saint Joseph's,2026,,Avery Johnson,30,,,,,,,https://sjuhawks.com/sports/field-hockey/roster/avery-johnson/10573,,606
Saint Louis,2026,,Dawson Packwood,3,,,,,,,https://slubillikens.com/sports/field-hockey/roster/dawson-packwood/13498,,609
Saint Louis,2026,,Naomi Fields,4,,,,,,,https://slubillikens.com/sports/field-hockey/roster/naomi-fields/13580,,609
Saint Louis,2026,,Evelyn Melograna,5,,,,,,,https://slubillikens.com/sports/field-hockey/roster/evelyn-melograna/13581,,609
Saint Louis,2026,,Dylan Breckenridge,6,,,,,,,https://slubillikens.com/sports/field-hockey/roster/dylan-breckenridge/13577,,609
Saint Louis,2026,,Ella Kappesser,7,,,,,,,https://slubillikens.com/sports/field-hockey/roster/ella-kappesser/13491,,609
Saint Louis,2026,,Ella Brinka,8,,,,,,,https://slubillikens.com/sports/field-hockey/roster/ella-brinka/13575,,609
Saint Louis,2026,,Macy Budd,9,,,,,,,https://slubillikens.com/sports/field-hockey/roster/macy-budd/13489,,609
Saint Louis,2026,,Ella Etherington,10,,,,,,,https://slubillikens.com/sports/field-hockey/roster/ella-etherington/13490,,609
Saint Louis,2026,,Josie Naeger,11,,,,,,,https://slubillikens.com/sports/field-hockey/roster/josie-naeger/13495,,609
Saint Louis,2026,,Abby Schalow,12,,,,,,,https://slubillikens.com/sports/field-hockey/roster/abby-schalow/13499,,609
Saint Louis,2026,,Brynn Newborn,13,,,,,,,https://slubillikens.com/sports/field-hockey/roster/brynn-newborn/13496,,609
Saint Louis,2026,,Ida Tharandt,14,,,,,,,https://slubillikens.com/sports/field-hockey/roster/ida-tharandt/13572,,609
Saint Louis,2026,,Sierra Larson,15,,,,,,,https://slubillikens.com/sports/field-hockey/roster/sierra-larson/13492,,609
Saint Louis,2026,,Hazel Merry,16,,,,,,,https://slubillikens.com/sports/field-hockey/roster/hazel-merry/13494,,609
Saint Louis,2026,,Lauren Reed,18,,,,,,,https://slubillikens.com/sports/field-hockey/roster/lauren-reed/13574,,609
Saint Louis,2026,,Maddie Croghan,19,,,,,,,https://slubillikens.com/sports/field-hockey/roster/maddie-croghan/13578,,609
Saint Louis,2026,,Evie Harris,21,,,,,,,https://slubillikens.com/sports/field-hockey/roster/evie-harris/13576,,609
Saint Louis,2026,,RB McGowan,23,,,,,,,https://slubillikens.com/sports/field-hockey/roster/rb-mcgowan/13579,,609
Saint Louis,2026,,Penny Dirou,24,,,,,,,https://slubillikens.com/sports/field-hockey/roster/penny-dirou/13573,,609
Saint Louis,2026,,Ignacia Manriquez,25,,,,,,,https://slubillikens.com/sports/field-hockey/roster/ignacia-manriquez/13493,,609
Saint Louis,2026,,Kerri O'Donnell,92,,,,,,,https://slubillikens.com/sports/field-hockey/roster/kerri-o-donnell/13497,,609
Stanford,2026,,Anya Jackson,1,GK,5′5″,Undeclared,"Lytham St Annes, England",Kirkham Grammar School,,https://gostanford.com/sports/field-hockey/roster/player/anya-jackson,Junior,674
Stanford,2026,,Jenny O'Grady,2,M,5′6″,Human Biology,"Weybridge, England",St. George's College,,https://gostanford.com/sports/field-hockey/roster/player/jenny-ogrady,Junior,674
Stanford,2026,,Claire Nockolds,3,D/M,5′4″,Bioengineering,"Houston, Texas",The Kincaid School,,https://gostanford.com/sports/field-hockey/roster/player/claire-nockolds,Senior,674
Stanford,2026,,Esther Pottebaum,4,M,5′8″,International Relations and Spanish,"St. Albans, Mo.",John Burroughs School,,https://gostanford.com/sports/field-hockey/roster/player/esther-pottebaum,Senior,674
Stanford,2026,,Mia Clark,5,D,5′3″,Sociology,"San Diego, Calif.",Canyon Hills,,https://gostanford.com/sports/field-hockey/roster/player/mia-clark,Senior,674
Stanford,2026,,Jackie O'Donnell,6,M,5′3″,Undeclared,"Houston, Texas",Kinkaid School,,https://gostanford.com/sports/field-hockey/roster/player/jackie-odonnell,Freshman,674
Stanford,2026,,Gemma Townsend,7,F,5′5″,Human Biology,"Esher, England",Reed's School,,https://gostanford.com/sports/field-hockey/roster/player/gemma-townsend,Senior,674
Stanford,2026,,Star Horlock,8,M/F,5′7″,International Relations,"Salisbury, England",Marlborough College,,https://gostanford.com/sports/field-hockey/roster/player/star-horlock,Senior,674
Stanford,2026,,Puja Nanjappa,9,D,5′0″,Biology,"Clarksville, Md.",River Hill,,https://gostanford.com/sports/field-hockey/roster/player/puja-nanjappa,Senior,674
Stanford,2026,,Florien van Tongeren,10,D,5′10″,Undeclared,"Zwolle, Netherlands",Gymnasium Celeanum,,https://gostanford.com/sports/field-hockey/roster/player/florian-van-tongeren,Freshman,674
Stanford,2026,,Opal Sparling,11,M,5′6″,Undeclared,"Chester Springs, Pa.",The Hill School,,https://gostanford.com/sports/field-hockey/roster/player/opal-sparling,Freshman,674
Stanford,2026,,Bea Varley,12,D/M,5′6″,Undeclared,"London, England",Wellington College,,https://gostanford.com/sports/field-hockey/roster/player/bea-varley,Junior,674
Stanford,2026,,Grace Essalih,13,F,5′4″,Undeclared,"Houston, Texas",Kinkaid School,,https://gostanford.com/sports/field-hockey/roster/player/grace-essalih,Freshman,674
Stanford,2026,,Noa Armelin,14,D,5′8″,Undeclared,"Weybridge, England",Wellington College,,https://gostanford.com/sports/field-hockey/roster/player/noa-armelin,Sophomore,674
Stanford,2026,,Ella Ganocy,15,M/F,5′1″,Management Science and Engineering,"Calabasas, Calif.",Harvard-Westlake,,https://gostanford.com/sports/field-hockey/roster/player/ella-ganocy,Graduate,674
Stanford,2026,,Kate Nemec,16,M,5′4″,"Cellular, Molecular, and Organismal Biology","Darien, Conn.",Sacred Heart Greenwich,,https://gostanford.com/sports/field-hockey/roster/player/kate-nemec,Senior,674
Stanford,2026,,Jula Proschel,17,F,5′5″,Undeclared,"Gruenwald, Germany",Gymnasium Gruenwald,,https://gostanford.com/sports/field-hockey/roster/player/jula-proschel,Freshman,674
Stanford,2026,,Hailey King,19,D,5′4″,Undeclared,"Houston, Texas",St. John's School,,https://gostanford.com/sports/field-hockey/roster/player/hailey-king,Junior,674
Stanford,2026,,Summer Knight-Thompson,20,F,5′5″,Undeclared,"Sevenoaks, England",Sevenoaks School,,https://gostanford.com/sports/field-hockey/roster/player/summer-knight-thompson,Sophomore,674
Stanford,2026,,Natalie Hoppe,21,M,5′6″,Undeclared,"Hannover, Germany",Kaiser Wilhem-und Ratsgymnasium,,https://gostanford.com/sports/field-hockey/roster/player/natalie-hoppe,Sophomore,674
Stanford,2026,,Hannah Cutler,22,GK,5′7″,Undeclared,"Northumberland, England",Newcastle Royal Grammar School,,https://gostanford.com/sports/field-hockey/roster/player/hannah-cutler,Freshman,674
Stanford,2026,,Liv Martin,23,M,5′8″,International Relations,"Cranleigh, England",Cranleigh Senior School,,https://gostanford.com/sports/field-hockey/roster/player/liv-martin,Senior,674
Stanford,2026,,Caroline Richard,25,D,5′3″,Undeclared,"Towson, Md.",Towson High School,Liberty,https://gostanford.com/sports/field-hockey/roster/player/caroline-richard,Sophomore,674
Stanford,2026,,Tyla Ozgen,28,D/MF,5′3″,Undeclared,"Westport, CT",Staples HS,,https://gostanford.com/sports/field-hockey/roster/player/tyla-ozgen,Sophomore,674
Stonehill,2026,,Isabelle Morton,1,,,,,,,https://stonehillskyhawks.com/sports/field-hockey/roster/isabelle-morton/10641,,682
Stonehill,2026,,Maia Kimball,2,,,,,,,https://stonehillskyhawks.com/sports/field-hockey/roster/maia-kimball/10635,,682
Stonehill,2026,,Addie Finlaw,3,,,,,,,https://stonehillskyhawks.com/sports/field-hockey/roster/addie-finlaw/10644,,682
Stonehill,2026,,Karleigh Mirabile,4,,,,,,,https://stonehillskyhawks.com/sports/field-hockey/roster/karleigh-mirabile/10640,,682
Stonehill,2026,,Julieta D'Antonio,5,,,,,,,https://stonehillskyhawks.com/sports/field-hockey/roster/julieta-d-antonio/10627,,682
Stonehill,2026,,Megan McDowell,6,,,,,,,https://stonehillskyhawks.com/sports/field-hockey/roster/megan-mcdowell/10637,,682
Stonehill,2026,,Mary Collins,7,,,,,,,https://stonehillskyhawks.com/sports/field-hockey/roster/mary-collins/10626,,682
Stonehill,2026,,Sadie Elion,8,,,,,,,https://stonehillskyhawks.com/sports/field-hockey/roster/sadie-elion/10631,,682
Stonehill,2026,,Ava Gauvain,9,,,,,,,https://stonehillskyhawks.com/sports/field-hockey/roster/ava-gauvain/10645,,682
Stonehill,2026,,Olivia Prior,10,,,,,,,https://stonehillskyhawks.com/sports/field-hockey/roster/olivia-prior/10642,,682
Stonehill,2026,,Skylar Fiske,11,,,,,,,https://stonehillskyhawks.com/sports/field-hockey/roster/skylar-fiske/10632,,682
Stonehill,2026,,Teagan O'Donnell,12,,,,,,,https://stonehillskyhawks.com/sports/field-hockey/roster/teagan-o-donnell/10646,,682
Stonehill,2026,,Jill Miller,13,,,,,,,https://stonehillskyhawks.com/sports/field-hockey/roster/jill-miller/10639,,682
Stonehill,2026,,Emma McGrory,14,,,,,,,https://stonehillskyhawks.com/sports/field-hockey/roster/emma-mcgrory/10638,,682
Stonehill,2026,,Delaney Wojnarowicz,15,,,,,,,https://stonehillskyhawks.com/sports/field-hockey/roster/delaney-wojnarowicz/10643,,682
Stonehill,2026,,Havana De Roeck,16,,,,,,,https://stonehillskyhawks.com/sports/field-hockey/roster/havana-de-roeck/10628,,682
Stonehill,2026,,Tess van Oirschot,17,,,,,,,https://stonehillskyhawks.com/sports/field-hockey/roster/tess-van-oirschot/10652,,682
Stonehill,2026,,Ellia Delisle,18,,,,,,,https://stonehillskyhawks.com/sports/field-hockey/roster/ellia-delisle/10630,,682
Stonehill,2026,,Maeve Rolston,19,,,,,,,https://stonehillskyhawks.com/sports/field-hockey/roster/maeve-rolston/10647,,682
Stonehill,2026,,Nora Rogers,20,,,,,,,https://stonehillskyhawks.com/sports/field-hockey/roster/nora-rogers/10648,,682
Stonehill,2026,,Isa Houben,21,,,,,,,https://stonehillskyhawks.com/sports/field-hockey/roster/isa-houben/10633,,682
Stonehill,2026,,Ailish Kilbride,22,,,,,,,https://stonehillskyhawks.com/sports/field-hockey/roster/ailish-kilbride/10634,,682
Stonehill,2026,,Ella Vaught,23,,,,,,,https://stonehillskyhawks.com/sports/field-hockey/roster/ella-vaught/10649,,682
Stonehill,2026,,Siena De Roeck,24,,,,,,,https://stonehillskyhawks.com/sports/field-hockey/roster/siena-de-roeck/10629,,682
Stonehill,2026,,Genevieve Clapp,25,,,,,,,https://stonehillskyhawks.com/sports/field-hockey/roster/genevieve-clapp/11283,,682
Stonehill,2026,,Siobhan Landers,29,,,,,,,https://stonehillskyhawks.com/sports/field-hockey/roster/siobhan-landers/10636,,682
Stonehill,2026,,Izzie Golding,66,,,,,,,https://stonehillskyhawks.com/sports/field-hockey/roster/izzie-golding/10651,,682
Syracuse,2026,,Jessie Eiselin,1,GK,5' 8'',,"Amsterdam, Noord-Holland, Netherlands",,De Nieuwe school,https://cuse.com/sports/field-hockey/roster/jessie-eiselin/25339,Senior,688
Syracuse,2026,,Taylor Bigbie,2,M,5' 5'',,"Rocky Point, N.Y.",,The Hill School,https://cuse.com/sports/field-hockey/roster/taylor-bigbie/25337,Sophomore,688
Syracuse,2026,,Elisa Carvajal Manriquez,3,M,,,"Santiago, Chile",,,https://cuse.com/sports/field-hockey/roster/elisa-carvajal-manriquez/25826,Freshman,688
Syracuse,2026,,Hattie Madden,4,F,5' 4'',,"Lytham, Lancashire, England",,Sedbergh School,https://cuse.com/sports/field-hockey/roster/hattie-madden/25347,Senior,688
Syracuse,2026,,Kaitlyn Harding,5,F,5' 5'',,"Andover, N.J.",,Newton,https://cuse.com/sports/field-hockey/roster/kaitlyn-harding/25588,Freshman,688
Syracuse,2026,,Belle van de Pas,6,M,5' 4'',,"Weert, The Netherlands",,Sint Joris College,https://cuse.com/sports/field-hockey/roster/belle-van-de-pas/25589,Freshman,688
Syracuse,2026,,Bo Madden,7,M,5' 4'',,"Lytham, Lancashire, England",,Sedbergh School,https://cuse.com/sports/field-hockey/roster/bo-madden/25346,Senior,688
Syracuse,2026,,Paige Mogar,8,F,5' 4'',,"Frederick, Md.",,Notre Dame Preparatory School,https://cuse.com/sports/field-hockey/roster/paige-mogar/25590,Freshman,688
Syracuse,2026,,Catalina Pravda,9,F,5' 4'',,"Basking Ridge, N.J.",,Ridge,https://cuse.com/sports/field-hockey/roster/catalina-pravda/25350,Junior,688
Syracuse,2026,,Fieve Frenken,10,F,5' 7'',,"Den Haag, Zuid-Holland, Netherlands",,Maerlant-Lyceum Den Haag,https://cuse.com/sports/field-hockey/roster/fieve-frenken/25340,Sophomore,688
Syracuse,2026,,Grace Anne McCooey,11,F,5' 6'',,"Rumson, N.J.",,Rumson-Fair Haven,https://cuse.com/sports/field-hockey/roster/grace-anne-mccooey/25591,Graduate,688
Syracuse,2026,,Genevieve Huston,12,D,6' 0'',,"Whitney Point, N.Y.",,Whitney Point,https://cuse.com/sports/field-hockey/roster/genevieve-huston/25592,Freshman,688
Syracuse,2026,,Jovie Weaver,13,F,5' 5'',,"Palmyra, Pa.",,Palmyra,https://cuse.com/sports/field-hockey/roster/jovie-weaver/25593,Freshman,688
Syracuse,2026,,Ellis Cannon,14,F,5' 6'',,"Virginia Beach, Va.",,Floyd E. Kellam,https://cuse.com/sports/field-hockey/roster/ellis-cannon/25338,Sophomore,688
Syracuse,2026,,Sammie Goin,15,M,5' 5'',,"Brambleton, Va.",,Independence,https://cuse.com/sports/field-hockey/roster/sammie-goin/25341,Sophomore,688
Syracuse,2026,,Jess Liddell,17,D,5' 4'',,"Ascot, Berkshire, England",,Bradfield College HS,https://cuse.com/sports/field-hockey/roster/jess-liddell/25595,Freshman,688
Syracuse,2026,,Millicent Wright,18,M,5' 1'',,"Bromley, Greater London, England",,Millfield School,https://cuse.com/sports/field-hockey/roster/millicent-wright/25596,Freshman,688
Syracuse,2026,,Karsin Beatty,20,M,5' 5'',,"Richmond, Va.",,Trinity Episcopal School,https://cuse.com/sports/field-hockey/roster/karsin-beatty/25336,Sophomore,688
Syracuse,2026,,Ally Snyder,21,F,5' 3'',,"Washington, D.C.",,St. John's College HS,https://cuse.com/sports/field-hockey/roster/ally-snyder/25353,Sophomore,688
Syracuse,2026,,Grace O'Connor,22,D,5' 10'',,"Narberth, Pa.",,Lower Merion,https://cuse.com/sports/field-hockey/roster/grace-oconnor/25348,Senior,688
Syracuse,2026,,Ava Brewer,24,M,5' 0'',,"Fredericksburg, Va.",,St. Cuthbert's College (New Zealand),https://cuse.com/sports/field-hockey/roster/ava-brewer/25397,Freshman,688
Syracuse,2026,,Ava Jones,26,D,5' 5'',,"Harleysville, Pa.",,Souderton Area,https://cuse.com/sports/field-hockey/roster/ava-jones/25343,Sophomore,688
Syracuse,2026,,Aubrey Turner,28,F,5' 6'',,"Downingtown, Pa.",,The Hill School,https://cuse.com/sports/field-hockey/roster/aubrey-turner/25354,Sophomore,688
Syracuse,2026,,Tane King,30,GK,5' 8'',,"Haverford, Pa.",,The Hill School,https://cuse.com/sports/field-hockey/roster/tane-king/25344,Sophomore,688
Syracuse,2026,,Chloe Page,32,D,5' 9'',,"Arnold, Md.",,Broadneck,https://cuse.com/sports/field-hockey/roster/chloe-page/25349,Sophomore,688
Syracuse,2026,,Addie Youree,88,GK,5' 6'',,"Alexandria, Va.",,The Hill School,https://cuse.com/sports/field-hockey/roster/addie-youree/25597,Freshman,688
Temple,2026,,Marsha Ariesen,1,M,5' 1'',,"Kerkrade, Netherlands",,Grotius College,https://owlsports.com/sports/field-hockey/roster/marsha-ariesen/18882,Junior,690
Temple,2026,,Kathryn Gauvin,2,F,5' 3'',,"Fall River, Mass.",,Moses Brown School,https://owlsports.com/sports/field-hockey/roster/kathryn-gauvin/18887,Sophomore,690
Temple,2026,,Marissa Cagliola,3,F,5' 3'',,"Royersford, Pa.",,Spring-Ford,https://owlsports.com/sports/field-hockey/roster/marissa-cagliola/18884,Sophomore,690
Temple,2026,,Izzy Vickery,4,M,5' 0'',,"Hunt Valley, Md.",,Garrison Forest School,https://owlsports.com/sports/field-hockey/roster/izzy-vickery/18899,Sophomore,690
Temple,2026,,Lucia Campenni,5,F,5' 9'',,"West Pittston, Pa.",,Wyoming Area,https://owlsports.com/sports/field-hockey/roster/lucia-campenni/19061,Freshman,690
Temple,2026,,Amanda Martin,7,F,5' 4'',,"Leesburg, Va.",,Riverside,https://owlsports.com/sports/field-hockey/roster/amanda-martin/18896,Sophomore,690
Temple,2026,,Mallory Buzydlowski,8,M,5' 3'',,"Reading, Pa.",,Muhlenberg,https://owlsports.com/sports/field-hockey/roster/mallory-buzydlowski/18883,Senior,690
Temple,2026,,Yaya Copal,9,M,5' 8'',,"Tilburg, Netherlands",,Yonder,https://owlsports.com/sports/field-hockey/roster/yaya-copal/19082,Freshman,690
Temple,2026,,Lonneke Kerkhof,10,D,5' 2'',,"Rotterdam, Netherlands",,Montessori Lyceum Rotterdam,https://owlsports.com/sports/field-hockey/roster/lonneke-kerkhof/18889,Sophomore,690
Temple,2026,,Lotje Aalderink,11,D,5' 8'',,"Oosterbeek, Netherlands",,Thomas à Kempis,https://owlsports.com/sports/field-hockey/roster/lotje-aalderink/19060,Junior,690
Temple,2026,,Emmie Goldberg,12,F,5' 3'',,"West Deptford, N.J.",,West Deptford,https://owlsports.com/sports/field-hockey/roster/emmie-goldberg/18888,Sophomore,690
Temple,2026,,Maura Simpson,13,D,5' 7'',,"Dillsburg, Pa.",,Northern,https://owlsports.com/sports/field-hockey/roster/maura-simpson/19134,Freshman,690
Temple,2026,,Audrey Nelson,14,M,5' 8'',,"Newark, Del.",,Newark Charter School,https://owlsports.com/sports/field-hockey/roster/audrey-nelson/19130,Freshman,690
Temple,2026,,Brooke Weaver,15,M,5' 8'',,"Lancaster, Pa.",,Manheim Township,https://owlsports.com/sports/field-hockey/roster/brooke-weaver/19132,Sophomore,690
Temple,2026,,Jip Josephus Jitta,16,GK,5' 9'',,"Amsterdam, Netherlands",,Barlaeus Gymnasium,https://owlsports.com/sports/field-hockey/roster/jip-josephus-jitta/19046,Freshman,690
Temple,2026,,Lucia Magro,17,M,5' 5'',,"Buenos Aires, Argentina",,Colegio Ingles Horacio Watson,https://owlsports.com/sports/field-hockey/roster/lucia-magro/18895,Sophomore,690
Temple,2026,,Winslow DiPeso,19,M,5' 9'',,"Bel Air, Md.",,C. Milton Wright,https://owlsports.com/sports/field-hockey/roster/winslow-dipeso/18885,Junior,690
Temple,2026,,Mathéa Lassalle,20,F,5' 8'',,"Rueil Malmaison, France",,,https://owlsports.com/sports/field-hockey/roster/matha-lassalle/18891,Senior,690
Temple,2026,,Lise Korver,21,M,5' 7'',,"Bussum, Netherlands",,Vituscollege Bussum,https://owlsports.com/sports/field-hockey/roster/lise-korver/18890,Sophomore,690
Temple,2026,,Luisa Walter,22,F,5' 6'',,"Mannheim, Germany",,Karl Friedrich Gymnasium,https://owlsports.com/sports/field-hockey/roster/luisa-walter/19133,Graduate,690
Temple,2026,,Mina Uezbe,23,M,5' 11'',,"Bremen, Germany",,Sportbetonte Oberschule an der Ronzelenstraße,https://owlsports.com/sports/field-hockey/roster/mina-uezbe/19135,Freshman,690
Temple,2026,,Reagan Stauts,24,D,5' 3'',,"Oaklyn, N.J.",,Camden Catholic,https://owlsports.com/sports/field-hockey/roster/reagan-stauts/18898,Junior,690
Temple,2026,,Isabella Pisano,25,M,5' 6'',,"Pittston, Pa.",,Wyoming Seminary College Prep,https://owlsports.com/sports/field-hockey/roster/isabella-pisano/18897,Senior,690
Temple,2026,,Rozlyn Maciejewski,27,D,5' 8'',,"Milanville, Pa.",,Honesdale,https://owlsports.com/sports/field-hockey/roster/rozlyn-maciejewski/18894,Junior,690
Temple,2026,,Whitney Walker,28,F,5' 5'',,"Chadds Ford, Pa.",,Kennett,https://owlsports.com/sports/field-hockey/roster/whitney-walker/18900,Junior,690
Temple,2026,,Madison Logan,31,F,5' 1'',,"Burlington, N.J.",,Camden Catholic,https://owlsports.com/sports/field-hockey/roster/madison-logan/18893,Sophomore,690
Temple,2026,,Riley Gallagher,32,M,5' 9'',,"Garnet Valley, Pa.",,Garnet Valley,https://owlsports.com/sports/field-hockey/roster/riley-gallagher/18886,Senior,690
Temple,2026,,Alex Lepore,33,GK,5' 3'',,"Devon, Pa.",,Conestoga,https://owlsports.com/sports/field-hockey/roster/alex-lepore/18892,Junior,690
Towson,2026,,Grace Goodman,0,,,,,,,https://towsontigers.com/sports/field-hockey/roster/grace-goodman/25019,,711
Towson,2026,,Ava McConnell,2,,,,,,,https://towsontigers.com/sports/field-hockey/roster/ava-mcconnell/24831,,711
Towson,2026,,Stevie Schultz,3,,,,,,,https://towsontigers.com/sports/field-hockey/roster/stevie-schultz/25015,,711
Towson,2026,,Ella Jefferson,4,,,,,,,https://towsontigers.com/sports/field-hockey/roster/ella-jefferson/24839,,711
Towson,2026,,Jillian LaBar,5,,,,,,,https://towsontigers.com/sports/field-hockey/roster/jillian-labar/25017,,711
Towson,2026,,Skylar Santucci,6,,,,,,,https://towsontigers.com/sports/field-hockey/roster/skylar-santucci/25021,,711
Towson,2026,,Ann Njoroge,7,,,,,,,https://towsontigers.com/sports/field-hockey/roster/ann-njoroge/25022,,711
Towson,2026,,Lily Ippolito,8,,,,,,,https://towsontigers.com/sports/field-hockey/roster/lily-ippolito/25018,,711
Towson,2026,,Else Wismans,9,,,,,,,https://towsontigers.com/sports/field-hockey/roster/else-wismans/25023,,711
Towson,2026,,Gianna Tripodi,10,,,,,,,https://towsontigers.com/sports/field-hockey/roster/gianna-tripodi/24836,,711
Towson,2026,,Bailey Masten,11,,,,,,,https://towsontigers.com/sports/field-hockey/roster/bailey-masten/24830,,711
Towson,2026,,Katie Compton,12,,,,,,,https://towsontigers.com/sports/field-hockey/roster/katie-compton/25014,,711
Towson,2026,,Lydia Bennett,13,,,,,,,https://towsontigers.com/sports/field-hockey/roster/lydia-bennett/24825,,711
Towson,2026,,Olivia Thunnissen,14,,,,,,,https://towsontigers.com/sports/field-hockey/roster/olivia-thunnissen/25016,,711
Towson,2026,,Maddie Patton,15,,,,,,,https://towsontigers.com/sports/field-hockey/roster/maddie-patton/24840,,711
Towson,2026,,Alaina Lomonaco,16,,,,,,,https://towsontigers.com/sports/field-hockey/roster/alaina-lomonaco/24829,,711
Towson,2026,,Pien van der Horst,18,,,,,,,https://towsontigers.com/sports/field-hockey/roster/pien-van-der-horst/25024,,711
Towson,2026,,Gianna Yordanopoulos,19,,,,,,,https://towsontigers.com/sports/field-hockey/roster/gianna-yordanopoulos/24838,,711
Towson,2026,,Josefina Sayal,20,,,,,,,https://towsontigers.com/sports/field-hockey/roster/josefina-sayal/24841,,711
Towson,2026,,Anouk Westerink,21,,,,,,,https://towsontigers.com/sports/field-hockey/roster/anouk-westerink/24837,,711
Towson,2026,,Olivia Miller,22,,,,,,,https://towsontigers.com/sports/field-hockey/roster/olivia-miller/24832,,711
Towson,2026,,Grace Conklin,23,,,,,,,https://towsontigers.com/sports/field-hockey/roster/grace-conklin/24826,,711
Towson,2026,,Olivia Handelong,25,,,,,,,https://towsontigers.com/sports/field-hockey/roster/olivia-handelong/24827,,711
Towson,2026,,Delfina Larripa,28,,,,,,,https://towsontigers.com/sports/field-hockey/roster/delfina-larripa/25020,,711
Towson,2026,,Riley Redding,77,,,,,,,https://towsontigers.com/sports/field-hockey/roster/riley-redding/24833,,711
UAlbany,2026,,Aurora Hogan,2,,,,,,,https://ualbanysports.com/sports/field-hockey/roster/aurora-hogan/11602,,14
UAlbany,2026,,Sarah Palazzo,3,,,,,,,https://ualbanysports.com/sports/field-hockey/roster/sarah-palazzo/11601,,14
UAlbany,2026,,Finleigh McClain,4,,,,,,,https://ualbanysports.com/sports/field-hockey/roster/finleigh-mcclain/11597,,14
UAlbany,2026,,Sarah Salameh,5,,,,,,,https://ualbanysports.com/sports/field-hockey/roster/sarah-salameh/11500,,14
UAlbany,2026,,Julieta Martinez,8,,,,,,,https://ualbanysports.com/sports/field-hockey/roster/julieta-martinez/11521,,14
UAlbany,2026,,Jette Kurz,9,,,,,,,https://ualbanysports.com/sports/field-hockey/roster/jette-kurz/11497,,14
UAlbany,2026,,Victoria Derdoy,10,,,,,,,https://ualbanysports.com/sports/field-hockey/roster/victoria-derdoy/11598,,14
UAlbany,2026,,Mara Küskes,11,,,,,,,https://ualbanysports.com/sports/field-hockey/roster/mara-k-uuml-skes/11496,,14
UAlbany,2026,,Lillian Willis,14,,,,,,,https://ualbanysports.com/sports/field-hockey/roster/lillian-willis/11503,,14
UAlbany,2026,,Mathilda Prada,16,,,,,,,https://ualbanysports.com/sports/field-hockey/roster/mathilda-prada/11499,,14
UAlbany,2026,,Pilar Lorenzini,17,,,,,,,https://ualbanysports.com/sports/field-hockey/roster/pilar-lorenzini/11498,,14
UAlbany,2026,,Pleun van Rosmalen,18,,,,,,,https://ualbanysports.com/sports/field-hockey/roster/pleun-van-rosmalen/11615,,14
UAlbany,2026,,Emma Staron,20,,,,,,,https://ualbanysports.com/sports/field-hockey/roster/emma-staron/11502,,14
UAlbany,2026,,Quinty Reumer,22,,,,,,,https://ualbanysports.com/sports/field-hockey/roster/quinty-reumer/11599,,14
UAlbany,2026,,Tatum Hickey,23,,,,,,,https://ualbanysports.com/sports/field-hockey/roster/tatum-hickey/11600,,14
UAlbany,2026,,Samantha Siter,26,,,,,,,https://ualbanysports.com/sports/field-hockey/roster/samantha-siter/11501,,14
UAlbany,2026,,Merle Vaandrager,37,,,,,,,https://ualbanysports.com/sports/field-hockey/roster/merle-vaandrager/11522,,14
UAlbany,2026,,Ella Bowman,60,,,,,,,https://ualbanysports.com/sports/field-hockey/roster/ella-bowman/11520,,14
UC Davis,2026,,Aidan Claeys,00,,,,,,,https://ucdavisaggies.com/sports/field-hockey/roster/aidan-claeys/20865,,108
UC Davis,2026,,Molly Main,1,,,,,,,https://ucdavisaggies.com/sports/field-hockey/roster/molly-main/20875,,108
UC Davis,2026,,Sutton Van Dyk,2,,,,,,,https://ucdavisaggies.com/sports/field-hockey/roster/sutton-van-dyk/20879,,108
UC Davis,2026,,Claire Anderson,3,,,,,,,https://ucdavisaggies.com/sports/field-hockey/roster/claire-anderson/20862,,108
UC Davis,2026,,Ella Franken,4,,,,,,,https://ucdavisaggies.com/sports/field-hockey/roster/ella-franken/20868,,108
UC Davis,2026,,Morgan Caldera,5,,,,,,,https://ucdavisaggies.com/sports/field-hockey/roster/morgan-caldera/20864,,108
UC Davis,2026,,Emma Wood,6,,,,,,,https://ucdavisaggies.com/sports/field-hockey/roster/emma-wood/20880,,108
UC Davis,2026,,Charlotte Connally,7,,,,,,,https://ucdavisaggies.com/sports/field-hockey/roster/charlotte-connally/20889,,108
UC Davis,2026,,Addie Goldstein,8,,,,,,,https://ucdavisaggies.com/sports/field-hockey/roster/addie-goldstein/20891,,108
UC Davis,2026,,Katie Kim,9,,,,,,,https://ucdavisaggies.com/sports/field-hockey/roster/katie-kim/20871,,108
UC Davis,2026,,Mia Edwards,10,,,,,,,https://ucdavisaggies.com/sports/field-hockey/roster/mia-edwards/20893,,108
UC Davis,2026,,Oona Buckley,11,,,,,,,https://ucdavisaggies.com/sports/field-hockey/roster/oona-buckley/20863,,108
UC Davis,2026,,Larissa Roldan,12,,,,,,,https://ucdavisaggies.com/sports/field-hockey/roster/larissa-roldan/20877,,108
UC Davis,2026,,Elle Louise Kocmond,13,,,,,,,https://ucdavisaggies.com/sports/field-hockey/roster/elle-louise-kocmond/20872,,108
UC Davis,2026,,Linnea Liljenstrand-Mjoen,14,,,,,,,https://ucdavisaggies.com/sports/field-hockey/roster/linnea-liljenstrand-mjoen/20873,,108
UC Davis,2026,,Tristen Stanimir,15,,,,,,,https://ucdavisaggies.com/sports/field-hockey/roster/tristen-stanimir/20890,,108
UC Davis,2026,,Jamie Dempsey,17,,,,,,,https://ucdavisaggies.com/sports/field-hockey/roster/jamie-dempsey/20867,,108
UC Davis,2026,,Cosi Karleski,20,,,,,,,https://ucdavisaggies.com/sports/field-hockey/roster/cosi-karleski/20870,,108
UC Davis,2026,,Clara Bruns,21,,,,,,,https://ucdavisaggies.com/sports/field-hockey/roster/clara-bruns/20892,,108
UC Davis,2026,,Clare Torres,23,,,,,,,https://ucdavisaggies.com/sports/field-hockey/roster/clare-torres/20878,,108
UC Davis,2026,,Catalina Stefanich,28,,,,,,,https://ucdavisaggies.com/sports/field-hockey/roster/catalina-stefanich/20888,,108
UC Davis,2026,,Addy Collingwood,34,,,,,,,https://ucdavisaggies.com/sports/field-hockey/roster/addy-collingwood/20866,,108
UConn,2026,,Natalie McKenna,1,GK,,,"Northport, NY",,Northport High School,https://uconnhuskies.com/sports/field-hockey/roster/natalie-mckenna/15976,Senior,164
UConn,2026,,Maya Everett,2,M,,,"Arnold, Maryland",,University of Maryland,https://uconnhuskies.com/sports/field-hockey/roster/maya-everett/15980,Senior,164
UConn,2026,,Addison Infante,3,D,,,"Glastonbury, CT",,Glastonbury High School,https://uconnhuskies.com/sports/field-hockey/roster/addison-infante/15972,Sophomore,164
UConn,2026,,Marlijn Swaan,4,D,,,"Hilversum, Netherlands",,University of New Hampshire,https://uconnhuskies.com/sports/field-hockey/roster/marlijn-swaan/15981,Freshman,164
UConn,2026,,Faith Everett,5,F,,,"Arnold, Maryland",,University of Maryland,https://uconnhuskies.com/sports/field-hockey/roster/faith-everett/15982,Sophomore,164
UConn,2026,,Paige Keller,6,M,,,"Pipersville, PA",,Central Bucks East High School,https://uconnhuskies.com/sports/field-hockey/roster/paige-keller/15973,Junior,164
UConn,2026,,Olivia McKenna,7,M,,,"Northport, NY",,Northport High School,https://uconnhuskies.com/sports/field-hockey/roster/olivia-mckenna/15977,Senior,164
UConn,2026,,Olivia Machiavelli,8,M,,,"Madrid, Spain",,Rider University,https://uconnhuskies.com/sports/field-hockey/roster/olivia-machiavelli/15975,Junior,164
UConn,2026,,Fien Hollander,10,D,,,"Zwolle, Netherlands",,HC-Zolle,https://uconnhuskies.com/sports/field-hockey/roster/fien-hollander/15971,Junior,164
UConn,2026,,Milou Heuker,11,D,,,"Hilversum, Netherlands",,Laren Club,https://uconnhuskies.com/sports/field-hockey/roster/milou-heuker/15970,Junior,164
UConn,2026,,Paloma Lopez-Parada,12,F,,,Argentina,,,https://uconnhuskies.com/sports/field-hockey/roster/paloma-lopezparada/15961,Freshman,164
UConn,2026,,Sydney Moritz,13,D,,,"Stroudsburg, Pa.",,Stroudsburg High School,https://uconnhuskies.com/sports/field-hockey/roster/sydney-moritz/15978,Sophomore,164
UConn,2026,,AJ Eyre,14,M,,,"Glenelg,Maryland",,,https://uconnhuskies.com/sports/field-hockey/roster/aj-eyre/15967,Junior,164
UConn,2026,,Rocio Heintze,17,M,,,Argentina,,,https://uconnhuskies.com/sports/field-hockey/roster/rocio-heintze/15969,Freshman,164
UConn,2026,,Olivia Donahue,18,M,,,"Belmont, Ma.",,The Pingree School,https://uconnhuskies.com/sports/field-hockey/roster/olivia-donahue/15964,Senior,164
UConn,2026,,Emma Larit,19,F,,,"Staples, Connecticut",,Staples High School,https://uconnhuskies.com/sports/field-hockey/roster/emma-larit/15974,Sophomore,164
UConn,2026,,Mackenzie Clarke,20,M,,,"Belmont, Ma.",,,https://uconnhuskies.com/sports/field-hockey/roster/mackenzie-clarke/15983,Freshman,164
UConn,2026,,Keet Castelijn,21,M,,,Netherlands,,AmsterdamHC,https://uconnhuskies.com/sports/field-hockey/roster/keet-castelijn/15962,Sophomore,164
UConn,2026,,Abby Davidson,22,F,,,"Medford, New Jersey",,Shawnee High School,https://uconnhuskies.com/sports/field-hockey/roster/abby-davidson/15963,Sophomore,164
UConn,2026,,Mae Dixon,24,D,,,"Virginia Beach, Virginia",,,https://uconnhuskies.com/sports/field-hockey/roster/mae-dixon/15984,Freshman,164
UConn,2026,,Lena Reiche,25,M,,,"Frankfurt, Germany",,,https://uconnhuskies.com/sports/field-hockey/roster/lena-reiche/15985,Freshman,164
UConn,2026,,Charlotte Ritter,26,M,,,"Dusseldorf, Germany",,,https://uconnhuskies.com/sports/field-hockey/roster/charlotte-ritter/15986,Freshman,164
UConn,2026,,Lucy Ziche,30,F,,,"Dusseldorf, Germany",,,https://uconnhuskies.com/sports/field-hockey/roster/lucy-ziche/15987,Freshman,164
UConn,2026,,Ellie Goldstein,31,F,,,"West Hartford, Connecticut",,,https://uconnhuskies.com/sports/field-hockey/roster/ellie-goldstein/15968,Junior,164
UConn,2026,,Catie Connolly,42,GK,,,"Malvern, Pennsylvania",,,https://uconnhuskies.com/sports/field-hockey/roster/catie-connolly/15988,Freshman,164
UConn,2026,,Caeleigh Schuster,66,GK,,,"East Hampton, New York",,,https://uconnhuskies.com/sports/field-hockey/roster/caeleigh-schuster/15989,Freshman,164
UMass Lowell,2026,,Christina Wagner,1,M,5' 5'',,"Cicero, N.Y.",,Cicero – North Syracuse,https://goriverhawks.com/sports/field-hockey/roster/christina-wagner/10316,Senior,368
UMass Lowell,2026,,Sophia Setouhi,2,F,5' 6'',,"Watertown, Mass.",,Watertown High,https://goriverhawks.com/sports/field-hockey/roster/sophia-setouhi/10335,Freshman,368
UMass Lowell,2026,,Karli Penrod,3,F,5' 3'',,"Seaford, Del.",,Sussex Technical,https://goriverhawks.com/sports/field-hockey/roster/karli-penrod/10311,Senior,368
UMass Lowell,2026,,Florine Gerrits,4,M,5' 3'',,"Amstelveen, Netherlands",,Keizer Karel College,https://goriverhawks.com/sports/field-hockey/roster/florine-gerrits/10303,Senior,368
UMass Lowell,2026,,Lindsey McGurl,5,F,5' 1'',,"Holden, Mass.",,Wachusett Regional,https://goriverhawks.com/sports/field-hockey/roster/lindsey-mcgurl/10309,Junior,368
UMass Lowell,2026,,Rena Pistilli,6,D,5' 6'',,"Lambaré, Paraguay",,Nazaret Private School,https://goriverhawks.com/sports/field-hockey/roster/rena-pistilli/10312,Sophomore,368
UMass Lowell,2026,,Madison Leeper,8,F,4' 11'',,"East Amherst, N.Y.",,Sussex Academy,https://goriverhawks.com/sports/field-hockey/roster/madison-leeper/10354,Graduate,368
UMass Lowell,2026,,Ella Sluder,9,F,5' 7'',,"Allentown, N.J.",,Allentown High,https://goriverhawks.com/sports/field-hockey/roster/ella-sluder/10338,Freshman,368
UMass Lowell,2026,,Helena Herlocher,10,M,5' 7'',,"State College, Pennsylvania",,State College Area,https://goriverhawks.com/sports/field-hockey/roster/helena-herlocher/10306,Sophomore,368
UMass Lowell,2026,,Frederique van den Dungen,11,D,5' 4'',,Rosmalen,,Sint-Janslyceum,https://goriverhawks.com/sports/field-hockey/roster/frederique-van-den-dungen/10325,Sophomore,368
UMass Lowell,2026,,Alexa Guarneri,12,F,5' 5'',,"Hockessin, Delaware",,The Charter School of Wilmington,https://goriverhawks.com/sports/field-hockey/roster/alexa-guarneri/10304,Sophomore,368
UMass Lowell,2026,,Brynn Somers,13,D,5' 5'',,"Berlin, N.J.",,Eastern Regional,https://goriverhawks.com/sports/field-hockey/roster/brynn-somers/10314,Sophomore,368
UMass Lowell,2026,,Shaye Lastella,15,M,5' 4'',,"Livingston, N.J.",,Livingston High,https://goriverhawks.com/sports/field-hockey/roster/shaye-lastella/10336,Freshman,368
UMass Lowell,2026,,Kendal Leeland,16,D,5' 8'',,"Towson, Md.",,Notre Dame Prep,https://goriverhawks.com/sports/field-hockey/roster/kendal-leeland/10337,Freshman,368
UMass Lowell,2026,,Sophie Han,17,M,5' 6'',,"Moorpark, Calif.",,Moorpark High,https://goriverhawks.com/sports/field-hockey/roster/sophie-han/10339,Freshman,368
UMass Lowell,2026,,Alice Van Hemelen,18,M,5' 11'',,"Tervuren, Belgium",,De l’autre côté de l’école,https://goriverhawks.com/sports/field-hockey/roster/alice-van-hemelen/10315,Senior,368
UMass Lowell,2026,,Audrey Carter,19,M,5' 6'',,"Dover, N.H.",,Dover,https://goriverhawks.com/sports/field-hockey/roster/audrey-carter/10301,Junior,368
UMass Lowell,2026,,Holly Beckinsale,20,M,5' 5'',,"Newtownabbey, Northern Ireland",,Belfast,https://goriverhawks.com/sports/field-hockey/roster/holly-beckinsale/10300,Sophomore,368
UMass Lowell,2026,,Mae Kemps,21,M,5' 2'',,"Vught, Netherlands",,Maurick College,https://goriverhawks.com/sports/field-hockey/roster/mae-kemps/10340,Freshman,368
UMass Lowell,2026,,Kaleigh McGurl,22,M,5' 1'',,"Holden, Mass.",,Wachusett Regional,https://goriverhawks.com/sports/field-hockey/roster/kaleigh-mcgurl/10308,Junior,368
UMass Lowell,2026,,Jaedyn Scarlatos,23,D,5' 3'',,"South Setauket, N.Y.",,The Hill School,https://goriverhawks.com/sports/field-hockey/roster/jaedyn-scarlatos/10313,Junior,368
UMass Lowell,2026,,Haley Wernig,24,F,5' 5'',,"Franklin, Mass.",,Franklin,https://goriverhawks.com/sports/field-hockey/roster/haley-wernig/10317,Sophomore,368
UMass Lowell,2026,,Kathryn Guertin,30,F,5' 4'',,"Holden, Mass.",,Wachusett Regional,https://goriverhawks.com/sports/field-hockey/roster/kathryn-guertin/10305,Senior,368
UMass Lowell,2026,,Veerle Mous,33,GK,5' 9'',,"Breda, Netherlands",,De Nassau,https://goriverhawks.com/sports/field-hockey/roster/veerle-mous/10310,Sophomore,368
UMass Lowell,2026,,Kat Staruski,77,GK,,,"Foxboro, Mass.",,Foxboro High,https://goriverhawks.com/sports/field-hockey/roster/kat-staruski/10341,Freshman,368
UMass Lowell,2026,,Megan MacMiller,99,GK,5' 4'',,"Tarzana, Calif.",,Chaminade College Preparatory,https://goriverhawks.com/sports/field-hockey/roster/megan-macmiller/10307,Sophomore,368
VCU,2026,,Claire Bieber,1,,,,,,,https://vcuathletics.com/sports/field-hockey/roster/claire-bieber/6985,,740
VCU,2026,,Callie Dieffenbacher,2,,,,,,,https://vcuathletics.com/sports/field-hockey/roster/callie-dieffenbacher/6991,,740
VCU,2026,,Maddie Cornwell,3,,,,,,,https://vcuathletics.com/sports/field-hockey/roster/maddie-cornwell/6989,,740
VCU,2026,,Genevieve Webb,4,,,,,,,https://vcuathletics.com/sports/field-hockey/roster/genevieve-webb/6999,,740
VCU,2026,,Cameron Butler,5,,,,,,,https://vcuathletics.com/sports/field-hockey/roster/cameron-butler/6986,,740
VCU,2026,,Mackenzie White,6,,,,,,,https://vcuathletics.com/sports/field-hockey/roster/mackenzie-white/7000,,740
VCU,2026,,Zoe Cabrera,7,,,,,,,https://vcuathletics.com/sports/field-hockey/roster/zoe-cabrera/6987,,740
VCU,2026,,Manuela Secondo,8,,,,,,,https://vcuathletics.com/sports/field-hockey/roster/manuela-secondo/6996,,740
VCU,2026,,Amelia Wagner,9,,,,,,,https://vcuathletics.com/sports/field-hockey/roster/amelia-wagner/6998,,740
VCU,2026,,Lina Behrmann,10,,,,,,,https://vcuathletics.com/sports/field-hockey/roster/lina-behrmann/6984,,740
VCU,2026,,Angelina Gandos,11,,,,,,,https://vcuathletics.com/sports/field-hockey/roster/angelina-gandos/6995,,740
VCU,2026,,Josefina Ventimiglia,12,,,,,,,https://vcuathletics.com/sports/field-hockey/roster/josefina-ventimiglia/6997,,740
VCU,2026,,Emily Föerster,14,,,,,,,https://vcuathletics.com/sports/field-hockey/roster/emily-f-erster/6994,,740
VCU,2026,,Ashley Doyle,15,,,,,,,https://vcuathletics.com/sports/field-hockey/roster/ashley-doyle/6992,,740
VCU,2026,,Carley Deaver,17,,,,,,,https://vcuathletics.com/sports/field-hockey/roster/carley-deaver/6990,,740
VCU,2026,,Lucia Donati,18,,,,,,,https://vcuathletics.com/sports/field-hockey/roster/lucia-donati/7594,,740
VCU,2026,,Hannah Zimmerman,19,,,,,,,https://vcuathletics.com/sports/field-hockey/roster/hannah-zimmerman/7001,,740
VCU,2026,,Martina Quintana Yugdar,20,,,,,,,https://vcuathletics.com/sports/field-hockey/roster/martina-quintana-yugdar/7595,,740
VCU,2026,,Kendal Cusack,21,,,,,,,https://vcuathletics.com/sports/field-hockey/roster/kendal-cusack/7596,,740
VCU,2026,,Ana Afonso Osorio,22,,,,,,,https://vcuathletics.com/sports/field-hockey/roster/ana-afonso-osorio/6982,,740
VCU,2026,,Izzle Kitzmiller,26,,,,,,,https://vcuathletics.com/sports/field-hockey/roster/izzle-kitzmiller/7597,,740
VCU,2026,,Julia Spohr,27,,,,,,,https://vcuathletics.com/sports/field-hockey/roster/julia-spohr/7598,,740
VCU,2026,,Abby Carley,40,,,,,,,https://vcuathletics.com/sports/field-hockey/roster/abby-carley/7599,,740
VCU,2026,,Emma Clements,70,,,,,,,https://vcuathletics.com/sports/field-hockey/roster/emma-clements/6988,,740
VCU,2026,,Tatum Anderson,80,,,,,,,https://vcuathletics.com/sports/field-hockey/roster/tatum-anderson/6983,,740
Vermont,2026,,Anyia Woods,2,,,,,,,https://uvmathletics.com/sports/field-hockey/roster/anyia-woods/12375,,738
Vermont,2026,,Ava Peters,3,,,,,,,https://uvmathletics.com/sports/field-hockey/roster/ava-peters/12385,,738
Vermont,2026,,Gloria Allen,4,,,,,,,https://uvmathletics.com/sports/field-hockey/roster/gloria-allen/12343,,738
Vermont,2026,,Isi McMahon,5,,,,,,,https://uvmathletics.com/sports/field-hockey/roster/isi-mcmahon/12352,,738
Vermont,2026,,Fiona McMahon,6,,,,,,,https://uvmathletics.com/sports/field-hockey/roster/fiona-mcmahon/12367,,738
Vermont,2026,,Lara Cleophas,7,,,,,,,https://uvmathletics.com/sports/field-hockey/roster/lara-cleophas/12363,,738
Vermont,2026,,Emily Weaver,9,,,,,,,https://uvmathletics.com/sports/field-hockey/roster/emily-weaver/12356,,738
Vermont,2026,,Gabby Santini,10,,,,,,,https://uvmathletics.com/sports/field-hockey/roster/gabby-santini/12371,,738
Vermont,2026,,Alicia Battistelli,11,,,,,,,https://uvmathletics.com/sports/field-hockey/roster/alicia-battistelli/12360,,738
Vermont,2026,,Veerle Nijhuis,12,,,,,,,https://uvmathletics.com/sports/field-hockey/roster/veerle-nijhuis/12354,,738
Vermont,2026,,Abby Wilber,13,,,,,,,https://uvmathletics.com/sports/field-hockey/roster/abby-wilber/12358,,738
Vermont,2026,,Isabel Schollema,16,,,,,,,https://uvmathletics.com/sports/field-hockey/roster/isabel-schollema/12379,,738
Vermont,2026,,Emily Enden,17,,,,,,,https://uvmathletics.com/sports/field-hockey/roster/emily-enden/12378,,738
Vermont,2026,,MaKenna Baessler,18,,,,,,,https://uvmathletics.com/sports/field-hockey/roster/makenna-baessler/12380,,738
Vermont,2026,,Maddy Weaver,19,,,,,,,https://uvmathletics.com/sports/field-hockey/roster/maddy-weaver/12373,,738
Vermont,2026,,Addie DelOrefice,20,,,,,,,https://uvmathletics.com/sports/field-hockey/roster/addie-delorefice/12365,,738
Vermont,2026,,Consu de Castro,21,,,,,,,https://uvmathletics.com/sports/field-hockey/roster/consu-de-castro/12348,,738
Vermont,2026,,Klara Mikulaskova,23,,,,,,,https://uvmathletics.com/sports/field-hockey/roster/klara-mikulaskova/12369,,738
Vermont,2026,,Avery Forfa,24,,,,,,,https://uvmathletics.com/sports/field-hockey/roster/avery-forfa/12382,,738
Vermont,2026,,Charlotte Mouson,25,,,,,,,https://uvmathletics.com/sports/field-hockey/roster/charlotte-mouson/12383,,738
Vermont,2026,,Jaime Lewis,26,,,,,,,https://uvmathletics.com/sports/field-hockey/roster/jaime-lewis/12376,,738
Vermont,2026,,Natalie Morgan,28,,,,,,,https://uvmathletics.com/sports/field-hockey/roster/natalie-morgan/12377,,738
Vermont,2026,,Milou Nijveldt,33,,,,,,,https://uvmathletics.com/sports/field-hockey/roster/milou-nijveldt/12381,,738
Vermont,2026,,Ila Gunner,35,,,,,,,https://uvmathletics.com/sports/field-hockey/roster/ila-gunner/12350,,738
Vermont,2026,,Joelle Cameron,37,,,,,,,https://uvmathletics.com/sports/field-hockey/roster/joelle-cameron/12384,,738
Villanova,2026,,Ava Borkowski,1,F,,,"Conshohocken, Pa.",Plymouth Whitemarsh,,https://villanova.com/sports/field-hockey/roster/ava-borkowski/16259,Graduate,739
Villanova,2026,,Jane Bresnahan,3,M,,,"Newton, Mass.",Newton Country Day School,,https://villanova.com/sports/field-hockey/roster/jane-bresnahan/16261,Senior,739
Villanova,2026,,Paige Pehrkon,4,M,,,"Vienna, Va.",George C. Marshall,,https://villanova.com/sports/field-hockey/roster/paige-pehrkon/16277,Freshman,739
Villanova,2026,,Claire Cognetti,5,M,,,"Bryn Mawr, Pa.",Harriton,,https://villanova.com/sports/field-hockey/roster/claire-cognetti/16278,Freshman,739
Villanova,2026,,Sophie Wenk,6,D,,,"Northbrook, Ill.",Glenbrook North,,https://villanova.com/sports/field-hockey/roster/sophie-wenk/16275,Freshman,739
Villanova,2026,,Maeve Boston,7,M,,,"Broomall, Pa.",Cardinal O'Hara,,https://villanova.com/sports/field-hockey/roster/maeve-boston/16260,Senior,739
Villanova,2026,,Addie Froehlich,8,D,,,"Virginia Beach, Va.",Frank W. Cox,,https://villanova.com/sports/field-hockey/roster/addie-froehlich/16264,Senior,739
Villanova,2026,,Esmee de Lange,9,M,,,"Maarssen, The Netherlands",Christelijk Gymnasium Utrecht,,https://villanova.com/sports/field-hockey/roster/esmee-de-lange/16262,Junior,739
Villanova,2026,,Aimee Largoza,10,F,,,"Downingtown, Pa.",Downingtown S.T.E.M. Academy,,https://villanova.com/sports/field-hockey/roster/aimee-largoza/16265,Sophomore,739
Villanova,2026,,Shannon Arber,11,M,,,"Upper Saddle River, N.J.",Northern Highlands Regional,,https://villanova.com/sports/field-hockey/roster/shannon-arber/16258,Sophomore,739
Villanova,2026,,Evangeline Minnella,12,M,,,"North Caldwell, N.J.",West Essex High School,,https://villanova.com/sports/field-hockey/roster/evangeline-minnella/16267,Junior,739
Villanova,2026,,Avery Ritt,13,M,,,"Stewartsville, N.J.",Phllipsburg High School,,https://villanova.com/sports/field-hockey/roster/avery-ritt/16269,Junior,739
Villanova,2026,,Adie Minnella,16,F,,,"North Caldwell, N.J.",West Essex Regional,,https://villanova.com/sports/field-hockey/roster/adie-minnella/16276,Freshman,739
Villanova,2026,,Molly Zimmerman,17,D,,,"Landisburg, Pa.",West Perry High School,,https://villanova.com/sports/field-hockey/roster/molly-zimmerman/16274,Junior,739
Villanova,2026,,Anne Stiska,19,M,,,"Short Hills, N.J.",Millburn,,https://villanova.com/sports/field-hockey/roster/anne-stiska/16279,Freshman,739
Villanova,2026,,Emma Foscarini,20,M,,,"Bethesda, Md.",Walt Whitman,,https://villanova.com/sports/field-hockey/roster/emma-foscarini/16280,Freshman,739
Villanova,2026,,Kate Soldan,21,M,,,"Ann Arbor, Mich.",Pioneer,,https://villanova.com/sports/field-hockey/roster/kate-soldan/16271,Senior,739
Villanova,2026,,Gemma Lysaght,22,D,,,"Christchurch, New Zealand",Villa Maria College,,https://villanova.com/sports/field-hockey/roster/gemma-lysaght/16266,Senior,739
Villanova,2026,,Katharina Balks,24,M,,,"Berlin, Germany",Sportschule im Olympiapark,,https://villanova.com/sports/field-hockey/roster/katharina-balks/16281,Freshman,739
Villanova,2026,,Allysen Whitehead,25,M,,,"Danbury, Conn.",Westminster School,,https://villanova.com/sports/field-hockey/roster/allysen-whitehead/16273,Sophomore,739
Villanova,2026,,Erin Mitchell,26,M,,,"Villanova, Pa.",Villa Maria Academy,,https://villanova.com/sports/field-hockey/roster/erin-mitchell/16268,Sophomore,739
Villanova,2026,,Colleen Finnan,32,F,,,"Mullica Hill, N.J.",Kingsway,,https://villanova.com/sports/field-hockey/roster/colleen-finnan/16263,Senior,739
Villanova,2026,,Maddi Sears,35,GK,,,"Avondale, Pa.",Kennett,,https://villanova.com/sports/field-hockey/roster/maddi-sears/16270,Senior,739
Villanova,2026,,Famke Poolman,39,GK,,,"Amstelveen, The Netherlands",Keizer Karel College,,https://villanova.com/sports/field-hockey/roster/famke-poolman/16422,Freshman,739
Villanova,2026,,Carey Werley,44,D,,,"West Chester, Pa.",West Chester East,,https://villanova.com/sports/field-hockey/roster/carey-werley/16421,Senior,739
Virginia,2026,,Ria Chhina,1,D,5′5″,,"Chantilly, Va.",Riverside High,,https://virginiasports.com/sports/fhockey/roster/player/ria-chhina,Senior,746
Virginia,2026,,Mia Abello,2,D,5′6″,,"Houston, Texas",The Kinkaid School,,https://virginiasports.com/sports/fhockey/roster/player/mia-abello,Senior,746
Virginia,2026,,Riley Savage,3,F,5′5″,,Charlotte. N.C.,The Hill School (Pa.),,https://virginiasports.com/sports/fhockey/roster/player/riley-savage,Sophomore,746
Virginia,2026,,Caroline Raynes,4,M,5′5″,,"Houston, Texas",The Kinkaid School,,https://virginiasports.com/sports/fhockey/roster/player/caroline-raynes,Sophomore,746
Virginia,2026,,Catalina Quinteros,5,F,5′5″,,"Miami, Fla.",Coral Gables Senior High,,https://virginiasports.com/sports/fhockey/roster/player/catalina-quinteros,Junior,746
Virginia,2026,,Caitlin Connell,6,F,5′7″,,"Paoli, PA",Villa Maria Academy High School,,https://virginiasports.com/sports/fhockey/roster/player/caitlin-connell,Freshman,746
Virginia,2026,,Lauren Sloan,7,D,5′7″,,"Louisville, Ky.",Christian Academy of Louisville,,https://virginiasports.com/sports/fhockey/roster/player/lauren-sloan,Sophomore,746
Virginia,2026,,Katy Chapman,8,M,5′6″,,"St. Louis, MO",John Burroughs School,,https://virginiasports.com/sports/fhockey/roster/player/katy-chapman,Freshman,746
Virginia,2026,,Bella Moore,9,M,5′4″,,"Southampton, N.J.",Camden Catholic,,https://virginiasports.com/sports/fhockey/roster/player/bella-moore,Sophomore,746
Virginia,2026,,Amelie Rees,10,M,5′6″,,"London, England",Wimbledon High School,,https://virginiasports.com/sports/fhockey/roster/player/amelie-rees,Junior,746
Virginia,2026,,Rylee Dennis,11,M,5′3″,,"Chester Springs,Pa.",Downingtown East High,,https://virginiasports.com/sports/fhockey/roster/player/rylee-dennis,Sophomore,746
Virginia,2026,,Charly Nemec,12,D,5′4″,,"Darien, Conn.",Sacred Heart Greenwich,,https://virginiasports.com/sports/fhockey/roster/player/charly-nemec,Sophomore,746
Virginia,2026,,Gracey Crawford,15,M,5′9″,,"Houston, TX",St. John's School,,https://virginiasports.com/sports/fhockey/roster/player/gracey-crawford,Freshman,746
Virginia,2026,,Mary Adams,16,M,5′7″,,"Andover, Mass.",Brooks School,,https://virginiasports.com/sports/fhockey/roster/player/mary-adams,Sophomore,746
Virginia,2026,,Cassidy Thibodeau,17,D,5′3″,,"Marblehead, Mass.",Groton School,North Carolina,https://virginiasports.com/sports/fhockey/roster/player/cassidy-thibodeau,Graduate,746
Virginia,2026,,Kate Logsdon,19,F,5′7″,,"St. Louis, MO",John Burroughs School,,https://virginiasports.com/sports/fhockey/roster/player/kate-logsdon,Freshman,746
Virginia,2026,,Nilou Lempers,20,GK,5′8″,,"Amsterdam, Netherlands",Geert Groote College,,https://virginiasports.com/sports/fhockey/roster/player/nilou-lempers,Senior,746
Virginia,2026,,Emerson Ross,21,D,5′9″,,"Baltimore, MD",Notre Dame Preparatory,,https://virginiasports.com/sports/fhockey/roster/player/emerson-ross,Freshman,746
Virginia,2026,,Emily Eaton,22,D,5′5″,,"Charlotte, N.C.",Covenant Day School,Louisville,https://virginiasports.com/sports/fhockey/roster/player/emily-eaton,Junior,746
Virginia,2026,,Emma Watchilla,23,F,5′5″,,"Kingston, Pa.",Wyoming Seminary,,https://virginiasports.com/sports/fhockey/roster/player/emma-watchilla,Senior,746
Virginia,2026,,Emma Giesting,24,GK,5′4″,,"San Diego, Calif.",University City HS,UC Davis,https://virginiasports.com/sports/fhockey/roster/player/emma-giesting,Senior,746
Virginia,2026,,Livvy Barker,26,F,5′7″,,"Auckland, New Zealand",Diocesan School for Girls,,https://virginiasports.com/sports/fhockey/roster/player/livvy-barker,Freshman,746
Virginia,2026,,Marisa Fahning,28,M,5′2″,,"Hamburg, Germany",Eliteschule des Sports Alter Teichweg,,https://virginiasports.com/sports/fhockey/roster/player/marisa-fahning,Freshman,746
Virginia,2026,,Soren Kipphut,97,GK,5′7″,,"Swedesboro, N.J.",Kingsway Regional High School,,https://virginiasports.com/sports/fhockey/roster/player/soren-kipphut,Sophomore,746
Wagner,2026,,Erika Parker,1,,,,,,,https://wagnerathletics.com/sports/field-hockey/roster/erika-parker/18774,,748
Wagner,2026,,Claire Evans,2,,,,,,,https://wagnerathletics.com/sports/field-hockey/roster/claire-evans/18764,,748
Wagner,2026,,Mylee Retherford,3,,,,,,,https://wagnerathletics.com/sports/field-hockey/roster/mylee-retherford/18786,,748
Wagner,2026,,Floortje Leunisse,4,,,,,,,https://wagnerathletics.com/sports/field-hockey/roster/floortje-leunisse/18771,,748
Wagner,2026,,Juliana Gonzales,5,,,,,,,https://wagnerathletics.com/sports/field-hockey/roster/juliana-gonzales/18766,,748
Wagner,2026,,Victoria Bruno,6,,,,,,,https://wagnerathletics.com/sports/field-hockey/roster/victoria-bruno/18759,,748
Wagner,2026,,Cecilia Clark,7,,,,,,,https://wagnerathletics.com/sports/field-hockey/roster/cecilia-clark/18761,,748
Wagner,2026,,Ainsley Flynn,8,,,,,,,https://wagnerathletics.com/sports/field-hockey/roster/ainsley-flynn/18793,,748
Wagner,2026,,Callie Davis,10,,,,,,,https://wagnerathletics.com/sports/field-hockey/roster/callie-davis/18789,,748
Wagner,2026,,Gabrielle Childs,11,,,,,,,https://wagnerathletics.com/sports/field-hockey/roster/gabrielle-childs/18788,,748
Wagner,2026,,Riahna Pollard,12,,,,,,,https://wagnerathletics.com/sports/field-hockey/roster/riahna-pollard/18775,,748
Wagner,2026,,Lauren Frye,13,,,,,,,https://wagnerathletics.com/sports/field-hockey/roster/lauren-frye/18765,,748
Wagner,2026,,Florien Ferreira,14,,,,,,,https://wagnerathletics.com/sports/field-hockey/roster/florien-ferreira/18790,,748
Wagner,2026,,Felicitas Herrero-Martel,15,,,,,,,https://wagnerathletics.com/sports/field-hockey/roster/felicitas-herrero-martel/18769,,748
Wagner,2026,,Aliya Hassett,16,,,,,,,https://wagnerathletics.com/sports/field-hockey/roster/aliya-hassett/18783,,748
Wagner,2026,,Romy Matthies,17,,,,,,,https://wagnerathletics.com/sports/field-hockey/roster/romy-matthies/18772,,748
Wagner,2026,,Amelia Gonzalez,18,,,,,,,https://wagnerathletics.com/sports/field-hockey/roster/amelia-gonzalez/18767,,748
Wagner,2026,,Kayla Sykes,19,,,,,,,https://wagnerathletics.com/sports/field-hockey/roster/kayla-sykes/18778,,748
Wagner,2026,,Ava DePietro,20,,,,,,,https://wagnerathletics.com/sports/field-hockey/roster/ava-depietro/18763,,748
Wagner,2026,,Julia Wagner,22,,,,,,,https://wagnerathletics.com/sports/field-hockey/roster/julia-wagner/18781,,748
Wagner,2026,,Natalie McGivern,24,,,,,,,https://wagnerathletics.com/sports/field-hockey/roster/natalie-mcgivern/18773,,748
Wagner,2026,,Victoria Gonzalez-Lopez,25,,,,,,,https://wagnerathletics.com/sports/field-hockey/roster/victoria-gonzalez-lopez/18768,,748
Wagner,2026,,Emma Petersen,32,,,,,,,https://wagnerathletics.com/sports/field-hockey/roster/emma-petersen/18782,,748
Wagner,2026,,Kara Kim,34,,,,,,,https://wagnerathletics.com/sports/field-hockey/roster/kara-kim/18787,,748
Wagner,2026,,Julia de Leeuw,35,,,,,,,https://wagnerathletics.com/sports/field-hockey/roster/julia-de-leeuw/18762,,748
Wagner,2026,,Mia DiGenova,44,,,,,,,https://wagnerathletics.com/sports/field-hockey/roster/mia-digenova/18791,,748
Wagner,2026,,Miley Brezgel,66,,,,,,,https://wagnerathletics.com/sports/field-hockey/roster/miley-brezgel/18784,,748
Wagner,2026,,Erin Maher,99,,,,,,,https://wagnerathletics.com/sports/field-hockey/roster/erin-maher/18792,,748
Wake Forest,2026,,Morgan Lala,0,GK,5' 7'',,"Crestwood, Ky.",,Christian Academy of Louisville,https://godeacs.com/sports/field-hockey/roster/morgan-lala/9392,Freshman,749
Wake Forest,2026,,Ruby Butterfield,1,GK,5' 6'',,"Malmesbury, England",,Marlborough College,https://godeacs.com/sports/field-hockey/roster/ruby-butterfield/9368,Sophomore,749
Wake Forest,2026,,Brenna Campagna,2,D,5' 6'',,"Lancaster, Penn.",,Manheim Township,https://godeacs.com/sports/field-hockey/roster/brenna-campagna/9369,Junior,749
Wake Forest,2026,,Sarah Grace Raynes,3,D,5' 3'',,"Houston, Texas",,The Kinkaid School,https://godeacs.com/sports/field-hockey/roster/sarah-grace-raynes/9382,Senior,749
Wake Forest,2026,,Bianca Rees-Gibbs,4,F,5' 1'',,"Bloemfontein, South Africa",,Eunice HS,https://godeacs.com/sports/field-hockey/roster/bianca-reesgibbs/9393,Freshman,749
Wake Forest,2026,,Vera Kelly,6,M,5' 7'',,"Louisville, Ky.",,Sacred Heart Academy,https://godeacs.com/sports/field-hockey/roster/vera-kelly/9387,Freshman,749
Wake Forest,2026,,Georgia Pollock,7,M,5' 9'',,"Durban, South Africa",,St Mary's DSG Kloof,https://godeacs.com/sports/field-hockey/roster/georgia-pollock/9381,Sophomore,749
Wake Forest,2026,,Ava Moore,8,M,5' 1'',,"Southampton, N.J.",,Camden Catholic High School,https://godeacs.com/sports/field-hockey/roster/ava-moore/9378,Senior,749
Wake Forest,2026,,Faye Janse,10,F,5' 9'',,"The Hague, Netherlands",,,https://godeacs.com/sports/field-hockey/roster/faye-janse/9373,Senior,749
Wake Forest,2026,,Amelia Blood,11,D,5' 3'',,"Uxbridge, Mass.",,Uxbridge HS,https://godeacs.com/sports/field-hockey/roster/amelia-blood/9389,Freshman,749
Wake Forest,2026,,Sela Provenzano,12,F,5' 7'',,"Houston, Texas",,Episcopal High School of Bellaire,https://godeacs.com/sports/field-hockey/roster/sela-provenzano/9386,Freshman,749
Wake Forest,2026,,Lauren Storey,13,F,5' 6'',,"Auckland, New Zealand",,St. Cuthbert's College,https://godeacs.com/sports/field-hockey/roster/lauren-storey/9384,Junior,749
Wake Forest,2026,,Rory Heslin,14,F,5' 5'',,"Garden City, NY",,Garden City High School,https://godeacs.com/sports/field-hockey/roster/rory-heslin/9372,Senior,749
Wake Forest,2026,,Sarah Mudd,15,F,5' 10'',,"Highland, MD",,St. Paul's School for Girls,https://godeacs.com/sports/field-hockey/roster/sarah-mudd/9379,Junior,749
Wake Forest,2026,,Brooke Bettencourt,16,M,5' 8'',,"Virginia Beach, VA",,Norfolk Academy,https://godeacs.com/sports/field-hockey/roster/brooke-bettencourt/9367,Junior,749
Wake Forest,2026,,Cecilia Cowart,18,M,5' 3'',,"Montclair, N.J.",,Montclair HS,https://godeacs.com/sports/field-hockey/roster/cecilia-cowart/9391,Freshman,749
Wake Forest,2026,,Reabetswe Phume,19,D,5' 7'',,"Johannesburg, South Africa",,St. Stithians Girls' College,https://godeacs.com/sports/field-hockey/roster/reabetswe-phume/9380,Sophomore,749
Wake Forest,2026,,Lena Keller,20,M,5' 6'',,"Berlin, Germany",,Sportschule im Olympiapark – Poelchau-Schule,https://godeacs.com/sports/field-hockey/roster/lena-keller/9374,Junior,749
Wake Forest,2026,,Mia Montag,21,D,5' 7'',,"Berlin, Germany",,Sportschule im Olympiapark – Poelchau-Schule,https://godeacs.com/sports/field-hockey/roster/mia-montag/9377,Junior,749
Wake Forest,2026,,Olive Bodel,22,M,5' 7'',,"West Vancouver, B.C.",,Rockridge Secondary,https://godeacs.com/sports/field-hockey/roster/olive-bodel/9388,Freshman,749
Wake Forest,2026,,Mia Schoenbeck,23,M,5' 5'',,"LaGrange, Ky.",,Christian Academy of Louisville,https://godeacs.com/sports/field-hockey/roster/mia-schoenbeck/9383,Senior,749
Wake Forest,2026,,Georgia Leary,24,M,5' 8'',,"St. Louis, Mo.",,Villa Duchesne / Oak Hill School,https://godeacs.com/sports/field-hockey/roster/georgia-leary/9375,Senior,749
Wake Forest,2026,,Allie Campbell,25,D,5' 4'',,"Vancouver, British Columbia",,York House School,https://godeacs.com/sports/field-hockey/roster/allie-campbell/9370,Sophomore,749
Wake Forest,2026,,Logan Marthinus,26,F,5' 4'',,"Cape Town, South Africa",,Bloemhof High School,https://godeacs.com/sports/field-hockey/roster/logan-marthinus/9376,Sophomore,749
Wake Forest,2026,,Margot Leary,27,D,,,"St. Louis, Mo.",,Villa Duchesne,https://godeacs.com/sports/field-hockey/roster/margot-leary/9390,Freshman,749
Wake Forest,2026,,Florence Tuthill,28,M,5' 7'',,"Oxford, England",,Millfield School UK,https://godeacs.com/sports/field-hockey/roster/florence-tuthill/9385,Senior,749
Wake Forest,2026,,Caroline Grebe,34,GK,5' 4'',,"Fort Worth, Texas",,Fort Worth Country Day School,https://godeacs.com/sports/field-hockey/roster/caroline-grebe/9371,Redshirt Junior,749
William & Mary,2026,,Gia Zarro,2,,,,,,,https://tribeathletics.com/sports/field-hockey/roster/gia-zarro/19788,,786
William & Mary,2026,,Alivia Boatwright,3,,,,,,,https://tribeathletics.com/sports/field-hockey/roster/alivia-boatwright/19771,,786
William & Mary,2026,,Mackinzie Brown,4,,,,,,,https://tribeathletics.com/sports/field-hockey/roster/mackinzie-brown/19772,,786
William & Mary,2026,,Josie Mae Gruendel,5,,,,,,,https://tribeathletics.com/sports/field-hockey/roster/josie-mae-gruendel/19782,,786
William & Mary,2026,,Sophie Ermellini,6,,,,,,,https://tribeathletics.com/sports/field-hockey/roster/sophie-ermellini/19779,,786
William & Mary,2026,,Lily Johnson,7,,,,,,,https://tribeathletics.com/sports/field-hockey/roster/lily-johnson/19783,,786
William & Mary,2026,,Arden Mankovich,8,,,,,,,https://tribeathletics.com/sports/field-hockey/roster/arden-mankovich/19786,,786
William & Mary,2026,,Erma Grey Bailey,9,,,,,,,https://tribeathletics.com/sports/field-hockey/roster/erma-grey-bailey/19769,,786
William & Mary,2026,,Bridget Lawn,10,,,,,,,https://tribeathletics.com/sports/field-hockey/roster/bridget-lawn/19785,,786
William & Mary,2026,,Ava Rossman,12,,,,,,,https://tribeathletics.com/sports/field-hockey/roster/ava-rossman/19787,,786
William & Mary,2026,,Anya Green,13,,,,,,,https://tribeathletics.com/sports/field-hockey/roster/anya-green/19781,,786
William & Mary,2026,,Alora Chappell,14,,,,,,,https://tribeathletics.com/sports/field-hockey/roster/alora-chappell/19774,,786
William & Mary,2026,,Emilia Rubel,15,,,,,,,https://tribeathletics.com/sports/field-hockey/roster/emilia-rubel/19794,,786
William & Mary,2026,,Gracie Clawson,16,,,,,,,https://tribeathletics.com/sports/field-hockey/roster/gracie-clawson/19775,,786
William & Mary,2026,,Sam Daly,17,,,,,,,https://tribeathletics.com/sports/field-hockey/roster/sam-daly/19776,,786
William & Mary,2026,,Ellen Ford,18,,,,,,,https://tribeathletics.com/sports/field-hockey/roster/ellen-ford/19780,,786
William & Mary,2026,,Caitlin Wong,19,,,,,,,https://tribeathletics.com/sports/field-hockey/roster/caitlin-wong/19796,,786
William & Mary,2026,,Callia Uviedo,20,,,,,,,https://tribeathletics.com/sports/field-hockey/roster/callia-uviedo/19795,,786
William & Mary,2026,,Josette DeGour,21,,,,,,,https://tribeathletics.com/sports/field-hockey/roster/josette-degour/19778,,786
William & Mary,2026,,Darcy Kopsinis,22,,,,,,,https://tribeathletics.com/sports/field-hockey/roster/darcy-kopsinis/19784,,786
William & Mary,2026,,Hailey Haynes,23,,,,,,,https://tribeathletics.com/sports/field-hockey/roster/hailey-haynes/19789,,786
William & Mary,2026,,Kate Longo,24,,,,,,,https://tribeathletics.com/sports/field-hockey/roster/kate-longo/19792,,786
William & Mary,2026,,Hayden Haynes,25,,,,,,,https://tribeathletics.com/sports/field-hockey/roster/hayden-haynes/19790,,786
William & Mary,2026,,Emily Bell,26,,,,,,,https://tribeathletics.com/sports/field-hockey/roster/emily-bell/19770,,786
William & Mary,2026,,Lauren McManus,27,,,,,,,https://tribeathletics.com/sports/field-hockey/roster/lauren-mcmanus/19793,,786
William & Mary,2026,,Sam Legge,28,,,,,,,https://tribeathletics.com/sports/field-hockey/roster/sam-legge/19791,,786
William & Mary,2026,,Emma Cari,30,,,,,,,https://tribeathletics.com/sports/field-hockey/roster/emma-cari/19773,,786
William & Mary,2026,,Alexandra de Jesus,50,,,,,,,https://tribeathletics.com/sports/field-hockey/roster/alexandra-de-jesus/19777,,786
Yale,2026,,Lucy Pigg,00,,,,,,,https://yalebulldogs.com/sports/field-hockey/roster/lucy-pigg/22883,,813
Yale,2026,,Kaitlyn Chang,1,,,,,,,https://yalebulldogs.com/sports/field-hockey/roster/kaitlyn-chang/22583,,813
Yale,2026,,Lore Laniyan,3,,,,,,,https://yalebulldogs.com/sports/field-hockey/roster/lore-laniyan/22588,,813
Yale,2026,,Hettie Whittington,4,,,,,,,https://yalebulldogs.com/sports/field-hockey/roster/hettie-whittington/22596,,813
Yale,2026,,Maddie Leathem,5,,,,,,,https://yalebulldogs.com/sports/field-hockey/roster/maddie-leathem/22882,,813
Yale,2026,,Carys Isherwood,6,,,,,,,https://yalebulldogs.com/sports/field-hockey/roster/carys-isherwood/22587,,813
Yale,2026,,Chiara Picciafuoco,7,,,,,,,https://yalebulldogs.com/sports/field-hockey/roster/chiara-picciafuoco/22592,,813
Yale,2026,,Carys Donahoe,8,,,,,,,https://yalebulldogs.com/sports/field-hockey/roster/carys-donahoe/22586,,813
Yale,2026,,Victoria Collee,9,,,,,,,https://yalebulldogs.com/sports/field-hockey/roster/victoria-collee/22584,,813
Yale,2026,,Emma Ramsey,10,,,,,,,https://yalebulldogs.com/sports/field-hockey/roster/emma-ramsey/22593,,813
Yale,2026,,Tabs Collier,11,,,,,,,https://yalebulldogs.com/sports/field-hockey/roster/tabs-collier/22585,,813
Yale,2026,,Emilia Puddicombe,12,,,,,,,https://yalebulldogs.com/sports/field-hockey/roster/emilia-puddicombe/22884,,813
Yale,2026,,Issy Baileff,13,,,,,,,https://yalebulldogs.com/sports/field-hockey/roster/issy-baileff/22581,,813
Yale,2026,,Emma Mueller,15,,,,,,,https://yalebulldogs.com/sports/field-hockey/roster/emma-mueller/22590,,813
Yale,2026,,Sophie Buchowski,16,,,,,,,https://yalebulldogs.com/sports/field-hockey/roster/sophie-buchowski/22880,,813
Yale,2026,,Angelina Che,18,,,,,,,https://yalebulldogs.com/sports/field-hockey/roster/angelina-che/22881,,813
Yale,2026,,Ella Ou,19,,,,,,,https://yalebulldogs.com/sports/field-hockey/roster/ella-ou/22591,,813
Yale,2026,,Liza Semenenko,21,,,,,,,https://yalebulldogs.com/sports/field-hockey/roster/liza-semenenko/22885,,813
Yale,2026,,Gigi Caldero,28,,,,,,,https://yalebulldogs.com/sports/field-hockey/roster/gigi-caldero/22582,,813
Yale,2026,,Amelie Schwarzkopf,42,,,,,,,https://yalebulldogs.com/sports/field-hockey/roster/amelie-schwarzkopf/22594,,813
